id,aegis_name,name,type,sub_type,buy,sell,weight,attack,magic_attack,defense,range,slots,weapon_level,armor_level,equip_level_min,equip_level_max,refineable,jobs,classes,gender,locations,script,equip_script,unequip_script
1101,Sword,Sword,Weapon,1hSword,100,,500,25,0,0,1,3,1,,2,0,True,"Alchemist, Assassin, Blacksmith, Crusader, Knight, Merchant, Novice, Rogue, SuperNovice, Swordman, Thief",All,Both,Right_Hand,,,
1102,Sword_,Sword,Weapon,1hSword,100,,500,25,0,0,1,4,1,,2,0,True,"Alchemist, Assassin, Blacksmith, Crusader, Knight, Merchant, Novice, Rogue, SuperNovice, Swordman, Thief",All,Both,Right_Hand,,,
1103,Sword__,Sword,Weapon,1hSword,100,,500,25,0,0,1,0,1,,2,0,True,"Alchemist, Assassin, Blacksmith, Crusader, Knight, Merchant, Novice, Rogue, SuperNovice, Swordman, Thief",All,Both,Right_Hand,,,
1104,Falchion,Falchion,Weapon,1hSword,1500,,600,39,0,0,1,3,1,,2,0,True,"Alchemist, Assassin, Blacksmith, Crusader, Knight, Merchant, Novice, Rogue, SuperNovice, Swordman, Thief",All,Both,Right_Hand,,,
1105,Falchion_,Falchion,Weapon,1hSword,1500,,600,39,0,0,1,4,1,,2,0,True,"Alchemist, Assassin, Blacksmith, Crusader, Knight, Merchant, Novice, Rogue, SuperNovice, Swordman, Thief",All,Both,Right_Hand,,,
1106,Falchion__,Falchion,Weapon,1hSword,1500,,600,39,0,0,1,0,1,,2,0,True,"Alchemist, Assassin, Blacksmith, Crusader, Knight, Merchant, Novice, Rogue, SuperNovice, Swordman, Thief",All,Both,Right_Hand,,,
1107,Blade,Blade,Weapon,1hSword,2900,,700,53,0,0,1,3,1,,2,0,True,"Alchemist, Assassin, Blacksmith, Crusader, Knight, Merchant, Novice, Rogue, SuperNovice, Swordman, Thief",All,Both,Right_Hand,,,
1108,Blade_,Blade,Weapon,1hSword,2900,,700,53,0,0,1,4,1,,2,0,True,"Alchemist, Assassin, Blacksmith, Crusader, Knight, Merchant, Novice, Rogue, SuperNovice, Swordman, Thief",All,Both,Right_Hand,,,
1109,Blade__,Blade,Weapon,1hSword,2900,,700,53,0,0,1,0,1,,2,0,True,"Alchemist, Assassin, Blacksmith, Crusader, Knight, Merchant, Novice, Rogue, SuperNovice, Swordman, Thief",All,Both,Right_Hand,,,
1110,Lapier,Rapier,Weapon,1hSword,10000,,500,70,0,0,1,2,2,,14,0,True,"Alchemist, Assassin, Blacksmith, Crusader, Knight, Merchant, Novice, Rogue, SuperNovice, Swordman, Thief",All,Both,Right_Hand,,,
1111,Lapier_,Rapier,Weapon,1hSword,10000,,500,70,0,0,1,3,2,,14,0,True,"Alchemist, Assassin, Blacksmith, Crusader, Knight, Merchant, Novice, Rogue, SuperNovice, Swordman, Thief",All,Both,Right_Hand,,,
1112,Lapier__,Rapier,Weapon,1hSword,10000,,500,70,0,0,1,0,2,,14,0,True,"Alchemist, Assassin, Blacksmith, Crusader, Knight, Merchant, Novice, Rogue, SuperNovice, Swordman, Thief",All,Both,Right_Hand,,,
1113,Scimiter,Scimitar,Weapon,1hSword,17000,,700,85,0,0,1,2,2,,14,0,True,"Alchemist, Assassin, Blacksmith, Crusader, Knight, Merchant, Novice, Rogue, SuperNovice, Swordman, Thief",All,Both,Right_Hand,,,
1114,Scimiter_,Scimitar,Weapon,1hSword,17000,,700,85,0,0,1,3,2,,14,0,True,"Alchemist, Assassin, Blacksmith, Crusader, Knight, Merchant, Novice, Rogue, SuperNovice, Swordman, Thief",All,Both,Right_Hand,,,
1115,Scimiter__,Scimitar,Weapon,1hSword,17000,,700,85,0,0,1,3,2,,14,0,True,"Alchemist, Assassin, Blacksmith, Crusader, Knight, Merchant, Novice, Rogue, SuperNovice, Swordman, Thief",All,Both,Right_Hand,,,
1116,Katana,Katana,Weapon,2hSword,2000,,1000,60,0,0,1,3,1,,4,0,True,"Crusader, Knight, Swordman",All,Both,Both_Hand,,,
1117,Katana_,Katana,Weapon,2hSword,2000,,1000,60,0,0,1,4,1,,4,0,True,"Crusader, Knight, Swordman",All,Both,Both_Hand,,,
1118,Katana__,Katana,Weapon,2hSword,2000,,1000,60,0,0,1,0,1,,4,0,True,"Crusader, Knight, Swordman",All,Both,Both_Hand,,,
1119,Tsurugi,Tsurugi,Weapon,1hSword,51000,,1200,130,0,0,1,1,3,,27,0,True,"Alchemist, Assassin, Blacksmith, Crusader, Knight, Merchant, Rogue, Swordman, Thief",All,Both,Right_Hand,,,
1120,Tsurugi_,Tsurugi,Weapon,1hSword,51000,,1200,130,0,0,1,2,3,,27,0,True,"Alchemist, Assassin, Blacksmith, Crusader, Knight, Merchant, Rogue, Swordman, Thief",All,Both,Right_Hand,,,
1121,Tsurugi__,Tsurugi,Weapon,1hSword,51000,,1200,130,0,0,1,0,3,,27,0,True,"Alchemist, Assassin, Blacksmith, Crusader, Knight, Merchant, Rogue, Swordman, Thief",All,Both,Right_Hand,,,
1122,Ring_Pommel_Saber,Ring Pommel Saber,Weapon,1hSword,24000,,900,100,0,0,1,2,2,,14,0,True,"Alchemist, Assassin, Blacksmith, Crusader, Knight, Merchant, Rogue, Swordman, Thief",All,Both,Right_Hand,,,
1123,Haedonggum,Haedonggum,Weapon,1hSword,50000,,900,120,0,0,1,1,3,,27,0,True,"Alchemist, Assassin, Blacksmith, Crusader, Knight, Merchant, Rogue, Swordman, Thief",All,Both,Right_Hand,"bonus bInt,3;
",,
1124,Orcish_Sword,Orcish Sword,Weapon,1hSword,20,,800,90,0,0,1,0,3,,5,0,True,"Alchemist, Assassin, Blacksmith, Crusader, Knight, Merchant, Novice, Rogue, SuperNovice, Swordman, Thief",All,Both,Right_Hand,"bonus bUnbreakableWeapon;
",,
1125,Ring_Pommel_Saber_,Ring Pommel Saber,Weapon,1hSword,24000,,900,100,0,0,1,3,2,,14,0,True,"Alchemist, Assassin, Blacksmith, Crusader, Knight, Merchant, Rogue, Swordman, Thief",All,Both,Right_Hand,,,
1126,Saber,Saber,Weapon,1hSword,49000,,1000,115,0,0,1,2,3,,27,0,True,"Alchemist, Assassin, Blacksmith, Crusader, Knight, Merchant, Rogue, Swordman, Thief",All,Both,Right_Hand,,,
1127,Saber_,Saber,Weapon,1hSword,49000,,1000,115,0,0,1,3,3,,27,0,True,"Alchemist, Assassin, Blacksmith, Crusader, Knight, Merchant, Rogue, Swordman, Thief",All,Both,Right_Hand,,,
1128,Hae_Dong_Gum_,Haedonggum,Weapon,1hSword,50000,,900,120,0,0,1,2,3,,27,0,True,"Alchemist, Assassin, Blacksmith, Crusader, Knight, Merchant, Rogue, Swordman, Thief",All,Both,Right_Hand,"bonus bInt,3;
",,
1129,Flamberge,Flamberge,Weapon,1hSword,60000,,1500,150,0,0,1,0,3,,27,0,True,"Crusader, Knight",All,Both,Right_Hand,,,
1130,Nagan,Nagan,Weapon,1hSword,20,,500,120,0,0,1,0,4,,40,0,True,"Alchemist, Assassin, Blacksmith, Crusader, Knight, Merchant, Rogue, Swordman, Thief",All,Both,Right_Hand,"skill ""TF_DOUBLE"",5;
bonus2 bAddRace,RC_DemiHuman,5;
bonus2 bAddRace,RC_Player_Human,5;
",,
1131,Ice_Falchon,Ice Falchion,Weapon,1hSword,20,,600,100,0,0,1,0,4,,40,0,True,"Alchemist, Assassin, Blacksmith, Crusader, Knight, Merchant, Rogue, Swordman, Thief",All,Both,Right_Hand,"bonus bAtkEle,Ele_Water;
bonus2 bAddEff,Eff_Freeze,500;
bonus2 bAddEff2,Eff_Freeze,10;
skill ""MG_COLDBOLT"",3;
bonus3 bAutoSpell,""MG_COLDBOLT"",3,100;
",,
1132,Edge,Edge,Weapon,1hSword,20,,700,115,0,0,1,0,4,,40,0,True,"Alchemist, Assassin, Blacksmith, Crusader, Knight, Merchant, Rogue, Swordman, Thief",All,Both,Right_Hand,"bonus2 bAddEff,Eff_Curse,30;
bonus2 bComaClass,Class_Normal,10;
",,
1133,Fire_Brand,Fireblend,Weapon,1hSword,20,,500,100,0,0,1,0,4,,40,0,True,"Alchemist, Assassin, Blacksmith, Crusader, Knight, Merchant, Rogue, Swordman, Thief",All,Both,Right_Hand,"bonus bAtkEle,Ele_Fire;
skill ""MG_FIREBOLT"",3;
bonus3 bAutoSpell,""MG_FIREBOLT"",3,100;
",,
1134,Scissores_Sword,Caesar's Sword,Weapon,1hSword,20,,700,140,0,0,1,0,4,,40,0,True,"Alchemist, Assassin, Blacksmith, Crusader, Knight, Merchant, Rogue, Swordman, Thief",All,Both,Right_Hand,"bonus2 bAddRace,RC_Plant,25;
bonus bIgnoreDefRace,RC_Plant;
",,
1135,Cutlas,Cutlus,Weapon,1hSword,20,,900,150,0,0,1,0,4,,40,0,True,"Alchemist, Assassin, Blacksmith, Crusader, Knight, Merchant, Rogue, Swordman, Thief",All,Both,Right_Hand,"skill ""SM_BASH"",5;
bonus bStr,2;
bonus bDef,1;
",,
1136,Solar_Sword,Solar Sword,Weapon,1hSword,20,,1200,85,0,0,1,0,4,,40,0,True,"Alchemist, Assassin, Blacksmith, Crusader, Knight, Merchant, Rogue, Swordman, Thief",All,Both,Right_Hand,"bonus bAtkEle,Ele_Fire;
bonus2 bHPDrainRate,1000,1;
bonus2 bSPLossRate,15,10000;
",,
1137,Excalibur,Excalibur,Weapon,1hSword,20,,1200,150,0,0,1,0,4,,40,0,True,"Alchemist, Assassin, Blacksmith, Crusader, Knight, Merchant, Rogue, Swordman, Thief",All,Both,Right_Hand,"bonus bInt,5;
bonus bLuk,10;
bonus bDex,-1;
bonus bAtkEle,Ele_Holy;
",,
1138,Mysteltainn_,Mysteltainn,Weapon,1hSword,20,,1000,170,0,0,1,0,4,,40,0,True,"Alchemist, Assassin, Blacksmith, Crusader, Knight, Merchant, Rogue, Swordman, Thief",All,Both,Right_Hand,"bonus bAtkEle,Ele_Dark;
bonus2 bAddEle,Ele_Ghost,15;
bonus3 bAutoSpell,""MG_STONECURSE"",3,100;
bonus2 bAddEff,Eff_Stone,10;
bonus bDex,3;
",,
1139,Tale_Fing_,Tirfing,Weapon,1hSword,20,,1000,200,0,0,1,0,4,,40,0,True,"Alchemist, Assassin, Blacksmith, Crusader, Knight, Merchant, Rogue, Swordman, Thief",All,Both,Right_Hand,"bonus bAtkEle,Ele_Dark;
bonus2 bHPLossRate,35,10000;
",,
1140,Byeorrun_Gum,Byeollungum,Weapon,1hSword,20,,900,150,0,0,1,0,4,,40,0,True,"Alchemist, Assassin, Blacksmith, Crusader, Knight, Merchant, Rogue, Swordman, Thief",All,Both,Right_Hand,"bonus2 bSubClass,Class_Normal,-10;
bonus2 bAddClass,Class_Boss,50;
bonus bAllStats,2;
",,
1141,Immaterial_Sword,Immaterial Sword,Weapon,1hSword,20,,900,140,0,0,1,0,4,,40,0,True,"Alchemist, Assassin, Blacksmith, Crusader, Knight, Merchant, Rogue, Swordman, Thief",All,Both,Right_Hand,"bonus bAtkEle,Ele_Ghost;
bonus2 bSPVanishRate,30,30;
bonus bSPDrainValue,-1;
bonus bUnbreakableWeapon;
",,
1142,Jewel_Sword,Jeweled Sword,Weapon,1hSword,20,,2200,104,0,0,1,0,3,,68,0,True,"Alchemist, Assassin, Blacksmith, Crusader, Knight, Merchant, Rogue, Swordman, Thief",All,Both,Right_Hand,"bonus2 bAddMonsterDropItemGroup,IG_Jewel,10000;
",,
1143,Gaia_Sword,Gaia Sword,Weapon,1hSword,20,,2500,140,0,0,1,0,3,,74,0,True,"Alchemist, Assassin, Blacksmith, Crusader, Knight, Merchant, Rogue, Swordman, Thief",All,Both,Right_Hand,"bonus2 bAddMonsterDropItemGroup,IG_Ore,10000;
",,
1144,Sasimi,Sashimi,Weapon,1hSword,20,,1400,75,0,0,1,0,3,,48,0,True,"Alchemist, Assassin, Blacksmith, Crusader, Knight, Merchant, Rogue, Swordman, Thief",All,Both,Right_Hand,"bonus bAtkEle,Ele_Wind;
bonus3 bAddMonsterDropItem,544,RC_Fish,4000;
",,
1145,Holy_Avenger,Holy Avenger,Weapon,1hSword,450000,,1350,125,0,0,1,0,3,,75,0,True,Crusader,All,Both,Right_Hand,"bonus bAtkEle,Ele_Holy;
bonus bVit,2;
",,
1146,Town_Sword,Town Sword,Weapon,1hSword,42000,,800,100,0,0,1,1,3,,30,0,True,"Novice, SuperNovice",All,Both,Right_Hand,,,
1147,Town_Sword_,Town Sword,Weapon,1hSword,42000,,800,100,0,0,1,2,3,,30,0,True,"Novice, SuperNovice",All,Both,Right_Hand,,,
1148,Star_Dust_Blade,Star Dust Blade,Weapon,1hSword,20,,1000,140,0,0,1,1,4,,45,0,True,"Novice, SuperNovice",All,Both,Right_Hand,"bonus2 bAddEff,Eff_Stun,500;
bonus bUnbreakableWeapon;
",,
1149,Flamberge_,Flamberge,Weapon,1hSword,60000,,1500,150,0,0,1,2,3,,27,0,True,"Crusader, Knight",All,Both,Right_Hand,,,
1151,Slayer,Slayer,Weapon,2hSword,15000,,1300,90,0,0,1,2,2,,18,0,True,"Crusader, Knight, Swordman",All,Both,Both_Hand,,,
1152,Slayer_,Slayer,Weapon,2hSword,15000,,1300,90,0,0,1,3,2,,18,0,True,"Crusader, Knight, Swordman",All,Both,Both_Hand,,,
1153,Slayer__,Slayer,Weapon,2hSword,15000,,1300,90,0,0,1,0,2,,18,0,True,"Crusader, Knight, Swordman",All,Both,Both_Hand,,,
1154,Bastard_Sword,Bastard Sword,Weapon,2hSword,22500,,1600,115,0,0,1,2,2,,18,0,True,"Crusader, Knight, Swordman",All,Both,Both_Hand,,,
1155,Bastard_Sword_,Bastard Sword,Weapon,2hSword,22500,,1600,115,0,0,1,3,2,,18,0,True,"Crusader, Knight, Swordman",All,Both,Both_Hand,,,
1156,Bastard_Sword__,Bastard Sword,Weapon,2hSword,22500,,1600,115,0,0,1,0,2,,18,0,True,"Crusader, Knight, Swordman",All,Both,Both_Hand,,,
1157,Two_Hand_Sword,Two-Handed Sword,Weapon,2hSword,60000,,2200,160,0,0,1,1,3,,33,0,True,"Crusader, Knight, Swordman",All,Both,Both_Hand,,,
1158,Two_Hand_Sword_,Two-Handed Sword,Weapon,2hSword,60000,,2200,160,0,0,1,2,3,,33,0,True,"Crusader, Knight, Swordman",All,Both,Both_Hand,,,
1159,Two_Hand_Sword__,Two-Handed Sword,Weapon,2hSword,60000,,2200,160,0,0,1,0,3,,33,0,True,"Crusader, Knight, Swordman",All,Both,Both_Hand,,,
1160,Broad_Sword,Broad Sword,Weapon,2hSword,65000,,2000,140,0,0,1,1,3,,33,0,True,"Crusader, Knight, Swordman",All,Both,Both_Hand,"bonus bDef,5;
bonus bUnbreakableWeapon;
",,
1161,Balmung,Balmung,Weapon,2hSword,20,,1000,250,0,0,1,0,4,,48,0,True,All,All,Both,Both_Hand,"bonus bUnbreakableWeapon;
bonus bAtkEle,Ele_Holy;
",,
1162,Broad_Sword_,Broad Sword,Weapon,2hSword,65000,,2000,140,0,0,1,2,3,,33,0,True,"Crusader, Knight, Swordman",All,Both,Both_Hand,"bonus bDef,5;
bonus bUnbreakableWeapon;
",,
1163,Claymore,Claymore,Weapon,2hSword,74000,,2500,180,0,0,1,0,3,,33,0,True,"Crusader, Knight",All,Both,Both_Hand,,,
1164,Muramasa,Muramasa,Weapon,2hSword,20,,1000,155,0,0,1,0,4,,48,0,True,"Crusader, Knight, Swordman",All,Both,Both_Hand,"bonus bCritical,30;
bonus bAspdRate,8;
bonus2 bAddEff2,Eff_Curse,10;
",,
1165,Masamune,Masamune,Weapon,2hSword,20,,1000,200,0,0,1,0,4,,48,0,True,"Crusader, Knight, Swordman",All,Both,Both_Hand,"bonus bFlee,30;
bonus bStr,-5;
bonus bAspd,2;
bonus bDefRate,-67;
bonus bDef2Rate,-67;
",,
1166,Dragon_Slayer,Dragon Slayer,Weapon,2hSword,20,,1300,150,0,0,1,0,4,,48,0,True,"Crusader, Knight, Swordman",All,Both,Both_Hand,"bonus bIgnoreDefRace,RC_Dragon;
bonus2 bAddRace,RC_Dragon,15;
",,
1167,Schweizersabel,Schweizersabel,Weapon,2hSword,20,,1600,160,0,0,1,0,4,,48,0,True,"Crusader, Knight, Swordman",All,Both,Both_Hand,"bonus bAtkEle,Ele_Wind;
bonus bDef,1;
bonus3 bAutoSpell,""MG_LIGHTNINGBOLT"",3,100;
",,
1168,Zweihander,Zweihander,Weapon,2hSword,20,,2200,200,0,0,1,0,4,,48,0,True,"Crusader, Knight, Swordman",All,Both,Both_Hand,"bonus bUnbreakableWeapon;
",,
1169,Executioner_,Executioner,Weapon,2hSword,20,,2200,155,0,0,1,0,4,,48,0,True,"Crusader, Knight, Swordman",All,Both,Both_Hand,"bonus bIgnoreDefRace,RC_DemiHuman;
bonus bIgnoreDefRace,RC_Player_Human;
bonus2 bAddRace,RC_DemiHuman,20;
bonus2 bAddRace,RC_Player_Human,20;
bonus2 bSubRace,RC_DemiHuman,-10;
bonus2 bSubRace,RC_Player_Human,-10;
bonus bAtkEle,Ele_Dark;
",,
1170,Katzbalger,Katzbalger,Weapon,2hSword,20,,2000,175,0,0,1,0,4,,48,0,True,"Crusader, Knight, Swordman",All,Both,Both_Hand,"bonus bVit,5;
bonus bDef,10;
",,
1171,Zweihander_,Zweihander,Weapon,2hSword,20,,2200,200,0,0,1,2,4,,48,0,True,"Crusader, Knight, Swordman",All,Both,Both_Hand,"bonus bUnbreakableWeapon;
",,
1172,Claymore_,Claymore,Weapon,2hSword,74000,,2500,180,0,0,1,2,3,,33,0,True,"Crusader, Knight",All,Both,Both_Hand,,,
1173,Muramasa_C,Muramasa,Weapon,2hSword,1,,0,204,0,0,1,0,4,,1,0,False,"Crusader, Knight, Swordman",All,Both,Both_Hand,"bonus bCritical,30;
bonus bAspdRate,8;
",,
1174,Executioner_C,Executioner,Weapon,2hSword,2,,0,190,0,0,1,0,4,,0,0,False,"Crusader, Knight, Swordman",All,Both,Both_Hand,"bonus bIgnoreDefRace,RC_DemiHuman;
bonus bIgnoreDefRace,RC_Player_Human;
bonus2 bAddRace,RC_DemiHuman,20;
bonus2 bAddRace,RC_Player_Human,20;
bonus2 bSubRace,RC_DemiHuman,-10;
bonus2 bSubRace,RC_Player_Human,-10;
bonus bAtkEle,Ele_Dark;
",,
1175,Altas_Weapon,Atlas Weapon,Weapon,2hSword,20,,3500,200,0,0,1,1,4,,55,0,True,"Crusader, Knight, Swordman",Upper,Both,Both_Hand,"bonus bCritical,10;
if (readparam(bStr)>=80)
   bonus bBreakArmorRate,500;
",,
1176,Muscle_Cutter,Muscle Cutter,Weapon,2hSword,20,,2200,160,0,0,1,2,4,,55,0,True,"Crusader, Knight, Swordman",Upper,Both,Both_Hand,"bonus2 bAddEff,Eff_Bleeding,800;
bonus3 bAutoSpell,""AL_DECAGI"",1,30;
",,
1177,Muramash,Muramash,Weapon,2hSword,20,,0,120,0,0,1,0,1,,0,0,False,"Crusader, Knight, Swordman",All,Both,Both_Hand,"bonus2 bAddClass,Class_All,50;
",,
1178,Schweizersabel_,Schweizersabel,Weapon,2hSword,20,,1600,160,0,0,1,2,4,,48,0,True,"Crusader, Knight, Swordman",All,Both,Both_Hand,"bonus bAtkEle,Ele_Wind;
bonus bDef,1;
bonus3 bAutoSpell,""MG_LIGHTNINGBOLT"",3,100;
",,
1179,Executioner__,Executioner,Weapon,2hSword,20,,2200,155,0,0,1,1,4,,48,0,True,"Crusader, Knight, Swordman",All,Both,Both_Hand,"bonus bIgnoreDefRace,RC_DemiHuman;
bonus bIgnoreDefRace,RC_Player_Human;
bonus2 bAddRace,RC_DemiHuman,20;
bonus2 bAddRace,RC_Player_Human,20;
bonus2 bSubRace,RC_DemiHuman,-10;
bonus2 bSubRace,RC_Player_Human,-10;
bonus bAtkEle,Ele_Dark;
",,
1180,Dragon_Slayer_,Dragon Slayer,Weapon,2hSword,20,,1300,150,0,0,1,2,4,,48,0,True,"Crusader, Knight, Swordman",All,Both,Both_Hand,"bonus bIgnoreDefRace,RC_Dragon;
bonus2 bAddRace,RC_Dragon,15;
",,
1181,Tae_Goo_Lyeon,Tae Goo Lyeon,Weapon,2hSword,20,,2000,250,0,0,1,2,4,,90,0,True,"Crusader, Knight, Swordman",Upper,Both,Both_Hand,"bonus bFlee2,10;
if (JobLevel>=70)
   autobonus ""{ bonus bBaseAtk,50; }"",10,10000,BF_WEAPON,""{ specialeffect2 EF_POTION_BERSERK; }"";
if (getrefine()>8) {
   bonus bCastrate,-20;
   bonus bDelayRate,-20;
}
",,
1182,Bloody_Eater,Bloody Eater,Weapon,2hSword,20,,1200,200,0,0,1,2,4,,50,0,True,"Crusader, Knight, Swordman",Upper,Both,Both_Hand,"bonus bAtkEle,Ele_Ghost;
autobonus ""{ bonus bCritical,100; bonus bBaseAtk,50; }"",1,5000,0,""{ specialeffect2 EF_FIRESPLASHHIT; }"";
bonus bHPGainValue,100;
",,
1183,BF_Two_Handed_Sword1,Brave Assaulter's Katzbalger,Weapon,2hSword,20,,0,200,0,0,1,0,3,,80,0,True,"Crusader, Knight, Swordman",All,Both,Both_Hand,"bonus bStr,2;
bonus2 bAddRace,RC_DemiHuman,55;
bonus2 bAddRace,RC_Player_Human,55;
bonus2 bIgnoreDefRaceRate,RC_DemiHuman,20;
bonus2 bIgnoreDefRaceRate,RC_Player_Human,20;
bonus bUnbreakableWeapon;
",,
1184,BF_Two_Handed_Sword2,Valorous Assaulter's Katzbalger,Weapon,2hSword,20,,0,200,0,0,1,0,3,,80,0,True,"Crusader, Knight, Swordman",All,Both,Both_Hand,"bonus bCritical,20;
bonus2 bAddRace,RC_DemiHuman,55;
bonus2 bAddRace,RC_Player_Human,55;
bonus bCritAtkRate,20;
bonus bUnbreakableWeapon;
",,
1185,Violet_Fear,Violet Fear,Weapon,2hSword,20,,2200,275,0,0,1,2,4,,80,0,True,"Crusader, Knight, Swordman",Upper,Both,Both_Hand,"bonus3 bAutoSpell,""WZ_METEOR"",3,30;
bonus3 bAutoSpell,""WZ_FROSTNOVA"",5,50;
autobonus ""{ bonus bIgnoreDefClass,Class_Normal; }"",50,5000;
",,
1186,Death_Guidance,Death Guidance,Weapon,2hSword,20,,2000,200,0,0,1,2,4,,70,0,True,"Crusader, Knight, Swordman",Upper,Both,Both_Hand,"bonus bStr,5;
bonus bAgi,2;
bonus bFlee2,20;
bonus3 bAutoSpell,""NPC_HELLPOWER"",1,10;
bonus4 bAutoSpell,""NPC_HELLPOWER"",1,10,0;
if (getrefine()>8)
   bonus3 bAutoSpell,""NPC_VAMPIRE_GIFT"",2,20;
else
   bonus3 bAutoSpell,""NPC_VAMPIRE_GIFT"",1,20;
",,
1187,Krieger_Twohand_Sword1,Glorious Claymore,Weapon,2hSword,20,,0,220,0,0,1,0,4,,80,0,True,"Crusader, Knight, Swordman",All,Both,Both_Hand,"bonus2 bAddRace,RC_DemiHuman,70;
bonus2 bAddRace,RC_Player_Human,70;
bonus2 bIgnoreDefRaceRate,RC_DemiHuman,25;
bonus2 bIgnoreDefRaceRate,RC_Player_Human,25;
bonus bUnbreakableWeapon;
if (getrefine()>5) {
   bonus2 bAddRace,RC_DemiHuman,(getrefine()-3)*(getrefine()-3);
   bonus2 bAddRace,RC_Player_Human,(getrefine()-3)*(getrefine()-3);
   bonus2 bIgnoreDefRaceRate,RC_DemiHuman,5;
   bonus2 bIgnoreDefRaceRate,RC_Player_Human,5;
}
if (getrefine()>8) {
   bonus3 bAutoSpell,""LK_CONCENTRATION"",max(getskilllv(""LK_CONCENTRATION""),1),30;
   bonus3 bAutoSpell,""LK_AURABLADE"",max(getskilllv(""LK_AURABLADE""),1),30;
}
",,
1188,Veteran_Sword,Veteran Sword,Weapon,2hSword,10000,,2000,180,0,0,1,1,4,,80,0,True,"Crusader, Knight, Swordman",All,Both,Both_Hand,"if (getskilllv(""SM_BASH"") == 10) {
   bonus2 bSkillAtk,""SM_BASH"",50;
}
if (getskilllv(""KN_BOWLINGBASH"") == 10) {
   bonus2 bSkillAtk,""KN_BOWLINGBASH"",50;
}
bonus bStr,1;
bonus bDex,1;
",,
1189,Krasnaya,Krasnaya,Weapon,2hSword,20,,3800,200,0,0,2,3,2,,50,0,True,"Crusader, Knight, Swordman",Upper,Both,Both_Hand,"if (readparam(bStr)>=95) {
   bonus bBaseAtk,20;
}
",,
1190,Claymore_C,Claymore,Weapon,2hSword,,,0,220,0,0,1,0,3,,1,0,False,"Crusader, Knight",All,Both,Both_Hand,"bonus2 bAddSize,Size_All,40;
",,
1201,Knife,Knife,Weapon,Dagger,50,,400,17,0,0,1,3,1,,1,0,True,"Alchemist, Archer, Assassin, BardDancer, Blacksmith, Crusader, Hunter, Knight, Mage, Merchant, Ninja, Novice, Rogue, Sage, SoulLinker, SuperNovice, Swordman, Thief, Wizard",All,Both,Right_Hand,,,
1202,Knife_,Knife,Weapon,Dagger,50,,400,17,0,0,1,4,1,,1,0,True,"Alchemist, Archer, Assassin, BardDancer, Blacksmith, Crusader, Hunter, Knight, Mage, Merchant, Ninja, Novice, Rogue, Sage, SoulLinker, SuperNovice, Swordman, Thief, Wizard",All,Both,Right_Hand,,,
1203,Knife__,Knife,Weapon,Dagger,50,,400,17,0,0,1,0,1,,1,0,True,"Alchemist, Archer, Assassin, BardDancer, Blacksmith, Crusader, Hunter, Knight, Mage, Merchant, Ninja, Novice, Rogue, Sage, SoulLinker, SuperNovice, Swordman, Thief, Wizard",All,Both,Right_Hand,,,
1204,Cutter,Cutter,Weapon,Dagger,1250,,500,30,0,0,1,3,1,,1,0,True,"Alchemist, Archer, Assassin, BardDancer, Blacksmith, Crusader, Hunter, Knight, Mage, Merchant, Ninja, Novice, Rogue, Sage, SoulLinker, SuperNovice, Swordman, Thief, Wizard",All,Both,Right_Hand,,,
1205,Cutter_,Cutter,Weapon,Dagger,1250,,500,30,0,0,1,4,1,,1,0,True,"Alchemist, Archer, Assassin, BardDancer, Blacksmith, Crusader, Hunter, Knight, Mage, Merchant, Ninja, Novice, Rogue, Sage, SoulLinker, SuperNovice, Swordman, Thief, Wizard",All,Both,Right_Hand,,,
1206,Cutter__,Cutter,Weapon,Dagger,1250,,500,30,0,0,1,0,1,,1,0,True,"Alchemist, Archer, Assassin, BardDancer, Blacksmith, Crusader, Hunter, Knight, Mage, Merchant, Ninja, Novice, Rogue, Sage, SoulLinker, SuperNovice, Swordman, Thief, Wizard",All,Both,Right_Hand,,,
1207,Main_Gauche,Main Gauche,Weapon,Dagger,2400,,600,43,0,0,1,3,1,,1,0,True,"Alchemist, Archer, Assassin, BardDancer, Blacksmith, Crusader, Hunter, Knight, Mage, Merchant, Ninja, Novice, Rogue, Sage, SoulLinker, SuperNovice, Swordman, Thief, Wizard",All,Both,Right_Hand,,,
1208,Main_Gauche_,Main Gauche,Weapon,Dagger,2400,,600,43,0,0,1,4,1,,1,0,True,"Alchemist, Archer, Assassin, BardDancer, Blacksmith, Crusader, Hunter, Knight, Mage, Merchant, Ninja, Novice, Rogue, Sage, SoulLinker, SuperNovice, Swordman, Thief, Wizard",All,Both,Right_Hand,,,
1209,Main_Gauche__,Main Gauche,Weapon,Dagger,2400,,600,43,0,0,1,0,1,,1,0,True,"Alchemist, Archer, Assassin, BardDancer, Blacksmith, Crusader, Hunter, Knight, Mage, Merchant, Ninja, Novice, Rogue, Sage, SoulLinker, SuperNovice, Swordman, Thief, Wizard",All,Both,Right_Hand,,,
1210,Dirk,Dirk,Weapon,Dagger,8500,,500,59,0,0,1,2,2,,12,0,True,"Alchemist, Archer, Assassin, BardDancer, Blacksmith, Crusader, Hunter, Knight, Mage, Merchant, Ninja, Novice, Rogue, Sage, SoulLinker, SuperNovice, Swordman, Thief, Wizard",All,Both,Right_Hand,,,
1211,Dirk_,Dirk,Weapon,Dagger,8500,,500,59,0,0,1,3,2,,12,0,True,"Alchemist, Archer, Assassin, BardDancer, Blacksmith, Crusader, Hunter, Knight, Mage, Merchant, Ninja, Novice, Rogue, Sage, SoulLinker, SuperNovice, Swordman, Thief, Wizard",All,Both,Right_Hand,,,
1212,Dirk__,Dirk,Weapon,Dagger,8500,,500,59,0,0,1,0,2,,12,0,True,"Alchemist, Archer, Assassin, BardDancer, Blacksmith, Crusader, Hunter, Knight, Mage, Merchant, Ninja, Novice, Rogue, Sage, SoulLinker, SuperNovice, Swordman, Thief, Wizard",All,Both,Right_Hand,,,
1213,Dagger,Dagger,Weapon,Dagger,14000,,600,73,0,0,1,2,2,,12,0,True,"Alchemist, Archer, Assassin, BardDancer, Blacksmith, Crusader, Hunter, Knight, Mage, Merchant, Ninja, Novice, Rogue, Sage, SoulLinker, SuperNovice, Swordman, Thief, Wizard",All,Both,Right_Hand,,,
1214,Dagger_,Dagger,Weapon,Dagger,14000,,600,73,0,0,1,3,2,,12,0,True,"Alchemist, Archer, Assassin, BardDancer, Blacksmith, Crusader, Hunter, Knight, Mage, Merchant, Ninja, Novice, Rogue, Sage, SoulLinker, SuperNovice, Swordman, Thief, Wizard",All,Both,Right_Hand,,,
1215,Dagger__,Dagger,Weapon,Dagger,14000,,600,73,0,0,1,0,2,,12,0,True,"Alchemist, Archer, Assassin, BardDancer, Blacksmith, Crusader, Hunter, Knight, Mage, Merchant, Ninja, Novice, Rogue, Sage, SoulLinker, SuperNovice, Swordman, Thief, Wizard",All,Both,Right_Hand,,,
1216,Stiletto,Stiletto,Weapon,Dagger,19500,,700,87,0,0,1,2,2,,12,0,True,"Alchemist, Archer, Assassin, BardDancer, Blacksmith, Crusader, Hunter, Knight, Mage, Merchant, Ninja, Novice, Rogue, Sage, SoulLinker, SuperNovice, Swordman, Thief, Wizard",All,Both,Right_Hand,,,
1217,Stiletto_,Stiletto,Weapon,Dagger,19500,,700,87,0,0,1,3,2,,12,0,True,"Alchemist, Archer, Assassin, BardDancer, Blacksmith, Crusader, Hunter, Knight, Mage, Merchant, Ninja, Novice, Rogue, Sage, SoulLinker, SuperNovice, Swordman, Thief, Wizard",All,Both,Right_Hand,,,
1218,Stiletto__,Stiletto,Weapon,Dagger,19500,,700,87,0,0,1,0,2,,12,0,True,"Alchemist, Archer, Assassin, BardDancer, Blacksmith, Crusader, Hunter, Knight, Mage, Merchant, Ninja, Novice, Rogue, Sage, SoulLinker, SuperNovice, Swordman, Thief, Wizard",All,Both,Right_Hand,,,
1219,Gladius,Gladius,Weapon,Dagger,43000,,700,105,0,0,1,2,3,,24,0,True,"Alchemist, Archer, Assassin, BardDancer, Blacksmith, Crusader, Hunter, Knight, Mage, Merchant, Ninja, Rogue, Sage, SoulLinker, Swordman, Thief, Wizard",All,Both,Right_Hand,,,
1220,Gladius_,Gladius,Weapon,Dagger,43000,,700,105,0,0,1,3,3,,24,0,True,"Alchemist, Archer, Assassin, BardDancer, Blacksmith, Crusader, Hunter, Knight, Mage, Merchant, Ninja, Rogue, Sage, SoulLinker, Swordman, Thief, Wizard",All,Both,Right_Hand,,,
1221,Gladius__,Gladius,Weapon,Dagger,43000,,700,105,0,0,1,0,3,,24,0,True,"Alchemist, Archer, Assassin, BardDancer, Blacksmith, Crusader, Hunter, Knight, Mage, Merchant, Ninja, Rogue, Sage, SoulLinker, Swordman, Thief, Wizard",All,Both,Right_Hand,,,
1222,Damascus,Damascus,Weapon,Dagger,49000,,800,118,0,0,1,1,3,,24,0,True,"Alchemist, Archer, Assassin, BardDancer, Blacksmith, Crusader, Hunter, Knight, Mage, Merchant, Ninja, Rogue, Sage, SoulLinker, Swordman, Thief, Wizard",All,Both,Right_Hand,"bonus bUnbreakableWeapon;
",,
1223,Forturn_Sword,Fortune Sword,Weapon,Dagger,20,,500,90,0,0,1,0,4,,24,0,True,"Alchemist, Archer, Assassin, BardDancer, Blacksmith, Crusader, Hunter, Knight, Mage, Merchant, Ninja, Rogue, Sage, SoulLinker, Swordman, Thief, Wizard",All,Both,Right_Hand,"bonus bLuk,5;
bonus bFlee2,20;
",,
1224,Sword_Breaker,Swordbreaker,Weapon,Dagger,20,,1000,70,0,0,1,0,4,,36,0,True,"Alchemist, Archer, Assassin, BardDancer, Blacksmith, Crusader, Hunter, Knight, Mage, Merchant, Ninja, Rogue, Sage, SoulLinker, Swordman, Thief, Wizard",All,Both,Right_Hand,"bonus bBreakWeaponRate,500;
",,
1225,Mail_Breaker,Mailbreaker,Weapon,Dagger,20,,1000,70,0,0,1,0,4,,36,0,True,"Alchemist, Archer, Assassin, BardDancer, Blacksmith, Crusader, Hunter, Knight, Mage, Merchant, Ninja, Rogue, Sage, SoulLinker, Swordman, Thief, Wizard",All,Both,Right_Hand,"bonus bBreakArmorRate,500;
",,
1226,Damascus_,Damascus,Weapon,Dagger,49000,,800,118,0,0,1,2,3,,24,0,True,"Alchemist, Archer, Assassin, BardDancer, Blacksmith, Crusader, Hunter, Knight, Mage, Merchant, Ninja, Rogue, Sage, SoulLinker, Swordman, Thief, Wizard",All,Both,Right_Hand,"bonus bUnbreakableWeapon;
",,
1227,Weeder_Knife,Weeder Knife,Weapon,Dagger,20,,400,80,0,0,1,0,4,,36,0,True,"Alchemist, Archer, Assassin, BardDancer, Blacksmith, Crusader, Hunter, Knight, Mage, Merchant, Ninja, Rogue, Sage, SoulLinker, Swordman, Thief, Wizard",All,Both,Right_Hand,"bonus bIgnoreDefRace,RC_Plant;
bonus2 bAddRace,RC_Plant,15;
bonus2 bSubRace,RC_Plant,15;
",,
1228,Combat_Knife,Combat Knife,Weapon,Dagger,20,,400,80,0,0,1,0,4,,36,0,True,"Alchemist, Archer, Assassin, BardDancer, Blacksmith, Crusader, Hunter, Knight, Mage, Merchant, Ninja, Rogue, Sage, SoulLinker, Swordman, Thief, Wizard",All,Both,Right_Hand,"bonus bIgnoreDefRace,RC_DemiHuman;
bonus bIgnoreDefRace,RC_Player_Human;
bonus2 bSubRace,RC_DemiHuman,10;
bonus2 bSubRace,RC_Player_Human,10;
bonus2 bSubRace,RC_Demon,-10;
",,
1229,Mama's_Knife,Kitchen Knife,Weapon,Dagger,20,,500,75,0,0,1,0,4,,36,0,True,"Alchemist, Archer, Assassin, BardDancer, Blacksmith, Crusader, Hunter, Knight, Mage, Merchant, Ninja, Rogue, Sage, SoulLinker, Swordman, Thief, Wizard",All,Both,Right_Hand,"bonus bCritical,30;
bonus3 bAddMonsterDropItem,517,RC_Brute,5000;
",,
1230,House_Auger,Ice Pick,Weapon,Dagger,20,,600,80,0,0,1,0,4,,36,0,True,"Alchemist, Archer, Assassin, BardDancer, Blacksmith, Crusader, Hunter, Knight, Mage, Merchant, Ninja, Rogue, Sage, SoulLinker, Swordman, Thief, Wizard",All,Both,Right_Hand,"bonus bDefRatioAtkClass,Class_All;
",,
1231,Bazerald,Bazerald,Weapon,Dagger,20,,500,70,0,0,1,0,4,,36,0,True,"Alchemist, Archer, Assassin, BardDancer, Blacksmith, Crusader, Hunter, Knight, Mage, Merchant, Ninja, Rogue, Sage, SoulLinker, Swordman, Thief, Wizard",All,Both,Right_Hand,"bonus bAtkEle,Ele_Fire;
bonus bInt,5;
bonus bMatkRate,10;
",,
1232,Assasin_Dagger,Assassin Dagger,Weapon,Dagger,20,,600,140,0,0,1,0,4,,36,0,True,Assassin,All,Both,Right_Hand,"bonus bMaxHPrate,20;
bonus bMaxSPrate,15;
bonus bAspdRate,2;
bonus bAtkEle,Ele_Dark;
",,
1233,Exercise,Exorciser,Weapon,Dagger,20,,700,90,0,0,1,0,4,,36,0,True,"Alchemist, Archer, Assassin, BardDancer, Blacksmith, Crusader, Hunter, Knight, Mage, Merchant, Ninja, Rogue, Sage, SoulLinker, Swordman, Thief, Wizard",All,Both,Right_Hand,"bonus bIgnoreDefRace,RC_Demon;
bonus2 bSubRace,RC_Demon,5;
bonus2 bSubRace,RC_DemiHuman,-10;
bonus2 bSubRace,RC_Player_Human,-10;
",,
1234,Moonlight_Sword,Moonlight Dagger,Weapon,Dagger,20,,700,50,0,0,1,0,4,,36,0,True,"Alchemist, Archer, Assassin, BardDancer, Blacksmith, Crusader, Hunter, Knight, Mage, Merchant, Ninja, Rogue, Sage, SoulLinker, Swordman, Thief, Wizard",All,Both,Right_Hand,"bonus bMaxSPrate,10;
bonus bSPDrainValue,3;
",,
1235,Azoth,Azoth,Weapon,Dagger,20,,700,110,0,0,1,0,4,,36,0,True,Alchemist,All,Both,Right_Hand,"bonus bClassChange,300;
",,
1236,Sucsamad,Sucsamad,Weapon,Dagger,20,,800,140,0,0,1,0,4,,36,0,True,"Alchemist, Archer, Assassin, BardDancer, Blacksmith, Crusader, Hunter, Knight, Mage, Merchant, Ninja, Rogue, Sage, SoulLinker, Swordman, Thief, Wizard",All,Both,Right_Hand,"bonus2 bAddEle,Ele_Earth,10;
bonus2 bAddEle,Ele_Wind,10;
bonus bUnbreakableWeapon;
",,
1237,Grimtooth_,Grimtooth,Weapon,Dagger,20,,800,180,0,0,1,0,4,,36,0,True,"Alchemist, Archer, Assassin, BardDancer, Blacksmith, Crusader, Hunter, Knight, Mage, Merchant, Ninja, Rogue, Sage, SoulLinker, Swordman, Thief, Wizard",All,Both,Right_Hand,"bonus bFlee,10;
bonus bFlee2,5;
bonus bDefRate,-50;
bonus bDef2Rate,-50;
",,
1238,Zeny_Knife,Zeny Knife,Weapon,Dagger,20,,1200,64,0,0,1,0,3,,70,0,True,"Alchemist, Archer, Assassin, BardDancer, Blacksmith, Crusader, Hunter, Knight, Mage, Merchant, Ninja, Rogue, Sage, SoulLinker, Swordman, Thief, Wizard",All,Both,Right_Hand,"bonus2 bGetZenyNum,100,40;
",,
1239,Poison_Knife,Poison Knife,Weapon,Dagger,20,,800,64,0,0,1,0,3,,65,0,True,"Alchemist, Archer, Assassin, BardDancer, Blacksmith, Crusader, Hunter, Knight, Mage, Merchant, Ninja, Rogue, Sage, SoulLinker, Swordman, Thief, Wizard",All,Both,Right_Hand,"bonus bAtkEle,Ele_Poison;
bonus2 bAddEff,Eff_Poison,3000;
",,
1240,Princess_Knife,Princess Knife,Weapon,Dagger,20,,400,84,0,0,1,0,4,,1,0,True,"Alchemist, Archer, Assassin, BardDancer, Blacksmith, Crusader, Hunter, Knight, Mage, Merchant, Ninja, Rogue, Sage, SoulLinker, Swordman, Thief, Wizard",All,Both,Right_Hand,"bonus bAllStats,1;
",,
1241,Cursed_Dagger,Cursed Dagger,Weapon,Dagger,80000,,400,55,0,0,1,0,4,,85,0,True,"Mage, Sage, SoulLinker, Wizard",All,Both,Right_Hand,"bonus2 bAddEff,Eff_Curse,5000;
",,
1242,Counter_Dagger,Dagger of Counter,Weapon,Dagger,120000,,550,140,0,0,1,0,4,,55,0,True,"Mage, Sage, SoulLinker, Wizard",All,Both,Right_Hand,"bonus bCritical,90;
",,
1243,Novice_Knife,Novice Main-Gauche,Weapon,Dagger,1,,1,45,0,0,1,0,1,,1,0,False,"Novice, SuperNovice",All,Both,Right_Hand,,,
1244,Holy_Dagger,Holy Dagger,Weapon,Dagger,20,,800,100,0,0,1,0,4,,55,0,True,"Assassin, Ninja, Rogue, Thief",All,Both,Right_Hand,"bonus bAtkEle,Ele_Holy;
bonus bDex,1;
",,
1245,Cinquedea,Cinquedea,Weapon,Dagger,40000,,700,110,0,0,1,1,3,,30,0,True,"Novice, SuperNovice",All,Both,Right_Hand,,,
1246,Cinquedea_,Cinquedea,Weapon,Dagger,40000,,700,110,0,0,1,2,3,,30,0,True,"Novice, SuperNovice",All,Both,Right_Hand,,,
1247,Kindling_Dagger,Kindle Dagger,Weapon,Dagger,10000,,600,39,0,0,1,0,1,,1,0,True,"Alchemist, Archer, Assassin, BardDancer, Blacksmith, Crusader, Hunter, Knight, Mage, Merchant, Ninja, Novice, Rogue, Sage, SoulLinker, SuperNovice, Swordman, Thief, Wizard",All,Both,Right_Hand,"bonus bAtkEle,Ele_Fire;
",,
1248,Obsidian_Dagger,Obsidian Dagger,Weapon,Dagger,10000,,600,39,0,0,1,0,1,,1,0,True,"Alchemist, Archer, Assassin, BardDancer, Blacksmith, Crusader, Hunter, Knight, Mage, Merchant, Ninja, Novice, Rogue, Sage, SoulLinker, SuperNovice, Swordman, Thief, Wizard",All,Both,Right_Hand,"bonus bAtkEle,Ele_Earth;
",,
1249,Fisherman's_Dagger,Fisherman's Dagger,Weapon,Dagger,10000,,600,39,0,0,1,0,1,,1,0,True,"Alchemist, Archer, Assassin, BardDancer, Blacksmith, Crusader, Hunter, Knight, Mage, Merchant, Ninja, Novice, Rogue, Sage, SoulLinker, SuperNovice, Swordman, Thief, Wizard",All,Both,Right_Hand,"bonus bAtkEle,Ele_Water;
",,
1250,Jur,Jur,Weapon,Katar,19500,,800,125,0,0,1,2,2,,18,0,True,Assassin,All,Both,Both_Hand,,,
1251,Jur_,Jur,Weapon,Katar,19500,,800,125,0,0,1,3,2,,18,0,True,Assassin,All,Both,Both_Hand,,,
1252,Katar,Katar,Weapon,Katar,41000,,1200,148,0,0,1,1,3,,33,0,True,Assassin,All,Both,Both_Hand,"bonus bDex,1;
",,
1253,Katar_,Katar,Weapon,Katar,41000,,1200,148,0,0,1,2,3,,33,0,True,Assassin,All,Both,Both_Hand,"bonus bDex,1;
",,
1254,Jamadhar,Jamadhar,Weapon,Katar,37200,,1500,165,0,0,1,0,3,,33,0,True,Assassin,All,Both,Both_Hand,,,
1255,Jamadhar_,Jamadhar,Weapon,Katar,37200,,1500,165,0,0,1,1,3,,33,0,True,Assassin,All,Both,Both_Hand,,,
1256,Katar_Of_Cold_Icicle,Katar of Frozen Icicle,Weapon,Katar,45000,,1200,105,0,0,1,0,3,,55,0,True,Assassin,All,Both,Both_Hand,"bonus bAtkEle,Ele_Water;
bonus2 bAddEff,Eff_Freeze,500;
",,
1257,Katar_Of_Thornbush,Katar of Quaking,Weapon,Katar,45000,,1200,105,0,0,1,0,3,,55,0,True,Assassin,All,Both,Both_Hand,"bonus bAtkEle,Ele_Earth;
bonus2 bAddEff,Eff_Blind,500;
",,
1258,Katar_Of_Raging_Blaze,Katar of Raging Blaze,Weapon,Katar,45000,,1200,105,0,0,1,0,3,,55,0,True,Assassin,All,Both,Both_Hand,"bonus bAtkEle,Ele_Fire;
bonus2 bAddEff,Eff_Silence,500;
",,
1259,Katar_Of_Piercing_Wind,Katar of Piercing Wind,Weapon,Katar,45000,,1200,105,0,0,1,0,3,,55,0,True,Assassin,All,Both,Both_Hand,"bonus bAtkEle,Ele_Wind;
bonus2 bAddEff,Eff_Sleep,500;
",,
1260,Ghoul_Leg,Sharpened Legbone of Ghoul,Weapon,Katar,52500,,1700,150,0,0,1,0,3,,65,0,True,Assassin,All,Both,Both_Hand,"bonus bAtkEle,Ele_Undead;
",,
1261,Infiltrator,Infiltrator,Weapon,Katar,57000,,1500,140,0,0,1,0,4,,75,0,True,Assassin,All,Both,Both_Hand,"bonus2 bAddRace,RC_DemiHuman,50;
bonus2 bAddRace,RC_Player_Human,50;
bonus bDef,3;
bonus bFlee,5;
bonus bFlee2,2;
",,
1262,Nail_Of_Loki,Loki's Nail,Weapon,Katar,20,,1200,115,0,0,1,0,3,,55,0,True,Assassin,All,Both,Both_Hand,"bonus2 bAddEff,Eff_Bleeding,300;
",,
1263,Unholy_Touch,Unholy Touch,Weapon,Katar,20,,1250,151,0,0,1,0,4,,70,0,True,Assassin,All,Both,Both_Hand,"bonus bAtkEle,Ele_Dark;
bonus2 bAddEff,Eff_Curse,200;
bonus bCritical,-1;
bonus bUnbreakableWeapon;
",,
1264,Various_Jur,Specialty Jur,Weapon,Katar,20,,800,90,0,0,1,4,1,,1,0,True,Assassin,All,Both,Both_Hand,"bonus2 bAddEff2,Eff_Bleeding,10;
",,
1265,Bloody_Roar,Bloody Roar,Weapon,Katar,20,,1000,120,0,0,1,0,4,,75,0,True,Assassin,All,Both,Both_Hand,"bonus bIgnoreDefRace,RC_DemiHuman;
bonus bIgnoreDefRace,RC_Player_Human;
bonus bFlee,-(readparam(bAgi)+BaseLevel);
bonus bHPrecovRate,-100;
bonus bSPrecovRate,-100;
",,
1266,Infiltrator_,Infiltrator,Weapon,Katar,57000,,1500,140,0,0,1,1,4,,75,0,True,Assassin,All,Both,Both_Hand,"bonus2 bAddRace,RC_DemiHuman,50;
bonus2 bAddRace,RC_Player_Human,50;
bonus bDef,3;
bonus bFlee,5;
bonus bFlee2,2;
",,
1267,Infiltrator_C,Infiltrator,Weapon,Katar,1,,0,189,0,0,1,0,4,,1,0,False,Assassin,All,Both,Both_Hand,"bonus2 bAddRace,RC_DemiHuman,70;
bonus2 bAddRace,RC_Player_Human,70;
bonus bDef,3;
bonus bFlee,5;
bonus bFlee2,2;
bonus bAspdRate,5;
",,
1268,Wild_Beast_Claw,Wild Beast Claw,Weapon,Katar,20,,1450,160,0,0,1,1,4,,55,0,True,Assassin,Upper,Both,Both_Hand,"if (getrefine()>=9)
   bonus3 bAutoSpell,""NPC_CRITICALWOUND"",2,100;
else
   bonus3 bAutoSpell,""NPC_CRITICALWOUND"",1,100;
",,
1269,Inverse_Scale,Inverse Scale,Weapon,Katar,20,,1500,140,0,0,1,0,4,,55,0,True,Assassin,Upper,Both,Both_Hand,"bonus bAtkEle,Ele_Holy;
bonus3 bAutoSpell,""NPC_DRAGONFEAR"",1,30;
",,
1270,Drill_Katar,Drill Katar,Weapon,Katar,20,,1400,110,0,0,1,1,4,,55,0,True,Assassin,Upper,Both,Both_Hand,"bonus bHit,30;
bonus3 bAutoSpell,""ST_FULLSTRIP"",1,150;
",,
1271,Blood_Tears,Blood Tears,Weapon,Katar,20,,1700,120,0,0,1,2,4,,55,0,True,Assassin,Upper,Both,Both_Hand,"if (getrefine()>=9)
   bonus3 bAutoSpell,""NPC_WIDEBLEEDING"",2,30;
else
   bonus3 bAutoSpell,""NPC_WIDEBLEEDING"",1,30;
",,
1272,Scratcher,Scratcher,Weapon,Katar,20,,0,120,0,0,1,0,1,,0,0,False,Assassin,All,Both,Both_Hand,"bonus2 bAddClass,Class_All,50;
",,
1273,Bloody_Roar_C,Refined Bloody Roar,Weapon,Katar,1,,0,148,0,0,1,0,4,,0,0,False,Assassin,All,Both,Both_Hand,"bonus bIgnoreDefRace,RC_DemiHuman;
bonus bIgnoreDefRace,RC_Player_Human;
bonus2 bHPRegenRate,3,5000;
",,
1274,Unholy_Touch_C,Refined Unholy Touch,Weapon,Katar,1,,0,179,0,0,1,0,4,,0,0,False,Assassin,All,Both,Both_Hand,"bonus bAtkEle,Ele_Dark;
bonus2 bAddEff,Eff_Curse,5000;
bonus bCritical,-1;
bonus bUnbreakableWeapon;
",,
1275,Katar_Of_Cold_Icicle_,Katar of Frozen Icicle,Weapon,Katar,45000,,1200,105,0,0,1,3,3,,55,0,True,Assassin,All,Both,Both_Hand,"bonus bAtkEle,Ele_Water;
bonus2 bAddEff,Eff_Freeze,500;
",,
1276,Katar_Of_Thornbush_,Katar of Quaking,Weapon,Katar,45000,,1200,105,0,0,1,3,3,,55,0,True,Assassin,All,Both,Both_Hand,"bonus bAtkEle,Ele_Earth;
bonus2 bAddEff,Eff_Blind,500;
",,
1277,Katar_Of_Raging_Blaze_,Katar of Raging Blaze,Weapon,Katar,45000,,1200,105,0,0,1,3,3,,55,0,True,Assassin,All,Both,Both_Hand,"bonus bAtkEle,Ele_Fire;
bonus2 bAddEff,Eff_Silence,500;
",,
1278,Katar_Of_Piercing_Wind_,Katar of Piercing Wind,Weapon,Katar,45000,,1200,105,0,0,1,3,3,,55,0,True,Assassin,All,Both,Both_Hand,"bonus bAtkEle,Ele_Wind;
bonus2 bAddEff,Eff_Sleep,500;
",,
1279,BF_Katar1,Brave Carnage Katar,Weapon,Katar,20,,0,130,0,0,1,0,3,,80,0,True,Assassin,All,Both,Both_Hand,"bonus bStr,1;
bonus bDex,1;
bonus bLuk,1;
bonus2 bAddRace,RC_DemiHuman,70;
bonus2 bAddRace,RC_Player_Human,70;
bonus2 bIgnoreDefRaceRate,RC_DemiHuman,20;
bonus2 bIgnoreDefRaceRate,RC_Player_Human,20;
bonus bUnbreakableWeapon;
",,
1280,BF_Katar2,Valorous Carnage Katar,Weapon,Katar,20,,0,130,0,0,1,0,3,,80,0,True,Assassin,All,Both,Both_Hand,"bonus bStr,1;
bonus bDex,1;
bonus bLuk,1;
bonus2 bAddRace,RC_DemiHuman,70;
bonus2 bAddRace,RC_Player_Human,70;
bonus bCritAtkRate,20;
bonus bAspdRate,5;
bonus bUnbreakableWeapon;
",,
1281,Krieger_Katar1,Glorious Bloody Roar,Weapon,Katar,20,,0,140,0,0,1,0,4,,80,0,True,Assassin,All,Both,Both_Hand,"bonus2 bAddRace,RC_DemiHuman,70;
bonus2 bAddRace,RC_Player_Human,70;
bonus2 bIgnoreDefRaceRate,RC_DemiHuman,20;
bonus2 bIgnoreDefRaceRate,RC_Player_Human,20;
bonus bUnbreakableWeapon;
if (getrefine()>5) {
   bonus2 bAddRace,RC_DemiHuman,(getrefine()-4)*(getrefine()-4);
   bonus2 bAddRace,RC_Player_Human,(getrefine()-4)*(getrefine()-4);
   bonus2 bIgnoreDefRaceRate,RC_DemiHuman,5;
   bonus2 bIgnoreDefRaceRate,RC_Player_Human,5;
}
if (getrefine()>8)
   autobonus ""{ bonus bAspdRate,100; }"",70,3000,BF_WEAPON,""{ specialeffect2 EF_POTION_BERSERK; }"";
",,
1282,Krieger_Katar2,Glorious Jamadhar,Weapon,Katar,20,,0,140,0,0,1,0,4,,80,0,True,Assassin,All,Both,Both_Hand,"bonus2 bAddRace,RC_DemiHuman,70;
bonus2 bAddRace,RC_Player_Human,70;
bonus2 bIgnoreDefRaceRate,RC_DemiHuman,20;
bonus2 bIgnoreDefRaceRate,RC_Player_Human,20;
bonus bUnbreakableWeapon;
if (getrefine()>5) {
   bonus2 bAddRace,RC_DemiHuman,(getrefine()-4)*(getrefine()-4);
   bonus2 bAddRace,RC_Player_Human,(getrefine()-4)*(getrefine()-4);
   bonus2 bCriticalAddRace,RC_DemiHuman,5;
   bonus2 bCriticalAddRace,RC_Player_Human,5;
}
if (getrefine()>8)
   autobonus ""{ bonus bAspdRate,100; }"",70,3000,BF_WEAPON,""{ specialeffect2 EF_POTION_BERSERK; }"";
",,
1283,Katar_Of_Speed,Katar Of Speed,Weapon,Katar,20,,0,175,0,0,1,0,4,,0,0,False,Assassin,All,Both,Both_Hand,"bonus2 bSkillAtk,""AS_SONICBLOW"",25;
bonus bAspdRate,3;
",,
1284,Krishna,Krishna,Weapon,Katar,20,,1200,120,0,0,1,2,3,,50,0,True,Assassin,Upper,Both,Both_Hand,"bonus2 bSkillAtk,""AS_GRIMTOOTH"",10;
if (getskilllv(""AS_SONICBLOW"")) {
   bonus3 bAutoSpell,""AS_SONICBLOW"",getskilllv(""AS_SONICBLOW""),5;
}
else {
   bonus3 bAutoSpell,""AS_SONICBLOW"",1,5;
}
",,
1285,Cakram,Chakram,Weapon,Katar,20,,1000,130,0,0,1,2,3,,50,0,True,Assassin,Upper,Both,Both_Hand,"if (getskilllv(""AS_KATAR"") == 10) {
   bonus bHit,10;
}
bonus2 bSkillAtk,""ASC_METEORASSAULT"",20;
",,
1286,Jamadhar_C,Jamadhar,Weapon,Katar,,,0,200,0,0,1,0,3,,1,0,False,Assassin,All,Both,Both_Hand,"bonus bUnbreakableWeapon;
bonus2 bAddSize,Size_All,40;
",,
1301,Axe,Axe,Weapon,1hAxe,500,,800,38,0,0,1,3,1,,3,0,True,"Alchemist, Assassin, Blacksmith, Crusader, Knight, Merchant, Novice, Rogue, SuperNovice, Swordman, Thief",All,Both,Right_Hand,,,
1302,Axe_,Axe,Weapon,1hAxe,500,,800,38,0,0,1,4,1,,3,0,True,"Alchemist, Assassin, Blacksmith, Crusader, Knight, Merchant, Novice, Rogue, SuperNovice, Swordman, Thief",All,Both,Right_Hand,,,
1303,Axe__,Axe,Weapon,1hAxe,500,,800,38,0,0,1,0,1,,3,0,True,"Alchemist, Assassin, Blacksmith, Crusader, Knight, Merchant, Novice, Rogue, SuperNovice, Swordman, Thief",All,Both,Right_Hand,,,
1304,Orcish_Axe,Orcish Axe,Weapon,1hAxe,20,,1500,75,0,0,1,0,3,,3,0,True,"Alchemist, Assassin, Blacksmith, Crusader, Knight, Merchant, Novice, Rogue, SuperNovice, Swordman, Thief",All,Both,Right_Hand,,,
1305,Cleaver,Cleaver,Weapon,1hAxe,20,,1200,140,0,0,1,0,4,,44,0,True,"Alchemist, Blacksmith, Crusader, Knight, Merchant, Swordman",All,Both,Right_Hand,"bonus2 bSubRace,RC_DemiHuman,5;
bonus2 bSubRace,RC_Player_Human,5;
bonus3 bAddMonsterDropItem,517,RC_Brute,3000;
",,
1306,War_Axe,War Axe,Weapon,1hAxe,20,,4200,140,0,0,1,1,3,,76,0,True,"Alchemist, Blacksmith",All,Both,Right_Hand,"bonus bDex,2;
bonus bLuk,2;
",,
1307,Windhawk,Windhawk,Weapon,1hAxe,18000,,1500,115,0,0,1,0,2,,14,0,True,"Alchemist, Assassin, Blacksmith, Crusader, Knight, Merchant, Rogue, Swordman, Thief",All,Both,Right_Hand,"bonus bAtkEle,Ele_Wind;
bonus bAspdRate,5;
",,
1308,Golden_Axe,Golden Axe,Weapon,1hAxe,20,,3000,170,0,0,1,0,4,,45,0,True,"Novice, SuperNovice",All,Both,Right_Hand,,,
1309,Orcish_Axe_,Orcish Axe,Weapon,1hAxe,20,,1500,75,0,0,1,4,3,,3,0,True,"Alchemist, Assassin, Blacksmith, Crusader, Knight, Merchant, Novice, Rogue, SuperNovice, Swordman, Thief",All,Both,Right_Hand,,,
1310,Krieger_Onehand_Axe1,Glorious Cleaver,Weapon,1hAxe,20,,0,130,0,0,1,0,4,,80,0,True,"Alchemist, Blacksmith, Crusader, Knight, Merchant, Swordman",All,Both,Right_Hand,"bonus2 bAddRace,RC_DemiHuman,75;
bonus2 bAddRace,RC_Player_Human,75;
bonus2 bIgnoreDefRaceRate,RC_DemiHuman,20;
bonus2 bIgnoreDefRaceRate,RC_Player_Human,20;
bonus bUnbreakableWeapon;
if (getrefine()>5) {
   bonus2 bAddRace,RC_DemiHuman,(getrefine()-4)*(getrefine()-4);
   bonus2 bAddRace,RC_Player_Human,(getrefine()-4)*(getrefine()-4);
   bonus2 bIgnoreDefRaceRate,RC_DemiHuman,5;
   bonus2 bIgnoreDefRaceRate,RC_Player_Human,5;
   bonus bAspdRate,5;
}
if (getrefine()>8) {
   bonus bAspdRate,5;
   bonus3 bAutoSpell,""NPC_CRITICALWOUND"",1,50;
   bonus4 bAutoSpellOnSkill,""MC_MAMMONITE"",""NPC_CRITICALWOUND"",2,200;
}
",,
1311,Vecer_Axe,Vecer Axe,Weapon,1hAxe,20,,1500,140,0,0,1,2,3,,50,0,True,"Alchemist, Blacksmith, Crusader, Knight, Merchant, Swordman",Upper,Both,Right_Hand,"if (readparam(bLuk)>=90) {
   bonus bBaseAtk,20;
}
if (readparam(bDex)>=90) {
   bonus bCritical,5;
}
if (readparam(bDex)>=90 || readparam(bLuk)>=90) {
   bonus2 bSkillAtk,""MC_MAMMONITE"",15;
}
",,
1312,Orcish_Axe_C,Orcish Axe,Weapon,1hAxe,,,0,110,0,0,1,0,3,,1,0,False,"Alchemist, Assassin, Blacksmith, Crusader, Knight, Merchant, Novice, Rogue, SuperNovice, Swordman, Thief",All,Both,Right_Hand,"bonus2 bAddSize,Size_All,70;
",,
1313,Tourist_Axe,Tourist Axe,Weapon,1hAxe,,,500,77,0,0,1,0,1,,1,0,False,"Alchemist, Assassin, Blacksmith, Crusader, Knight, Merchant, Novice, Rogue, SuperNovice, Swordman, Thief",All,Both,Right_Hand,"bonus bStr,2;
",,
1314,F_Tomahawk_C,Tomahawk,Weapon,2hAxe,2,,0,200,0,0,1,0,4,,0,0,False,"Alchemist, Blacksmith, Crusader, Knight, Merchant, Swordman",All,Both,Both_Hand,"bonus bAtkEle,Ele_Wind;
",,
1315,F_Right_Epsilon_C,Light Epsilon,Weapon,2hAxe,1,,0,229,0,0,1,0,4,,1,0,False,"Alchemist, Blacksmith, Crusader, Knight, Merchant, Swordman",All,Both,Both_Hand,"bonus bAtkEle,Ele_Holy;
bonus bStr,10;
",,
1351,Battle_Axe,Battle Axe,Weapon,2hAxe,5400,,1500,80,0,0,1,3,1,,3,0,True,"Alchemist, Blacksmith, Crusader, Knight, Merchant, Swordman",All,Both,Both_Hand,,,
1352,Battle_Axe_,Battle Axe,Weapon,2hAxe,5400,,1500,80,0,0,1,4,1,,3,0,True,"Alchemist, Blacksmith, Crusader, Knight, Merchant, Swordman",All,Both,Both_Hand,,,
1353,Battle_Axe__,Battle Axe,Weapon,2hAxe,5400,,1500,80,0,0,1,0,1,,3,0,True,"Alchemist, Blacksmith, Crusader, Knight, Merchant, Swordman",All,Both,Both_Hand,,,
1354,Hammer,Hammer,Weapon,2hAxe,15500,,2000,120,0,0,1,2,2,,16,0,True,"Alchemist, Blacksmith, Crusader, Knight, Merchant, Swordman",All,Both,Both_Hand,,,
1355,Hammer_,Hammer,Weapon,2hAxe,15500,,2000,120,0,0,1,3,2,,16,0,True,"Alchemist, Blacksmith, Crusader, Knight, Merchant, Swordman",All,Both,Both_Hand,,,
1356,Hammer__,Hammer,Weapon,2hAxe,15500,,2000,120,0,0,1,0,2,,16,0,True,"Alchemist, Blacksmith, Crusader, Knight, Merchant, Swordman",All,Both,Both_Hand,,,
1357,Buster,Buster,Weapon,2hAxe,34000,,2200,155,0,0,1,1,3,,30,0,True,"Alchemist, Blacksmith, Crusader, Knight, Merchant, Swordman",All,Both,Both_Hand,,,
1358,Buster_,Buster,Weapon,2hAxe,34000,,2200,155,0,0,1,2,3,,30,0,True,"Alchemist, Blacksmith, Crusader, Knight, Merchant, Swordman",All,Both,Both_Hand,,,
1359,Buster__,Buster,Weapon,2hAxe,34000,,2200,155,0,0,1,0,3,,30,0,True,"Alchemist, Blacksmith, Crusader, Knight, Merchant, Swordman",All,Both,Both_Hand,,,
1360,Two_Handed_Axe,Two-Handed Axe,Weapon,2hAxe,55000,,2500,185,0,0,1,1,3,,30,0,True,"Alchemist, Blacksmith, Crusader, Knight, Merchant, Swordman",All,Both,Both_Hand,,,
1361,Two_Handed_Axe_,Two-Handed Axe,Weapon,2hAxe,55000,,2500,185,0,0,1,2,3,,30,0,True,"Alchemist, Blacksmith, Crusader, Knight, Merchant, Swordman",All,Both,Both_Hand,,,
1362,Two_Handed_Axe__,Two-Handed Axe,Weapon,2hAxe,55000,,2500,185,0,0,1,0,3,,30,0,True,"Alchemist, Blacksmith, Crusader, Knight, Merchant, Swordman",All,Both,Both_Hand,,,
1363,Brood_Axe,Bloody Axe,Weapon,2hAxe,20,,4000,170,0,0,1,0,4,,44,0,True,"Alchemist, Blacksmith, Crusader, Knight, Merchant, Swordman",All,Both,Both_Hand,"bonus bStr,10;
bonus bSpeedRate,25;
",,
1364,Great_Axe,Great Axe,Weapon,2hAxe,20,,1800,187,0,0,1,0,4,,44,0,True,"Alchemist, Blacksmith, Crusader, Knight, Merchant, Swordman",All,Both,Both_Hand,"bonus2 bAddSkillBlow,""MC_MAMMONITE"",5;
bonus2 bAddEff,Eff_Stun,1500;
",,
1365,Sabbath,Sabbath,Weapon,2hAxe,20,,2300,120,0,0,1,0,4,,44,0,True,"Alchemist, Blacksmith, Crusader, Knight, Merchant, Swordman",All,Both,Both_Hand,"bonus bAtkEle,Ele_Dark;
bonus2 bComaRace,RC_Demon,50;
bonus2 bCriticalAddRace,RC_Undead,50;
",,
1366,Right_Epsilon,Light Epsilon,Weapon,2hAxe,20,,2300,180,0,0,1,0,4,,44,0,True,"Alchemist, Blacksmith, Crusader, Knight, Merchant, Swordman",All,Both,Both_Hand,"bonus bAtkEle,Ele_Holy;
skill ""AL_HEAL"",3;
bonus2 bAddRace,RC_Demon,3;
",,
1367,Slaughter,Slaughter,Weapon,2hAxe,20,,2500,120,0,0,1,0,4,,44,0,True,"Alchemist, Blacksmith, Crusader, Knight, Merchant, Swordman",All,Both,Both_Hand,"bonus bAtkEle,Ele_Earth;
bonus bIgnoreDefRace,RC_Brute;
bonus2 bComaRace,RC_Brute,40;
bonus bIgnoreDefRace,RC_Player_Doram;
bonus2 bComaRace,RC_Player_Doram,40;
",,
1368,Tomahawk,Tomahawk,Weapon,2hAxe,20,,2500,165,0,0,1,0,4,,44,0,True,"Alchemist, Blacksmith, Crusader, Knight, Merchant, Swordman",All,Both,Both_Hand,"bonus bAtkEle,Ele_Wind;
skill ""ITM_TOMAHAWK"",1;
",,
1369,Guillotine,Guillotine,Weapon,2hAxe,20,,3000,215,0,0,1,0,4,,44,0,True,"Alchemist, Blacksmith, Crusader, Knight, Merchant, Swordman",All,Both,Both_Hand,"bonus2 bComaRace,RC_DemiHuman,30;
bonus2 bComaRace,RC_Player_Human,30;
bonus2 bSPDrainValueRace,RC_DemiHuman,2;
bonus2 bSPDrainValueRace,RC_Player_Human,2;
bonus2 bSPGainRace,RC_DemiHuman,20;
bonus2 bSPGainRace,RC_Player_Human,20;
",,
1370,Doom_Slayer,Doom Slayer,Weapon,2hAxe,20,,6000,10,0,0,1,0,4,,80,0,True,"Alchemist, Blacksmith, Crusader, Knight, Merchant, Swordman",All,Both,Both_Hand,"bonus bAspdRate,-40;
bonus bUseSPrate,100;
if (readparam(bStr)>=95) {
   bonus bBaseAtk,340;
   bonus2 bAddEff,Eff_Stun,3000;
   bonus bBreakArmorRate,500;
}
",,
1371,Doom_Slayer_,Doom Slayer,Weapon,2hAxe,20,,6000,10,0,0,1,1,4,,80,0,True,"Alchemist, Blacksmith, Crusader, Knight, Merchant, Swordman",All,Both,Both_Hand,"bonus bAspdRate,-40;
bonus bUseSPrate,100;
if (readparam(bStr)>=95) {
   bonus bBaseAtk,340;
   bonus2 bAddEff,Eff_Stun,3000;
   bonus bBreakArmorRate,500;
}
",,
1372,Right_Epsilon_C,Light Epsilon,Weapon,2hAxe,1,,0,229,0,0,1,0,4,,1,0,False,"Alchemist, Blacksmith, Crusader, Knight, Merchant, Swordman",All,Both,Both_Hand,"bonus bAtkEle,Ele_Holy;
skill ""AL_HEAL"",3;
bonus2 bAddRace,RC_Demon,3;
bonus bStr,10;
bonus bSpeedRate,25;
",,
1373,Brood_Axe_C,Refined Bloody Axe,Weapon,2hAxe,2,,0,205,0,0,1,0,4,,0,0,False,"Alchemist, Blacksmith, Crusader, Knight, Merchant, Swordman",All,Both,Both_Hand,"bonus bStr,20;
bonus bSpeedRate,25;
bonus bAspdRate,5;
",,
1374,Tomahawk_C,Tomahawk,Weapon,2hAxe,2,,0,200,0,0,1,0,4,,0,0,False,"Alchemist, Blacksmith, Crusader, Knight, Merchant, Swordman",All,Both,Both_Hand,"bonus bAtkEle,Ele_Wind;
skill ""ITM_TOMAHAWK"",1;
",,
1375,Berdysz,Berdysz,Weapon,2hAxe,20,,2500,200,0,0,1,2,3,,70,0,True,"Alchemist, Blacksmith, Crusader, Knight, Merchant, Swordman",Upper,Both,Both_Hand,"bonus2 bSubSize,Size_Medium,13;
bonus2 bSubSize,Size_Large,15;
",,
1376,Heart_Breaker,Heart Breaker,Weapon,2hAxe,20,,2000,175,0,0,1,1,4,,70,0,True,"Alchemist, Blacksmith, Crusader, Knight, Merchant, Swordman",Upper,Both,Both_Hand,"bonus bCritical,20+getrefine();
bonus bAspdRate,5;
if (Class == Job_Whitesmith || Class == Job_Creator)
   bonus3 bAutoSpell,""BS_HAMMERFALL"",3,30;
",,
1377,Hurricane_Fury,Hurricane's Fury,Weapon,2hAxe,20,,3500,332,0,0,1,1,4,,80,0,True,"Alchemist, Blacksmith, Crusader, Knight, Merchant, Swordman",Upper,Both,Both_Hand,"bonus2 bSubSize,Size_Medium,10+getrefine();
bonus bAspdRate,getrefine();
bonus3 bAutoSpell,""NPC_PULSESTRIKE"",5,20;
",,
1378,Great_Axe_C,Refined Great Axe,Weapon,2hAxe,1,,0,215,0,0,1,0,4,,0,0,False,"Alchemist, Blacksmith, Crusader, Knight, Merchant, Swordman",All,Both,Both_Hand,"bonus bStr,5;
bonus bHit,20;
bonus2 bAddSkillBlow,""MC_MAMMONITE"",5;
bonus2 bAddEff,Eff_Stun,2000;
",,
1379,BF_Two_Handed_Axe1,Valorous Insane Battle Axe,Weapon,2hAxe,20,,0,200,0,0,1,0,3,,80,0,True,"Alchemist, Blacksmith, Crusader, Knight, Merchant, Swordman",All,Both,Both_Hand,"bonus bStr,3;
bonus2 bAddRace,RC_DemiHuman,55;
bonus2 bAddRace,RC_Player_Human,55;
bonus2 bIgnoreDefRaceRate,RC_DemiHuman,20;
bonus2 bIgnoreDefRaceRate,RC_Player_Human,20;
bonus bUnbreakableWeapon;
",,
1380,BF_Two_Handed_Axe2,Brave Insane Battle Axe,Weapon,2hAxe,20,,0,200,0,0,1,0,3,,80,0,True,"Alchemist, Blacksmith, Crusader, Knight, Merchant, Swordman",All,Both,Both_Hand,"bonus bStr,3;
bonus2 bAddRace,RC_DemiHuman,55;
bonus2 bAddRace,RC_Player_Human,55;
autobonus ""{ bonus bBreakArmorRate,10000; }"",20,3000,BF_WEAPON,""{ specialeffect2 EF_POTION_BERSERK; }"";
bonus bUnbreakableWeapon;
",,
1381,N_Battle_Axe,Novice Battle Axe,Weapon,2hAxe,,,0,100,0,0,1,3,1,,3,0,False,"Alchemist, Blacksmith, Crusader, Knight, Merchant, Swordman",All,Both,Both_Hand,,,
1382,Krieger_Twohand_Axe1,Glorious Two-Handed Axe,Weapon,2hAxe,20,,0,220,0,0,1,0,4,,80,0,True,"Alchemist, Blacksmith, Crusader, Knight, Merchant, Swordman",All,Both,Both_Hand,"bonus2 bAddRace,RC_DemiHuman,70;
bonus2 bAddRace,RC_Player_Human,70;
bonus2 bIgnoreDefRaceRate,RC_DemiHuman,25;
bonus2 bIgnoreDefRaceRate,RC_Player_Human,25;
bonus bUnbreakableWeapon;
if (getrefine()>5) {
   bonus2 bAddRace,RC_DemiHuman,(getrefine()-3)*(getrefine()-3);
   bonus2 bAddRace,RC_Player_Human,(getrefine()-3)*(getrefine()-3);
   bonus2 bIgnoreDefRaceRate,RC_DemiHuman,5;
   bonus2 bIgnoreDefRaceRate,RC_Player_Human,5;
   bonus3 bAutoSpell,""NPC_CRITICALWOUND"",1,50;
}
if (getrefine()>8) {
   bonus3 bAutoSpell,""NPC_CRITICALWOUND"",1,100;
   bonus4 bAutoSpellOnSkill,""MC_MAMMONITE"",""NPC_CRITICALWOUND"",2,200;
   bonus4 bAutoSpellOnSkill,""WS_CARTTERMINATION"",""NPC_CRITICALWOUND"",2,200;
}
",,
1383,Holy_Celestial_Axe,Celestial Axe,Weapon,2hAxe,20,,1500,200,0,0,1,0,4,,60,0,True,"Alchemist, Blacksmith, Crusader, Knight, Merchant, Swordman",All,Both,Both_Hand,"bonus bAtkEle,Ele_Holy;
bonus bVit,10;
bonus2 bAddRace,RC_Undead,10;
bonus3 bAutoSpell,""AL_BLESSING"",5,50;
",,
1384,Veteran_Axe,Veteran Axe,Weapon,2hAxe,10000,,3000,250,0,0,1,2,3,,80,0,True,"Alchemist, Blacksmith, Crusader, Knight, Merchant, Swordman",All,Both,Both_Hand,"if (getskilllv(""BS_DAGGER"") == 3) {
   bonus bBaseAtk,10;
}
if (getskilllv(""BS_SWORD"") == 3) {
   bonus bBaseAtk,10;
}
if (getskilllv(""BS_TWOHANDSWORD"") == 3) {
   bonus bBaseAtk,10;
}
if (getskilllv(""BS_KNUCKLE"") == 3) {
   bonus bBaseAtk,10;
}
if (getskilllv(""BS_SPEAR"") == 3) {
   bonus bBaseAtk,10;
}
if (getskilllv(""BS_AXE"") == 3) {
   bonus bBaseAtk,10;
}
if (getskilllv(""BS_MACE"") == 3) {
   bonus bBaseAtk,10;
}
bonus bVit,2;
",,
1385,Bradium_Stonehammer,Bradium Stone Hammer,Weapon,2hAxe,20,,2700,210,0,0,1,0,4,,75,0,True,"Alchemist, Blacksmith, Crusader, Knight, Merchant, Swordman",Upper,Both,Both_Hand,"bonus3 bAddEffOnSkill,""BS_HAMMERFALL"",Eff_Stun,500+(200*getrefine());
",,
1386,Doom_Slayer_I,Doom Slayer,Weapon,2hAxe,,,0,20,0,0,1,0,4,,0,0,False,"Alchemist, Blacksmith, Crusader, Knight, Merchant, Swordman",All,Both,Both_Hand,"if (readparam(bStr)>=95) {
   bonus bBaseAtk,400;
   bonus2 bAddEff,Eff_Stun,3000;
   bonus bAspdRate,-25;
   bonus bUseSPrate,100;
   bonus bBreakArmorRate,500;
}
",,
1387,Giant_Axe,Giant Axe,Weapon,2hAxe,20,,4000,330,0,0,1,1,3,,50,0,True,"Alchemist, Blacksmith, Crusader, Knight, Merchant, Swordman",Upper,Both,Both_Hand,"bonus2 bSkillAtk,""WS_CARTTERMINATION"",15;
if (readparam(bStr)>=95) {
   bonus bHit,10;
   bonus bAspdRate,3;
}
",,
1388,Two_Handed_Axe_C,Two-Handed Axe,Weapon,2hAxe,,,0,220,0,0,1,0,3,,1,0,False,"Alchemist, Blacksmith, Crusader, Knight, Merchant, Swordman",All,Both,Both_Hand,"bonus2 bAddSize,Size_All,40;
",,
1389,E_Tomahawk_C,Tomahawk,Weapon,2hAxe,2,,0,200,0,0,1,0,4,,0,0,False,"Alchemist, Blacksmith, Crusader, Knight, Merchant, Swordman",All,Both,Both_Hand,"bonus bAtkEle,Ele_Wind;
",,
1390,E_Right_Epsilon_C,Light Epsilon,Weapon,2hAxe,1,,0,229,0,0,1,0,4,,1,0,False,"Alchemist, Blacksmith, Crusader, Knight, Merchant, Swordman",All,Both,Both_Hand,"bonus bAtkEle,Ele_Holy;
bonus bStr,10;
",,
1401,Javelin,Javelin,Weapon,1hSpear,150,,700,28,0,0,3,3,1,,4,0,True,"Crusader, Knight, Swordman",All,Both,Right_Hand,,,
1402,Javelin_,Javelin,Weapon,1hSpear,150,,700,28,0,0,3,4,1,,4,0,True,"Crusader, Knight, Swordman",All,Both,Right_Hand,,,
1403,Javelin__,Javelin,Weapon,1hSpear,150,,700,28,0,0,3,0,1,,4,0,True,"Crusader, Knight, Swordman",All,Both,Right_Hand,,,
1404,Spear,Spear,Weapon,1hSpear,1700,,850,44,0,0,3,3,1,,4,0,True,"Crusader, Knight, Swordman",All,Both,Right_Hand,,,
1405,Spear_,Spear,Weapon,1hSpear,1700,,850,44,0,0,3,4,1,,4,0,True,"Crusader, Knight, Swordman",All,Both,Right_Hand,,,
1406,Spear__,Spear,Weapon,1hSpear,1700,,850,44,0,0,3,0,1,,4,0,True,"Crusader, Knight, Swordman",All,Both,Right_Hand,,,
1407,Pike,Pike,Weapon,1hSpear,3450,,1000,60,0,0,3,3,1,,4,0,True,"Crusader, Knight, Swordman",All,Both,Right_Hand,,,
1408,Pike_,Pike,Weapon,1hSpear,3450,,1000,60,0,0,3,4,1,,4,0,True,"Crusader, Knight, Swordman",All,Both,Right_Hand,,,
1409,Pike__,Pike,Weapon,1hSpear,3450,,1000,60,0,0,3,0,1,,4,0,True,"Crusader, Knight, Swordman",All,Both,Right_Hand,,,
1410,Lance,Lance,Weapon,2hSpear,60000,,2500,185,0,0,3,0,3,,33,0,True,"Crusader, Knight, Swordman",All,Both,Both_Hand,,,
1411,Lance_,Lance,Weapon,2hSpear,60000,,2500,185,0,0,3,0,3,,33,0,True,"Crusader, Knight, Swordman",All,Both,Both_Hand,,,
1412,Lance__,Lance,Weapon,2hSpear,60000,,2500,185,0,0,3,0,3,,33,0,True,"Crusader, Knight, Swordman",All,Both,Both_Hand,,,
1413,Gungnir,Gungnir,Weapon,1hSpear,20,,500,120,0,0,3,0,4,,4,0,True,"Crusader, Knight, Swordman",All,Both,Right_Hand,"bonus bAtkEle,Ele_Wind;
bonus bPerfectHitRate,25;
bonus bHit,30;
",,
1414,Gelerdria,Gelerdria,Weapon,1hSpear,20,,700,145,0,0,3,0,4,,48,0,True,"Crusader, Knight, Swordman",All,Both,Right_Hand,"bonus bAtkEle,Ele_Earth;
bonus bMaxHP,800;
bonus bMaxSP,-50;
",,
1415,Skewer,Brocca,Weapon,1hSpear,20,,850,100,0,0,3,0,4,,48,0,True,"Crusader, Knight, Swordman",All,Both,Right_Hand,"bonus bIgnoreDefClass,Class_Normal;
bonus2 bAddEle,Ele_Neutral,25;
",,
1416,Tjungkuletti,Tjungkuletti,Weapon,1hSpear,20,,1000,95,0,0,3,0,4,,48,0,True,"Crusader, Knight, Swordman",All,Both,Right_Hand,"bonus bSPDrainValue,1;
bonus bSPGainValue,5;
",,
1417,Pole_Axe,Pole Axe,Weapon,1hSpear,20,,3800,160,0,0,3,1,3,,71,0,True,"Crusader, Knight, Swordman",All,Both,Right_Hand,"bonus bStr,1;
bonus bInt,2;
bonus bDex,1;
",,
1418,Gungnir_,Gungnir,Weapon,1hSpear,20,,500,120,0,0,3,2,4,,4,0,True,"Crusader, Knight, Swordman",All,Both,Right_Hand,"bonus bAtkEle,Ele_Wind;
bonus bPerfectHitRate,25;
bonus bHit,30;
",,
1419,Pole_Axe_C,Pole Axe,Weapon,1hSpear,1,,4800,159,0,0,3,0,3,,1,0,False,"Crusader, Knight, Swordman",All,Both,Right_Hand,"bonus bStr,1;
bonus bInt,2;
bonus bDex,1;
",,
1420,Long_Horn,Long Horn,Weapon,1hSpear,20,,1000,150,0,0,3,1,4,,65,0,True,"Crusader, Knight, Swordman",Upper,Both,Right_Hand,"bonus bAtkEle,Ele_Holy;
bonus2 bAddEff,Eff_Bleeding,500;
skill ""TF_DETOXIFY"",1;
bonus bUnbreakableWeapon;
",,
1421,Battle_Hook,Battle Hook,Weapon,1hSpear,20,,900,140,0,0,3,1,4,,65,0,True,"Crusader, Knight, Swordman",Upper,Both,Right_Hand,"bonus2 bAddEff,Eff_Stun,500;
bonus2 bAddRace,RC_DemiHuman,20;
bonus2 bAddRace,RC_Player_Human,20;
skill ""KN_PIERCE"",3;
",,
1422,Hunting_Spear,Hunting Spear,Weapon,1hSpear,20,,4200,180,0,0,3,1,4,,60,0,True,"Crusader, Knight, Swordman",Upper,Both,Right_Hand,"bonus bIgnoreDefRace,RC_Brute;
bonus bIgnoreDefRace,RC_Player_Doram;
bonus3 bAddMonsterDropItem,517,RC_Brute,1000;
bonus3 bAutoSpell,""LK_JOINTBEAT"",3,100;
",,
1423,Pole_XO,Pole XO,Weapon,1hSpear,20,,0,120,0,0,3,0,1,,0,0,False,"Crusader, Knight, Swordman",All,Both,Right_Hand,"bonus2 bAddClass,Class_All,50;
",,
1424,Skewer_C,Refined Brocca,Weapon,1hSpear,1,,0,149,0,0,3,0,4,,0,0,False,"Crusader, Knight, Swordman",All,Both,Right_Hand,"bonus bIgnoreDefClass,Class_Normal;
bonus2 bAddSize,Size_Medium,20;
",,
1425,BF_Spear1,Assaulter Spear,Weapon,1hSpear,20,,0,60,0,0,3,0,3,,80,0,True,"Crusader, Knight, Swordman",All,Both,Right_Hand,"bonus bStr,2;
bonus2 bAddRace,RC_DemiHuman,95;
bonus2 bAddRace,RC_Player_Human,95;
bonus2 bIgnoreDefRaceRate,RC_DemiHuman,20;
bonus2 bIgnoreDefRaceRate,RC_Player_Human,20;
bonus bUnbreakableWeapon;
if (BaseJob == Job_Crusader)
   bonus bAspdRate,20;
",,
1426,Krieger_Onehand_Spear1,Glorious Spear,Weapon,1hSpear,20,,0,130,0,0,3,0,4,,80,0,True,"Crusader, Knight, Swordman",All,Both,Right_Hand,"bonus2 bAddRace,RC_DemiHuman,95;
bonus2 bAddRace,RC_Player_Human,95;
bonus2 bIgnoreDefRaceRate,RC_DemiHuman,20;
bonus2 bIgnoreDefRaceRate,RC_Player_Human,20;
bonus bUnbreakableWeapon;
if (getrefine()>5) {
   bonus2 bAddRace,RC_DemiHuman,(getrefine()-4)*(getrefine()-4);
   bonus2 bAddRace,RC_Player_Human,(getrefine()-4)*(getrefine()-4);
   bonus2 bIgnoreDefRaceRate,RC_DemiHuman,5;
   bonus2 bIgnoreDefRaceRate,RC_Player_Human,5;
   bonus bAspdRate,10;
}
if (getrefine()>8) {
   if (BaseJob == Job_Knight)
      bonus4 bAutoSpellOnSkill,""KN_PIERCE"",""NPC_CRITICALWOUND"",2,200;
   else if (BaseJob == Job_Crusader)
      bonus3 bAutoSpell,""PA_PRESSURE"",5,100;
}
",,
1427,Spear_Of_Excellent,Spear Of Excellent,Weapon,1hSpear,20,,0,160,0,0,3,0,3,,0,0,False,"Crusader, Knight, Swordman",All,Both,Right_Hand,"bonus2 bSkillAtk,""SM_MAGNUM"",25;
bonus bStr,2;
",,
1428,Long_Horn_M,Long Horn,Weapon,1hSpear,20,,1000,150,0,0,3,1,4,,65,0,True,"Crusader, Knight, Swordman",Upper,Both,Right_Hand,"bonus bAtkEle,Ele_Holy;
bonus2 bAddEff,Eff_Bleeding,500;
skill ""TF_DETOXIFY"",1;
bonus bUnbreakableWeapon;
",,
1429,Hunting_Spear_M,Hunting Spear,Weapon,1hSpear,20,,4200,180,0,0,3,1,4,,60,0,True,"Crusader, Knight, Swordman",Upper,Both,Right_Hand,"bonus bIgnoreDefRace,RC_Brute;
bonus bIgnoreDefRace,RC_Player_Doram;
bonus3 bAddMonsterDropItem,517,RC_Brute,1000;
bonus3 bAutoSpell,""LK_JOINTBEAT"",3,500;
",,
1430,Pike_C,Pike,Weapon,1hSpear,,,0,74,0,0,3,0,1,,1,0,False,"Crusader, Knight, Swordman",All,Both,Right_Hand,"bonus2 bAddSize,Size_All,70;
",,
1431,F_Pole_Axe_C,Pole Axe,Weapon,1hSpear,1,,4800,195,0,0,3,0,3,,1,0,False,"Crusader, Knight, Swordman",All,Both,Right_Hand,"bonus bStr,1;
bonus bInt,2;
bonus bDex,1;
",,
1432,E_Pole_Axe_C,Pole Axe,Weapon,1hSpear,1,,4800,195,0,0,3,0,3,,1,0,False,"Crusader, Knight, Swordman",All,Both,Right_Hand,"bonus bStr,1;
bonus bInt,2;
bonus bDex,1;
",,
1451,Guisarme,Guisarme,Weapon,2hSpear,13000,,1000,84,0,0,3,2,2,,18,0,True,"Crusader, Knight, Swordman",All,Both,Both_Hand,,,
1452,Guisarme_,Guisarme,Weapon,2hSpear,13000,,1000,84,0,0,3,3,2,,18,0,True,"Crusader, Knight, Swordman",All,Both,Both_Hand,,,
1453,Guisarme__,Guisarme,Weapon,2hSpear,13000,,1000,84,0,0,3,0,2,,18,0,True,"Crusader, Knight, Swordman",All,Both,Both_Hand,,,
1454,Glaive,Glaive,Weapon,2hSpear,20000,,1200,104,0,0,3,2,2,,18,0,True,"Crusader, Knight, Swordman",All,Both,Both_Hand,,,
1455,Glaive_,Glaive,Weapon,2hSpear,20000,,1200,104,0,0,3,3,2,,18,0,True,"Crusader, Knight, Swordman",All,Both,Both_Hand,,,
1456,Glaive__,Glaive,Weapon,2hSpear,20000,,1200,104,0,0,3,0,2,,18,0,True,"Crusader, Knight, Swordman",All,Both,Both_Hand,,,
1457,Partizan,Partizan,Weapon,2hSpear,27000,,2000,124,0,0,3,1,2,,18,0,True,"Crusader, Knight, Swordman",All,Both,Both_Hand,,,
1458,Partizan_,Partizan,Weapon,2hSpear,27000,,2000,124,0,0,3,2,2,,18,0,True,"Crusader, Knight, Swordman",All,Both,Both_Hand,,,
1459,Partizan__,Partizan,Weapon,2hSpear,27000,,2000,124,0,0,3,0,2,,18,0,True,"Crusader, Knight, Swordman",All,Both,Both_Hand,,,
1460,Trident,Trident,Weapon,2hSpear,51000,,1200,150,0,0,3,2,3,,33,0,True,"Crusader, Knight, Swordman",All,Both,Both_Hand,,,
1461,Trident_,Trident,Weapon,2hSpear,51000,,1200,150,0,0,3,3,3,,33,0,True,"Crusader, Knight, Swordman",All,Both,Both_Hand,,,
1462,Trident__,Trident,Weapon,2hSpear,51000,,1200,150,0,0,3,0,3,,33,0,True,"Crusader, Knight, Swordman",All,Both,Both_Hand,,,
1463,Halberd,Halberd,Weapon,2hSpear,54000,,2500,165,0,0,3,1,3,,33,0,True,"Crusader, Knight, Swordman",All,Both,Both_Hand,,,
1464,Halberd_,Halberd,Weapon,2hSpear,54000,,2500,165,0,0,3,2,3,,33,0,True,"Crusader, Knight, Swordman",All,Both,Both_Hand,,,
1465,Halberd__,Halberd,Weapon,2hSpear,54000,,2500,165,0,0,3,0,3,,33,0,True,"Crusader, Knight, Swordman",All,Both,Both_Hand,,,
1466,Crescent_Scythe,Crescent Scythe,Weapon,2hSpear,20,,2500,180,0,0,3,0,4,,48,0,True,"Crusader, Knight, Swordman",All,Both,Both_Hand,"bonus bCritical,30;
bonus bHit,10;
",,
1467,Bill_Guisarme,Bill Guisarme,Weapon,2hSpear,20,,1000,183,0,0,3,0,4,,48,0,True,"Crusader, Knight, Swordman",All,Both,Both_Hand,"bonus2 bAddRace,RC_Brute,10;
bonus2 bAddRace,RC_Player_Doram,10;
bonus2 bAddRace,RC_DemiHuman,5;
bonus2 bAddRace,RC_Player_Human,5;
",,
1468,Zephyrus,Zephyrus,Weapon,2hSpear,20,,2000,170,0,0,3,0,4,,48,0,True,"Crusader, Knight, Swordman",All,Both,Both_Hand,"bonus bAtkEle,Ele_Wind;
bonus2 bAddEff,Eff_Silence,200;
bonus3 bAutoSpell,""MG_THUNDERSTORM"",3,100;
",,
1469,Longinus's_Spear,Longinus's Spear,Weapon,2hSpear,20,,2500,180,0,0,3,0,4,,48,0,True,"Crusader, Knight, Swordman",All,Both,Both_Hand,"bonus bAtkEle,Ele_Dark;
bonus2 bAddRace,RC_DemiHuman,10;
bonus2 bAddRace,RC_Player_Human,10;
bonus2 bAddRace,RC_Angel,10;
",,
1470,Brionac,Brionac,Weapon,2hSpear,20,,3000,190,0,0,3,0,4,,48,0,True,"Crusader, Knight, Swordman",All,Both,Both_Hand,"bonus bAtkEle,Ele_Holy;
skill ""AL_HEAL"",5;
bonus3 bAutoSpell,""MG_SOULSTRIKE"",3,100;
bonus2 bAddClass,Class_Boss,5;
",,
1471,Hell_Fire,Hellfire,Weapon,2hSpear,20,,3500,200,0,0,3,0,4,,48,0,True,"Crusader, Knight, Swordman",All,Both,Both_Hand,"bonus bAtkEle,Ele_Fire;
bonus3 bAutoSpell,""MG_FIREBALL"",3,100;
bonus bStr,3;
",,
1472,Staff_Of_Soul,Soul Staff,Weapon,2hStaff,20,,1400,25,0,0,1,0,3,,73,0,True,"Mage, Sage, SoulLinker, Wizard",All,Both,Both_Hand,"bonus bInt,5;
bonus bAgi,2;
bonus bMatkRate,15;
",,
1473,Wizardy_Staff,Wizardry Staff,Weapon,2hStaff,20,,2400,120,0,0,1,0,4,,90,0,True,"Mage, Sage, SoulLinker, Wizard",All,Both,Both_Hand,"bonus bInt,6;
bonus bDex,2;
bonus bMatkRate,15;
",,
1474,Gae_Bolg,Gae Bolg,Weapon,2hSpear,20,,2000,160,0,0,3,0,4,,60,0,True,"Crusader, Knight, Swordman",All,Both,Both_Hand,"bonus bIgnoreDefRace,RC_Dragon;
bonus2 bAddClass,Class_Boss,10;
",,
1475,Horseback_Lance,Equestrian's Spear,Weapon,2hSpear,20,,3700,200,0,0,4,0,4,,75,0,True,"Crusader, Knight, Swordman",All,Both,Both_Hand,,,
1476,Crescent_Scythe_,Crescent Scythe,Weapon,2hSpear,20,,2500,180,0,0,3,1,4,,48,0,True,"Crusader, Knight, Swordman",All,Both,Both_Hand,"bonus bCritical,30;
bonus bHit,10;
",,
1477,Spectral_Spear,Spectral Spear,Weapon,2hSpear,20,,2000,170,0,0,3,0,4,,75,0,True,"Crusader, Knight, Swordman",All,Both,Both_Hand,"bonus2 bAddEle,Ele_Dark,20;
bonus2 bAddRace,RC_Demon,20;
bonus2 bAddRace,RC_Undead,20;
bonus2 bSubEle,Ele_Dark,10;
bonus2 bSubRace,RC_Demon,10;
bonus2 bSubRace,RC_Undead,10;
bonus2 bAddEff2,Eff_Confusion,1000;
bonus bHPGainValue,50;
",,
1478,Ahlspiess,Ahlspiess,Weapon,2hSpear,20,,1000,120,0,0,3,0,4,,65,0,True,"Crusader, Knight",All,Both,Both_Hand,"bonus bIgnoreDefClass,Class_Normal;
bonus bIgnoreDefClass,Class_Boss;
bonus2 bAddRace,RC_DemiHuman,10;
bonus2 bAddRace,RC_Player_Human,10;
bonus3 bAutoSpell,""KN_PIERCE"",5,30;
",,
1479,Spectral_Spear_,Spectral Spear,Weapon,2hSpear,20,,2000,170,0,0,3,1,4,,75,0,True,"Crusader, Knight, Swordman",All,Both,Both_Hand,"bonus2 bAddEle,Ele_Dark,20;
bonus2 bAddRace,RC_Demon,20;
bonus2 bAddRace,RC_Undead,20;
bonus2 bSubEle,Ele_Dark,10;
bonus2 bSubRace,RC_Demon,10;
bonus2 bSubRace,RC_Undead,10;
bonus2 bAddEff2,Eff_Confusion,1000;
bonus bHPGainValue,50;
",,
1480,Gae_Bolg_,Gae Bolg,Weapon,2hSpear,20,,2000,160,0,0,3,2,4,,60,0,True,"Crusader, Knight, Swordman",All,Both,Both_Hand,"bonus bIgnoreDefRace,RC_Dragon;
bonus2 bAddClass,Class_Boss,10;
",,
1481,Zephyrus_,Zephyrus,Weapon,2hSpear,20,,2000,170,0,0,3,3,4,,48,0,True,"Crusader, Knight, Swordman",All,Both,Both_Hand,"bonus bAtkEle,Ele_Wind;
bonus2 bAddEff,Eff_Silence,200;
bonus3 bAutoSpell,""MG_THUNDERSTORM"",3,100;
",,
1482,BF_Lance1,Assaulter Lance,Weapon,2hSpear,,,0,160,0,0,3,0,3,,80,0,True,"Crusader, Knight, Swordman",All,Both,Both_Hand,"bonus bStr,2;
bonus2 bAddRace,RC_DemiHuman,25;
bonus2 bAddRace,RC_Player_Human,25;
bonus bIgnoreDefRace,RC_DemiHuman;
bonus bIgnoreDefRace,RC_Player_Human;
bonus bUnbreakableWeapon;
",,
1483,Ivory_Lance,Ivory Lance,Weapon,2hSpear,20,,1000,160,0,0,3,1,3,,50,0,True,"Crusader, Knight, Swordman",Upper,Both,Both_Hand,"bonus bAgi,2;
bonus bAspdRate,3;
bonus2 bAddEff,Eff_Bleeding,300;
bonus3 bAutoSpell,""NPC_CRITICALWOUND"",1,30;
skill ""KN_SPEARSTAB"",5;
",,
1484,Cardo,Cardo,Weapon,2hSpear,20,,5600,150,0,0,3,1,4,,70,0,True,Knight,Upper,Both,Both_Hand,"bonus bAspdRate,-10;
bonus bDef,getrefine()/2;
",,
1485,Battle_Fork,Battle Fork,Weapon,2hSpear,20,,700,112,0,0,3,4,2,,50,0,True,"Crusader, Knight, Swordman",Upper,Both,Both_Hand,,,
1486,Krieger_Twohand_Spear1,Glorious Lance,Weapon,2hSpear,20,,0,220,0,0,3,0,4,,80,0,True,"Crusader, Knight, Swordman",All,Both,Both_Hand,"bonus2 bAddRace,RC_DemiHuman,70;
bonus2 bAddRace,RC_Player_Human,70;
bonus2 bIgnoreDefRaceRate,RC_DemiHuman,25;
bonus2 bIgnoreDefRaceRate,RC_Player_Human,25;
bonus bUnbreakableWeapon;
if (getrefine()>5) {
   bonus2 bAddRace,RC_DemiHuman,(getrefine()-4)*(getrefine()-4);
   bonus2 bAddRace,RC_Player_Human,(getrefine()-4)*(getrefine()-4);
   bonus2 bIgnoreDefRaceRate,RC_DemiHuman,5;
   bonus2 bIgnoreDefRaceRate,RC_Player_Human,5;
}
if (getrefine()>8) {
   if (BaseJob == Job_Knight)
      bonus4 bAutoSpellOnSkill,""KN_PIERCE"",""NPC_CRITICALWOUND"",2,200;
   else if (BaseJob == Job_Crusader)
      bonus3 bAutoSpell,""PA_PRESSURE"",5,200;
}
",,
1487,Lance_C,Lance,Weapon,2hSpear,,,0,220,0,0,3,0,3,,1,0,False,"Crusader, Knight, Swordman",All,Both,Both_Hand,"bonus2 bAddSize,Size_All,50;
",,
1488,Ahlspiess_C,Ahlspiess,Weapon,2hSpear,20,,0,135,0,0,3,0,4,,1,0,True,"Crusader, Knight",All,Both,Both_Hand,"bonus bIgnoreDefClass,Class_Normal;
bonus bIgnoreDefClass,Class_Boss;
bonus2 bAddRace,RC_DemiHuman,10;
bonus2 bAddRace,RC_Player_Human,10;
bonus3 bAutoSpell,""KN_PIERCE"",5,30;
",,
1501,Club,Club,Weapon,Mace,120,,700,23,0,0,1,3,1,,2,0,True,"Acolyte, Alchemist, Blacksmith, Crusader, Knight, Merchant, Monk, Novice, Priest, SuperNovice, Swordman",All,Both,Right_Hand,,,
1502,Club_,Club,Weapon,Mace,120,,700,23,0,0,1,4,1,,2,0,True,"Acolyte, Alchemist, Blacksmith, Crusader, Knight, Merchant, Monk, Novice, Priest, SuperNovice, Swordman",All,Both,Right_Hand,,,
1503,Club__,Club,Weapon,Mace,120,,700,23,0,0,1,0,1,,2,0,True,"Acolyte, Alchemist, Blacksmith, Crusader, Knight, Merchant, Monk, Novice, Priest, SuperNovice, Swordman",All,Both,Right_Hand,,,
1504,Mace,Mace,Weapon,Mace,1600,,800,37,0,0,1,3,1,,2,0,True,"Acolyte, Alchemist, Blacksmith, Crusader, Knight, Merchant, Monk, Novice, Priest, SuperNovice, Swordman",All,Both,Right_Hand,,,
1505,Mace_,Mace,Weapon,Mace,1600,,800,37,0,0,1,4,1,,2,0,True,"Acolyte, Alchemist, Blacksmith, Crusader, Knight, Merchant, Monk, Novice, Priest, SuperNovice, Swordman",All,Both,Right_Hand,,,
1506,Mace__,Mace,Weapon,Mace,1600,,800,37,0,0,1,0,1,,2,0,True,"Acolyte, Alchemist, Blacksmith, Crusader, Knight, Merchant, Monk, Novice, Priest, SuperNovice, Swordman",All,Both,Right_Hand,,,
1507,Smasher,Smasher,Weapon,Mace,9000,,1000,54,0,0,1,2,2,,14,0,True,"Acolyte, Alchemist, Blacksmith, Crusader, Knight, Merchant, Monk, Novice, Priest, SuperNovice, Swordman",All,Both,Right_Hand,,,
1508,Smasher_,Smasher,Weapon,Mace,9000,,1000,54,0,0,1,3,2,,14,0,True,"Acolyte, Alchemist, Blacksmith, Crusader, Knight, Merchant, Monk, Novice, Priest, SuperNovice, Swordman",All,Both,Right_Hand,,,
1509,Smasher__,Smasher,Weapon,Mace,9000,,1000,54,0,0,1,3,2,,14,0,True,"Acolyte, Alchemist, Blacksmith, Crusader, Knight, Merchant, Monk, Novice, Priest, SuperNovice, Swordman",All,Both,Right_Hand,,,
1510,Flail,Flail,Weapon,Mace,16000,,900,69,0,0,1,2,2,,14,0,True,"Acolyte, Alchemist, Blacksmith, Crusader, Knight, Merchant, Monk, Priest, Swordman",All,Both,Right_Hand,,,
1511,Flail_,Flail,Weapon,Mace,16000,,900,69,0,0,1,3,2,,14,0,True,"Acolyte, Alchemist, Blacksmith, Crusader, Knight, Merchant, Monk, Priest, Swordman",All,Both,Right_Hand,,,
1512,Flail__,Flail,Weapon,Mace,16000,,900,69,0,0,1,3,2,,14,0,True,"Acolyte, Alchemist, Blacksmith, Crusader, Knight, Merchant, Monk, Priest, Swordman",All,Both,Right_Hand,,,
1513,Morning_Star,Morning Star,Weapon,Mace,41000,,1500,110,0,0,1,1,3,,27,0,True,"Acolyte, Alchemist, Blacksmith, Crusader, Knight, Merchant, Monk, Priest, Swordman",All,Both,Right_Hand,,,
1514,Morning_Star_,Morning Star,Weapon,Mace,41000,,1500,110,0,0,1,2,3,,27,0,True,"Acolyte, Alchemist, Blacksmith, Crusader, Knight, Merchant, Monk, Priest, Swordman",All,Both,Right_Hand,,,
1515,Morning_Star__,Morning Star,Weapon,Mace,41000,,1500,110,0,0,1,2,3,,27,0,True,"Acolyte, Alchemist, Blacksmith, Crusader, Knight, Merchant, Monk, Priest, Swordman",All,Both,Right_Hand,,,
1516,Sword_Mace,Sword Mace,Weapon,Mace,50000,,1200,130,0,0,1,0,3,,27,0,True,"Acolyte, Alchemist, Blacksmith, Crusader, Knight, Merchant, Monk, Priest, Swordman",All,Both,Right_Hand,,,
1517,Sword_Mace_,Sword Mace,Weapon,Mace,50000,,1200,130,0,0,1,1,3,,27,0,True,"Acolyte, Alchemist, Blacksmith, Crusader, Knight, Merchant, Monk, Priest, Swordman",All,Both,Right_Hand,,,
1518,Sword_Mace__,Sword Mace,Weapon,Mace,50000,,1200,130,0,0,1,1,3,,27,0,True,"Acolyte, Alchemist, Blacksmith, Crusader, Knight, Merchant, Monk, Priest, Swordman",All,Both,Right_Hand,,,
1519,Chain,Chain,Weapon,Mace,23000,,800,84,0,0,1,2,2,,14,0,True,"Acolyte, Alchemist, Blacksmith, Crusader, Knight, Merchant, Monk, Priest, Swordman",All,Both,Right_Hand,,,
1520,Chain_,Chain,Weapon,Mace,23000,,800,84,0,0,1,3,2,,14,0,True,"Acolyte, Alchemist, Blacksmith, Crusader, Knight, Merchant, Monk, Priest, Swordman",All,Both,Right_Hand,,,
1521,Chain__,Chain,Weapon,Mace,23000,,800,84,0,0,1,3,2,,14,0,True,"Acolyte, Alchemist, Blacksmith, Crusader, Knight, Merchant, Monk, Priest, Swordman",All,Both,Right_Hand,,,
1522,Stunner,Stunner,Weapon,Mace,60000,,2000,140,0,0,1,0,3,,27,0,True,"Acolyte, Monk, Priest",All,Both,Right_Hand,"bonus2 bAddEff,Eff_Stun,1000;
",,
1523,Spike,Spike,Weapon,Mace,20,,700,85,0,0,1,0,4,,40,0,True,"Acolyte, Monk, Priest",All,Both,Right_Hand,"bonus bCritical,40;
bonus bDefRate,-67;
bonus bDef2Rate,-67;
",,
1524,Golden_Mace,Golden Mace,Weapon,Mace,20,,800,110,0,0,1,1,4,,40,0,True,"Acolyte, Monk, Priest",All,Both,Right_Hand,"bonus2 bAddRace,RC_Undead,10;
bonus bUnbreakableWeapon;
",,
1525,Long_Mace,Long Mace,Weapon,Mace,20,,800,135,0,0,3,0,4,,40,0,True,"Acolyte, Monk, Priest",All,Both,Right_Hand,"bonus bLongAtkDef,10;
",,
1526,Slash,Slash,Weapon,Mace,20,,1000,145,0,0,1,0,4,,40,0,True,"Acolyte, Monk, Priest",All,Both,Right_Hand,"bonus2 bAddRace,RC_Undead,15;
bonus2 bComaRace,RC_Undead,10;
bonus2 bExpAddRace,RC_Undead,5;
",,
1527,Quadrille,Quadrille,Weapon,Mace,20,,900,165,0,0,1,0,4,,40,0,True,"Acolyte, Monk, Priest",All,Both,Right_Hand,"bonus2 bAddRace,RC_Undead,10;
bonus2 bAddRace,RC_DemiHuman,10;
bonus2 bAddRace,RC_Player_Human,10;
bonus2 bAddEle,Ele_Earth,10;
",,
1528,Grand_Cross,Grand Cross,Weapon,Mace,20,,1500,140,0,0,1,0,4,,40,0,True,"Acolyte, Monk, Priest",All,Both,Right_Hand,"bonus bAtkEle,Ele_Holy;
skill ""PR_TURNUNDEAD"",3;
bonus3 bAutoSpell,""PR_TURNUNDEAD"",3,100;
bonus2 bSPDrainValueRace,RC_Undead,1;
bonus2 bSPGainRace,RC_Undead,3;
",,
1529,Iron_Driver,Iron Driver,Weapon,Mace,20,,3000,155,0,0,2,0,3,,78,0,True,"Monk, Priest",All,Both,Right_Hand,,,
1530,Mjolnir,Mjolnir,Weapon,Mace,20,,6000,250,0,0,1,0,4,,95,0,False,"Alchemist, Blacksmith, Crusader, Knight, Merchant, Swordman",All,Both,Right_Hand,"bonus bAtkEle,Ele_Wind;
bonus bDex,40;
bonus bStr,15;
bonus bAspdRate,10;
bonus bUnbreakableWeapon;
",,
1531,Spanner,Wrench,Weapon,Mace,20,,2500,115,0,0,1,0,3,,55,0,True,"Acolyte, Monk, Priest",All,Both,Right_Hand,"bonus2 bAddEff,Eff_Blind,100;
bonus2 bAddEff,Eff_Stun,100;
bonus2 bAddEff,Eff_Poison,100;
bonus2 bAddEff,Eff_Freeze,100;
",,
1532,Stunner_,Stunner,Weapon,Mace,60000,,2000,140,0,0,1,2,3,,27,0,True,"Acolyte, Monk, Priest",All,Both,Right_Hand,"bonus2 bAddEff,Eff_Stun,1000;
",,
1533,Warrior_Balmung,Warrior's Balmung,Weapon,Mace,20,,1000,170,0,0,1,0,4,,48,0,True,All,All,Both,Right_Hand,"bonus bAllStats,5;
",,
1534,Spanner_C,Wrench,Weapon,Mace,2,,0,150,0,0,1,0,3,,0,0,False,"Acolyte, Monk, Priest",All,Both,Right_Hand,"bonus2 bAddEff,Eff_Blind,100;
bonus2 bAddEff,Eff_Stun,100;
bonus2 bAddEff,Eff_Poison,100;
bonus2 bAddEff,Eff_Freeze,100;
",,
1535,Hollgrehenn_Hammer,Hollgrehenn's Hammer,Weapon,Mace,4444,,44,4,0,0,1,1,4,,44,0,True,"Acolyte, Alchemist, Blacksmith, Crusader, Knight, Merchant, Monk, Priest, Swordman",All,Both,Right_Hand,"bonus bBreakArmorRate,100;
bonus bBreakWeaponRate,100;
if (readparam(bStr)>=44) {
   bonus bBaseAtk,44;
}
",,
1536,Good_Morning_Star,Good Morning Star,Weapon,Mace,20,,0,120,0,0,1,0,1,,0,0,False,"Acolyte, Alchemist, Blacksmith, Crusader, Knight, Merchant, Monk, Priest, Swordman",All,Both,Right_Hand,"bonus2 bAddClass,Class_All,50;
",,
1537,Quadrille_C,Refined Quadrille,Weapon,Mace,1,,0,193,0,0,1,0,4,,0,0,False,"Acolyte, Monk, Priest",All,Both,Right_Hand,"bonus2 bAddRace,RC_DemiHuman,30;
bonus2 bAddRace,RC_Player_Human,30;
bonus2 bAddRace,RC_Demon,40;
bonus2 bAddRace,RC_Undead,40;
",,
1538,Spike_,Spike,Weapon,Mace,20,,700,85,0,0,1,2,4,,40,0,True,"Acolyte, Monk, Priest",All,Both,Right_Hand,"bonus bCritical,40;
bonus bDefRate,-67;
bonus bDef2Rate,-67;
",,
1539,Golden_Mace_,Golden Mace,Weapon,Mace,20,,800,110,0,0,1,2,4,,40,0,True,"Acolyte, Monk, Priest",All,Both,Right_Hand,"bonus2 bAddRace,RC_Undead,10;
bonus bUnbreakableWeapon;
",,
1540,Grand_Cross_,Grand Cross,Weapon,Mace,20,,1500,140,0,0,1,1,4,,40,0,True,"Acolyte, Monk, Priest",All,Both,Right_Hand,"bonus bAtkEle,Ele_Holy;
skill ""PR_TURNUNDEAD"",3;
bonus3 bAutoSpell,""PR_TURNUNDEAD"",3,100;
bonus2 bSPDrainValueRace,RC_Undead,1;
bonus2 bSPGainRace,RC_Undead,3;
",,
1541,Nemesis,Nemesis,Weapon,Mace,20,,900,120,0,0,1,0,4,,60,0,True,"Acolyte, Monk, Priest",All,Both,Right_Hand,"bonus bAtkEle,Ele_Holy;
bonus2 bAddRace,RC_Undead,10;
bonus2 bAddRace,RC_Demon,10;
bonus3 bAutoSpell,""AL_CRUCIS"",1+getrefine(),100;
autobonus ""{ bonus bBaseAtk,50; }"",10,20000,BF_WEAPON,""{ specialeffect2 EF_BLOODDRAIN; }"";
",,
1542,BF_Morning_Star1,Valorous Battlefield Morning Star,Weapon,Mace,20,,0,105,0,0,1,0,3,,80,0,True,"Acolyte, Alchemist, Blacksmith, Crusader, Knight, Merchant, Monk, Novice, Priest, SuperNovice, Swordman",All,Both,Right_Hand,"bonus bStr,1;
bonus bDex,1;
bonus2 bAddRace,RC_DemiHuman,75;
bonus2 bAddRace,RC_Player_Human,75;
bonus2 bIgnoreDefRaceRate,RC_DemiHuman,20;
bonus2 bIgnoreDefRaceRate,RC_Player_Human,20;
bonus bUnbreakableWeapon;
",,
1543,BF_Morning_Star2,Brave Battlefield Morning Star,Weapon,Mace,20,,0,105,0,0,1,0,3,,80,0,True,"Acolyte, Alchemist, Blacksmith, Crusader, Knight, Merchant, Monk, Novice, Priest, SuperNovice, Swordman",All,Both,Right_Hand,"bonus bStr,1;
bonus bDex,1;
bonus2 bAddRace,RC_DemiHuman,75;
bonus2 bAddRace,RC_Player_Human,75;
bonus bUnbreakableWeapon;
autobonus ""{ bonus2 bAddEff,Eff_Stun,5000; }"",10,6000,BF_WEAPON,""{ specialeffect2 EF_POTION_BERSERK; }"";
",,
1544,Lunakaligo,Lunakaligo,Weapon,Mace,20,,700,110,0,0,1,3,3,,50,0,True,"Acolyte, Monk, Priest",Upper,Both,Right_Hand,"if (readparam(bStr)>=77) {
   bonus bAspdRate,4;
   bonus2 bAddEff,Eff_Stun,1500;
   bonus3 bAddMonsterDropItem,12065,RC_Plant,500;
   bonus3 bAddMonsterDropItem,12043,RC_Brute,500;
   bonus3 bAddMonsterDropItem,12069,RC_Fish,500;
}
",,
1545,N_Mace,Novice Mace,Weapon,Mace,,,0,57,0,0,1,3,1,,2,0,False,"Acolyte, Alchemist, Blacksmith, Crusader, Knight, Merchant, Monk, Novice, Priest, SuperNovice, Swordman",All,Both,Right_Hand,,,
1546,Krieger_Onehand_Mace1,Glorious Morning Star,Weapon,Mace,20,,0,130,0,0,1,0,4,,80,0,True,"Acolyte, Alchemist, Blacksmith, Crusader, Knight, Merchant, Monk, Novice, Priest, SuperNovice, Swordman",All,Both,Right_Hand,"bonus2 bAddRace,RC_DemiHuman,75;
bonus2 bAddRace,RC_Player_Human,75;
bonus2 bIgnoreDefRaceRate,RC_DemiHuman,20;
bonus2 bIgnoreDefRaceRate,RC_Player_Human,20;
bonus bUnbreakableWeapon;
if (getrefine()>5) {
   bonus2 bAddRace,RC_DemiHuman,(getrefine()-4)*(getrefine()-4);
   bonus2 bAddRace,RC_Player_Human,(getrefine()-4)*(getrefine()-4);
   bonus2 bIgnoreDefRaceRate,RC_DemiHuman,5;
   bonus2 bIgnoreDefRaceRate,RC_Player_Human,5;
   bonus bAspdRate,5;
}
if (getrefine()>8) {
   bonus2 bAddEff,Eff_Stun,2000;
   bonus bAspdRate,5;
}
",,
1547,Mace_Of_Madness,Mace Of Madness,Weapon,Mace,20,,0,150,0,0,1,0,3,,0,0,False,"Acolyte, Alchemist, Blacksmith, Crusader, Knight, Merchant, Monk, Priest, Swordman",All,Both,Right_Hand,"bonus2 bSkillAtk,""MC_CARTREVOLUTION"",25;
bonus bStr,2;
",,
1548,Veteran_Hammer,Veteran Hammer,Weapon,Mace,10000,,1800,160,0,0,1,2,3,,80,0,True,"Acolyte, Monk, Priest",All,Both,Right_Hand,"bonus bHealPower,getskilllv(""AL_DP"");
bonus bCritical,getskilllv(""PR_MACEMASTERY"")*2;
bonus bInt,1;
bonus bLuk,1;
",,
1549,Pilebuncker,Pile Bunker,Weapon,Mace,10000,,3500,450,0,0,1,0,3,,99,0,True,Blacksmith,All,Both,Right_Hand,,,
1550,Book,Book,Weapon,Book,30000,,600,85,0,0,1,3,2,,14,0,True,"Priest, Sage, StarGladiator",All,Both,Right_Hand,,,
1551,Bible,Bible,Weapon,Book,60000,,1000,115,0,0,1,2,3,,27,0,True,"Priest, Sage, StarGladiator",All,Both,Right_Hand,"bonus bInt,2;
",,
1552,Tablet,Tablet,Weapon,Book,51000,,800,125,0,0,1,1,3,,27,0,True,"Priest, Sage, StarGladiator",All,Both,Right_Hand,,,
1553,Book_Of_Billows,Book of Billows,Weapon,Book,35000,,750,90,0,0,1,0,3,,27,0,True,"Priest, Sage, StarGladiator",All,Both,Right_Hand,"bonus bAtkEle,Ele_Water;
",,
1554,Book_Of_Mother_Earth,Book of Mother Earth,Weapon,Book,35000,,750,90,0,0,1,0,3,,27,0,True,"Priest, Sage, StarGladiator",All,Both,Right_Hand,"bonus bAtkEle,Ele_Earth;
",,
1555,Book_Of_Blazing_Sun,Book of the Blazing Sun,Weapon,Book,35000,,750,90,0,0,1,0,3,,27,0,True,"Priest, Sage, StarGladiator",All,Both,Right_Hand,"bonus bAtkEle,Ele_Fire;
",,
1556,Book_Of_Gust_Of_Wind,Book of Gust of Wind,Weapon,Book,35000,,750,90,0,0,1,0,3,,27,0,True,"Priest, Sage, StarGladiator",All,Both,Right_Hand,"bonus bAtkEle,Ele_Wind;
",,
1557,Book_Of_The_Apocalypse,Book of the Apocalypse,Weapon,Book,60000,,800,120,0,0,1,0,4,,40,0,True,"Priest, Sage, StarGladiator",All,Both,Right_Hand,"bonus bAtkEle,Ele_Dark;
bonus2 bAddEle,Ele_Holy,5;
bonus2 bAddEle,Ele_Water,7;
bonus2 bAddEle,Ele_Earth,7;
bonus2 bAddEle,Ele_Fire,7;
bonus2 bAddEle,Ele_Wind,7;
",,
1558,Girl's_Diary,Girl's Diary,Weapon,Book,1500,,300,60,0,0,1,1,4,,40,0,True,"Priest, Sage, StarGladiator",All,Both,Right_Hand,"bonus2 bAddDamageClass,1188,150;
",,
1559,Legacy_Of_Dragon,Legacy of Dragon,Weapon,Book,20,,700,130,0,0,1,0,4,,70,0,True,"Priest, Sage, StarGladiator",All,Both,Right_Hand,"bonus bInt,3;
bonus bIgnoreDefRace,RC_Dragon;
bonus2 bSPGainRace,RC_Dragon,10;
",,
1560,Diary_Of_Great_Sage,Sage's Diary,Weapon,Book,20,,1100,100,0,0,1,2,3,,60,0,True,"Priest, Sage, StarGladiator",All,Both,Right_Hand,"bonus bMatkRate,15;
if (readparam(bStr)>=50)
   bonus bAspdRate,5;
if (readparam(bInt)>=70)
   bonus bMatkRate,5;
",,
1561,Hardback,Hardcover Book,Weapon,Book,20,,1500,140,0,0,1,1,4,,55,0,True,"Priest, Sage, StarGladiator",All,Both,Right_Hand,"bonus bStr,3;
bonus bDex,2;
",,
1562,Bible_Of_Battlefield,Battlefield Textbook,Weapon,Book,20,,700,110,0,0,1,1,4,,80,0,False,"Priest, Sage, StarGladiator",All,Both,Right_Hand,"bonus bInt,3;
bonus3 bAutoSpell,""AL_BLESSING"",3+(getskilllv(""AL_BLESSING"")>3)*(getskilllv(""AL_BLESSING"")-3),20;
",,
1563,Diary_Of_Great_Sage_C,Sage's Diary,Weapon,Book,1,,0,135,0,0,1,2,3,,1,0,False,"Priest, Sage, StarGladiator",All,Both,Right_Hand,"bonus bMatkRate,20;
bonus bAspdRate,5;
",,
1564,Encyclopedia,Encyclopedia,Weapon,Book,20,,2000,110,0,0,1,2,3,,70,0,True,"Priest, Sage, StarGladiator",All,Both,Right_Hand,"bonus bMatkRate,15;
bonus bInt,3;
bonus bDex,2;
bonus bCritical,20+((readparam(bLuk)*2)/10);
",,
1565,Death_Note,Ledger of Death,Weapon,Book,20,,1000,137,0,0,1,2,4,,85,0,True,"Priest, Sage, StarGladiator",All,Both,Right_Hand,"bonus bMatkRate,15;
bonus bStr,3;
bonus bInt,3;
bonus bLuk,-20;
bonus2 bComaRace,RC_DemiHuman,10;
bonus2 bComaRace,RC_Player_Human,10;
bonus bAspdRate,getrefine();
if (BaseJob == Job_Sage)
   bonus3 bAutoSpell,""NPC_HELLJUDGEMENT"",5,20;
",,
1566,Diary_Of_Great_Basil,Diary Of Great Basil,Weapon,Book,20,,0,120,0,0,1,0,1,,0,0,False,"Priest, Sage, StarGladiator",All,Both,Right_Hand,"bonus2 bAddClass,Class_All,50;
",,
1567,Hardback_C,Refined Hardcover Book,Weapon,Book,1,,0,168,0,0,1,0,4,,0,0,False,"Priest, Sage, StarGladiator",All,Both,Right_Hand,"bonus bStr,5;
bonus bDex,2;
bonus bMatkRate,20;
",,
1568,Book_Of_Billows_,Book of Billows,Weapon,Book,35000,,750,90,0,0,1,3,3,,27,0,True,"Priest, Sage, StarGladiator",All,Both,Right_Hand,"bonus bAtkEle,Ele_Water;
",,
1569,Book_Of_Mother_Earth_,Book of Mother Earth,Weapon,Book,35000,,750,90,0,0,1,3,3,,27,0,True,"Priest, Sage, StarGladiator",All,Both,Right_Hand,"bonus bAtkEle,Ele_Earth;
",,
1570,Book_Of_Blazing_Sun_,Book of Blazing Sun,Weapon,Book,35000,,750,90,0,0,1,3,3,,27,0,True,"Priest, Sage, StarGladiator",All,Both,Right_Hand,"bonus bAtkEle,Ele_Fire;
",,
1571,Book_Of_Gust_Of_Wind_,Book of Gust of Wind,Weapon,Book,35000,,750,90,0,0,1,3,3,,27,0,True,"Priest, Sage, StarGladiator",All,Both,Right_Hand,"bonus bAtkEle,Ele_Wind;
",,
1572,Principles_Of_Magic,Principles of Magic,Weapon,Book,20,,300,60,0,0,1,2,3,,60,0,True,"Priest, Sage, StarGladiator",All,Both,Right_Hand,"bonus bMatkRate,20;
bonus bInt,3;
bonus bSPrecovRate,5;
",,
1573,Ancient_Magic,Ancient Magic,Weapon,Book,20,,700,30,0,0,1,2,3,,70,0,True,"Priest, Sage, StarGladiator",All,Both,Right_Hand,"bonus bMatkRate,15;
",,
1574,BF_Book1,Brave Battle Strategy Book,Weapon,Book,20,,0,90,0,0,1,0,3,,80,0,True,"Priest, Sage, StarGladiator",All,Both,Right_Hand,"bonus bStr,2;
bonus bInt,1;
bonus bMatkRate,15;
bonus2 bAddRace,RC_DemiHuman,75;
bonus2 bAddRace,RC_Player_Human,75;
bonus2 bIgnoreDefRaceRate,RC_DemiHuman,20;
bonus2 bIgnoreDefRaceRate,RC_Player_Human,20;
bonus bUnbreakableWeapon;
",,
1575,BF_Book2,Valorous Battle Strategy Book,Weapon,Book,20,,0,90,0,0,1,0,3,,80,0,True,"Priest, Sage, StarGladiator",All,Both,Right_Hand,"bonus bStr,2;
bonus bInt,1;
bonus bMatkRate,15;
bonus2 bIgnoreMdefRaceRate,RC_DemiHuman,25;
bonus2 bIgnoreMdefRaceRate,RC_Player_Human,25;
bonus bUnbreakableWeapon;
",,
1576,Krieger_Book1,Glorious Tablet,Weapon,Book,20,,0,90,0,0,1,0,4,,80,0,True,"Priest, Sage, StarGladiator",All,Both,Right_Hand,"bonus bMatkRate,15;
bonus2 bAddRace,RC_DemiHuman,80;
bonus2 bAddRace,RC_Player_Human,80;
bonus2 bIgnoreDefRaceRate,RC_DemiHuman,25;
bonus2 bIgnoreDefRaceRate,RC_Player_Human,25;
bonus bUnbreakableWeapon;
if (getrefine()>5) {
   bonus2 bAddRace,RC_DemiHuman,(getrefine()-4)*(getrefine()-4);
   bonus2 bAddRace,RC_Player_Human,(getrefine()-4)*(getrefine()-4);
   bonus2 bIgnoreDefRaceRate,RC_DemiHuman,5;
   bonus2 bIgnoreDefRaceRate,RC_Player_Human,5;
}
if (getrefine()>8)
   autobonus ""{ bonus bBaseAtk,200; }"",30,3000,BF_WEAPON,""{ specialeffect2 EF_BASH3D; }"";
",,
1577,Krieger_Book2,Glorious Apocalypse,Weapon,Book,20,,0,90,0,0,1,0,4,,80,0,True,"Priest, Sage, StarGladiator",All,Both,Right_Hand,"bonus bMatkRate,15;
bonus2 bAddRace,RC_DemiHuman,80;
bonus2 bAddRace,RC_Player_Human,80;
bonus2 bIgnoreDefRaceRate,RC_DemiHuman,25;
bonus2 bIgnoreDefRaceRate,RC_Player_Human,25;
bonus bUnbreakableWeapon;
if (getrefine()>5)
   bonus2 bIgnoreDefRaceRate,RC_DemiHuman,5;
bonus2 bIgnoreDefRaceRate,RC_Player_Human,5;
if (getrefine()>8) {
   bonus bMatkRate,5;
   bonus bCastrate,-5;
   bonus bDelayRate,-5;
}
",,
1578,Book_Of_Prayer,Book Of Prayer,Weapon,Book,20,,0,140,0,0,1,0,3,,0,0,False,"Priest, Sage, StarGladiator",All,Both,Right_Hand,"bonus bVit,2;
bonus bMdef,2;
bonus bMaxSPrate,10;
",,
1579,Death_Note_M,Book of the Dead,Weapon,Book,20,,1000,137,0,0,1,2,4,,85,0,True,"Priest, Sage, StarGladiator",All,Both,Right_Hand,"bonus bMatkRate,15;
bonus bStr,3;
bonus bInt,3;
bonus bLuk,-20;
bonus2 bComaRace,RC_DemiHuman,10;
bonus2 bComaRace,RC_Player_Human,10;
bonus bAspdRate,getrefine();
if (BaseJob == Job_Sage)
   bonus3 bAutoSpell,""NPC_HELLJUDGEMENT"",5,20;
",,
1580,Encyclopedia_C,Giant Encyclopedia,Weapon,Book,,,0,145,0,0,1,0,3,,0,0,False,"Priest, Sage, StarGladiator",All,Both,Right_Hand,"bonus bMatkRate,15;
bonus bInt,3;
bonus bDex,2;
bonus bCritical,20+((readparam(bLuk)*2)/10);
bonus2 bAddSize,Size_All,40;
",,
1581,F_Diary_Of_Great_Sage_C,Diary Of Great Sage,Weapon,Book,1,,0,135,0,0,1,2,3,,1,0,False,"Priest, Sage, StarGladiator",All,Both,Right_Hand,,,
1582,E_Diary_Of_Great_Sage_C,Diary Of Great Sage,Weapon,Book,1,,0,135,0,0,1,2,3,,1,0,False,"Priest, Sage, StarGladiator",All,Both,Right_Hand,,,
1599,Angra_Manyu,Angra Manyu,Weapon,Mace,1,,10,200,0,0,2,0,1,,1,0,True,All,All,Both,Right_Hand,"bonus bAllStats,50;
bonus bBaseAtk,3800;
bonus bMatkRate,200;
bonus2 bHPDrainRate,1000,100;
bonus2 bSPDrainRate,1000,20;
bonus bHealPower,200;
bonus bAspdRate,100;
bonus2 bAddClass,Class_All,100;
skill ""WZ_STORMGUST"",10;
Skill ""WZ_METEOR"",10;
Skill ""WZ_VERMILION"",10;
skill ""GM_SANDMAN"",1;
",,
1601,Rod,Rod,Weapon,Staff,50,,400,15,0,0,1,3,1,,1,0,True,"Acolyte, Mage, Monk, Novice, Priest, Sage, SoulLinker, SuperNovice, Wizard",All,Both,Right_Hand,"bonus bMatkRate,15;
",,
1602,Rod_,Rod,Weapon,Staff,50,,400,15,0,0,1,4,1,,1,0,True,"Acolyte, Mage, Monk, Novice, Priest, Sage, SoulLinker, SuperNovice, Wizard",All,Both,Right_Hand,"bonus bMatkRate,15;
",,
1603,Rod__,Rod,Weapon,Staff,50,,400,15,0,0,1,0,1,,1,0,True,"Acolyte, Mage, Monk, Novice, Priest, Sage, SoulLinker, SuperNovice, Wizard",All,Both,Right_Hand,"bonus bMatkRate,15;
",,
1604,Wand,Wand,Weapon,Staff,2500,,400,25,0,0,1,2,2,,12,0,True,"Acolyte, Mage, Monk, Novice, Priest, Sage, SoulLinker, SuperNovice, Wizard",All,Both,Right_Hand,"bonus bInt,1;
bonus bMatkRate,15;
",,
1605,Wand_,Wand,Weapon,Staff,2500,,400,25,0,0,1,3,2,,12,0,True,"Acolyte, Mage, Monk, Novice, Priest, Sage, SoulLinker, SuperNovice, Wizard",All,Both,Right_Hand,"bonus bInt,1;
bonus bMatkRate,15;
",,
1606,Wand__,Wand,Weapon,Staff,2500,,400,25,0,0,1,0,2,,12,0,True,"Acolyte, Mage, Monk, Novice, Priest, Sage, SoulLinker, SuperNovice, Wizard",All,Both,Right_Hand,"bonus bInt,1;
bonus bMatkRate,15;
",,
1607,Staff,Staff,Weapon,Staff,9500,,400,40,0,0,1,2,2,,12,0,True,"Acolyte, Mage, Monk, Priest, Sage, SoulLinker, Wizard",All,Both,Right_Hand,"bonus bInt,2;
bonus bMatkRate,15;
",,
1608,Staff_,Staff,Weapon,Staff,9500,,400,40,0,0,1,3,2,,12,0,True,"Acolyte, Mage, Monk, Priest, Sage, SoulLinker, Wizard",All,Both,Right_Hand,"bonus bInt,2;
bonus bMatkRate,15;
",,
1609,Staff__,Staff,Weapon,Staff,9500,,400,40,0,0,1,0,2,,12,0,True,"Acolyte, Mage, Monk, Priest, Sage, SoulLinker, Wizard",All,Both,Right_Hand,"bonus bInt,2;
bonus bMatkRate,15;
",,
1610,Arc_Wand,Arc Wand,Weapon,Staff,45000,,400,60,0,0,1,1,3,,24,0,True,"Acolyte, Mage, Monk, Priest, Sage, SoulLinker, Wizard",All,Both,Right_Hand,"bonus bInt,3;
bonus bMatkRate,15;
",,
1611,Arc_Wand_,Arc Wand,Weapon,Staff,45000,,400,60,0,0,1,2,3,,24,0,True,"Acolyte, Mage, Monk, Priest, Sage, SoulLinker, Wizard",All,Both,Right_Hand,"bonus bInt,3;
bonus bMatkRate,15;
",,
1612,Arc_Wand__,Arc Wand,Weapon,Staff,45000,,400,60,0,0,1,0,3,,24,0,True,"Acolyte, Mage, Monk, Priest, Sage, SoulLinker, Wizard",All,Both,Right_Hand,"bonus bInt,3;
bonus bMatkRate,15;
",,
1613,Mighty_Staff,Mighty Staff,Weapon,Staff,20,,700,130,0,0,1,0,3,,24,0,True,"Acolyte, Mage, Monk, Priest, Sage, SoulLinker, Wizard",All,Both,Right_Hand,"bonus bStr,10;
bonus bMatkRate,15;
bonus bSPDrainValue,-2;
",,
1614,Blessed_Wand,Wand of Occult,Weapon,Staff,20,,700,75,0,0,1,0,3,,24,0,True,"Acolyte, Mage, Monk, Priest, Sage, SoulLinker, Wizard",All,Both,Right_Hand,"bonus bInt,3;
bonus bMatkRate,15;
",,
1615,Bone_Wand,Evil Bone Wand,Weapon,Staff,20,,700,40,0,0,1,0,3,,24,0,True,"Acolyte, Mage, Monk, Priest, Sage, SoulLinker, Wizard",All,Both,Right_Hand,"bonus bInt,4;
bonus bAtkEle,Ele_Undead;
bonus bMatkRate,15;
",,
1616,Staff_Of_Wing,Wing Staff,Weapon,Staff,20,,500,60,0,0,1,0,4,,40,0,True,"Mage, Sage, SoulLinker, Wizard",All,Both,Right_Hand,"bonus bMatkRate,15;
bonus bCastrate,-5;
",,
1617,Survival_Rod,Survivor's Rod,Weapon,Staff,85000,,1000,50,0,0,1,0,3,,24,0,True,"Acolyte, Mage, Monk, Priest, Sage, SoulLinker, Wizard",All,Both,Right_Hand,"bonus bDex,2;
bonus bMatkRate,15;
bonus bMaxHP,300;
",,
1618,Survival_Rod_,Survivor's Rod,Weapon,Staff,85000,,1000,50,0,0,1,1,3,,24,0,True,"Acolyte, Mage, Monk, Priest, Sage, SoulLinker, Wizard",All,Both,Right_Hand,"bonus bDex,3;
bonus bMatkRate,15;
bonus bMaxHP,400;
",,
1619,Survival_Rod2,Survivor's Rod,Weapon,Staff,85000,,1000,50,0,0,1,0,3,,24,0,True,"Acolyte, Mage, Monk, Priest, Sage, SoulLinker, Wizard",All,Both,Right_Hand,"bonus bInt,2;
bonus bMatkRate,15;
bonus bMaxHP,300;
",,
1620,Survival_Rod2_,Survivor's Rod,Weapon,Staff,85000,,1000,50,0,0,1,1,3,,24,0,True,"Acolyte, Mage, Monk, Priest, Sage, SoulLinker, Wizard",All,Both,Right_Hand,"bonus bInt,3;
bonus bMatkRate,15;
bonus bMaxHP,400;
",,
1621,Hypnotist's_Staff,Hypnotist's Staff,Weapon,Staff,43000,,500,70,0,0,1,1,3,,30,0,True,"Novice, SuperNovice",All,Both,Right_Hand,"bonus bInt,1;
bonus bMatkRate,25;
",,
1622,Hypnotist's_Staff_,Hypnotist's Staff,Weapon,Staff,20,,500,70,0,0,1,2,3,,30,0,True,"Novice, SuperNovice",All,Both,Right_Hand,"bonus bInt,1;
bonus bMatkRate,25;
",,
1623,Mighty_Staff_C,Mighty Staff,Weapon,Staff,1,,0,165,0,0,1,0,3,,1,0,False,"Acolyte, Mage, Monk, Priest, Sage, SoulLinker, Wizard",All,Both,Right_Hand,"bonus bStr,10;
bonus bInt,4;
bonus bMatkRate,20;
bonus bSPDrainValue,-1;
",,
1624,Lich_Bone_Wand,Lich's Bone Wand,Weapon,Staff,20,,800,60,0,0,1,2,3,,70,0,True,"Acolyte, Mage, Monk, Priest, Sage, Wizard",Upper,Both,Right_Hand,"bonus bInt,1;
bonus bDex,1;
bonus bAtkEle,Ele_Undead;
bonus bMatkRate,20;
.@r = getrefine();
bonus3 bAutoSpellWhenHit,""NPC_WIDECURSE"",5,10+.@r;
if (.@r>=9) {
   bonus bMatkRate,3;
   bonus bMaxSP,300;
}
",,
1625,Healing_Staff,Healing Staff,Weapon,Staff,20,,400,10,0,0,1,0,3,,55,0,True,"Acolyte, Monk, Priest",All,Both,Right_Hand,"bonus bAtkEle,Ele_Holy;
bonus bMatkRate,15;
bonus bHealPower,(getrefine()*3/2);
",,
1626,Piercing_Staff,Piercing Staff,Weapon,Staff,20,,500,80,0,0,1,0,3,,70,0,True,"Acolyte, Mage, Monk, Priest, Sage, Wizard",Upper,Both,Right_Hand,"bonus bInt,4;
bonus bMatkRate,15;
.@r = getrefine();
bonus2 bIgnoreMdefClassRate,Class_Normal,10+.@r;
bonus2 bIgnoreMdefClassRate,Class_Boss,10+.@r;
",,
1627,Staffy,Staffy,Weapon,Staff,20,,0,40,0,0,1,0,1,,0,0,False,"Acolyte, Mage, Monk, Priest, Sage, SoulLinker, Wizard",All,Both,Right_Hand,"bonus bMatkRate,15;
bonus2 bAddClass,Class_All,50;
",,
1628,Survival_Rod_C,Refined Survivor's Rod,Weapon,Staff,1,,0,71,0,0,1,0,3,,0,0,False,"Acolyte, Mage, Monk, Priest, Sage, SoulLinker, Wizard",All,Both,Right_Hand,"bonus bDex,4;
bonus bMatkRate,20;
bonus bMaxHP,500;
",,
1629,Walking_Stick,Gentleman's Staff,Weapon,Staff,20,,500,40,0,0,1,1,4,,50,0,True,"Acolyte, Mage, Monk, Priest, Sage, SoulLinker, Wizard",All,Both,Right_Hand,"bonus bMatkRate,15;
bonus bDex,1;
",,
1630,Release_Of_Wish,Release of Wish,Weapon,Staff,20,,500,30,0,0,1,0,3,,50,0,True,"Mage, Sage, SoulLinker, Wizard",All,Both,Right_Hand,"bonus bMatkRate,15;
bonus bInt,3;
bonus bHealPower,5;
autobonus ""{ bonus2 bSPRegenRate,100,2000; bonus2 bHPRegenRate,50,2000; }"",10,10000,BF_MAGIC,""{ specialeffect2 EF_HEAL; }"";
",,
1631,Holy_Stick,Holy Stick,Weapon,Staff,20,,500,50,0,0,1,1,4,,70,0,True,"Monk, Priest",All,Both,Right_Hand,"bonus bAtkEle,Ele_Holy;
bonus bMatkRate,15;
bonus2 bCastrate,""AL_HOLYLIGHT"",-25;
bonus2 bCastrate,""PR_TURNUNDEAD"",-25;
bonus2 bCastrate,""PR_MAGNUS"",-25;
",,
1632,BF_Staff1,Warlock's Magic Wand,Weapon,Staff,20,,0,70,0,0,1,0,3,,80,0,True,"Acolyte, Mage, Monk, Priest, Sage, SoulLinker, Wizard",All,Both,Right_Hand,"bonus bInt,4;
bonus bDex,3;
bonus bMatkRate,15;
bonus2 bIgnoreMdefRaceRate,RC_DemiHuman,25;
bonus2 bIgnoreMdefRaceRate,RC_Player_Human,25;
bonus3 bAddEff,Eff_Stun,500,ATF_SKILL;
bonus bUnbreakableWeapon;
",,
1633,BF_Staff2,Warlock's Battle Wand,Weapon,Staff,20,,0,70,0,0,1,0,3,,80,0,True,"Acolyte, Mage, Monk, Priest, Sage, SoulLinker, Wizard",All,Both,Right_Hand,"bonus bInt,3;
bonus bDex,3;
bonus bMatkRate,15;
bonus2 bMagicAddRace,RC_DemiHuman,15;
bonus2 bMagicAddRace,RC_Player_Human,15;
bonus3 bAddEff,Eff_Stun,500,ATF_SKILL;
bonus bUnbreakableWeapon;
",,
1634,BF_Staff3,Strong Recovery Wand,Weapon,Staff,20,,0,70,0,0,1,0,3,,80,0,True,"Acolyte, Mage, Monk, Priest, Sage, SoulLinker, Wizard",All,Both,Right_Hand,"bonus bMatkRate,15;
bonus bHealPower,14;
bonus2 bSPRegenRate,5,10000;
bonus bUnbreakableWeapon;
",,
1635,BF_Staff4,Speedy Recovery Wand,Weapon,Staff,20,,0,70,0,0,1,0,3,,80,0,True,"Acolyte, Mage, Monk, Priest, Sage, SoulLinker, Wizard",All,Both,Right_Hand,"bonus bInt,3;
bonus bDex,2;
bonus bMatkRate,15;
bonus bDelayRate,-15;
bonus2 bSPRegenRate,5,10000;
bonus bUnbreakableWeapon;
",,
1636,Thorn_Staff,Thorn Staff of Darkness,Weapon,Staff,20,,700,60,0,0,1,0,4,,75,0,True,"Acolyte, Mage, Monk, Priest, Sage, Wizard",Upper,Both,Right_Hand,"bonus bInt,3;
bonus bDex,3;
bonus bMatkRate,20;
.@r = getrefine();
bonus2 bIgnoreMdefClassRate,Class_Normal,.@r;
bonus2 bIgnoreMdefClassRate,Class_Boss,.@r;
bonus bDelayRate,-(.@r*3/2);
",,
1637,Eraser,Eraser,Weapon,Staff,20,,500,80,0,0,1,0,4,,70,0,True,"Acolyte, Mage, Monk, Priest, Sage, Wizard",Upper,Both,Right_Hand,"bonus bMatkRate,20;
bonus bInt,3;
bonus bDex,2;
bonus bSPrecovRate,8;
if (getrefine()>9 )
   bonus5 bAutoSpell,""NPC_WIDESOULDRAIN"",3,5,BF_MAGIC,0;
else
   bonus5 bAutoSpell,""NPC_WIDESOULDRAIN"",1,5,BF_MAGIC,0;
",,
1638,Healing_Staff_C,Staff Of Healing,Weapon,Staff,20,,0,10,0,0,1,0,3,,1,0,True,"Acolyte, Monk, Priest",All,Both,Right_Hand,"bonus bAtkEle,Ele_Holy;
bonus bMatkRate,15;
bonus bHealPower,(getrefine()*3/2);
",,
1639,N_Rod,Novice Rod,Weapon,Staff,,,0,15,0,0,1,3,1,,1,0,False,"Acolyte, Mage, Monk, Novice, Priest, Sage, SoulLinker, SuperNovice, Wizard",All,Both,Right_Hand,"bonus bMatkRate,16;
",,
1640,Krieger_Onehand_Staff1,Glorious Arc Wand,Weapon,Staff,20,,0,70,0,0,1,0,4,,80,0,True,"Acolyte, Mage, Monk, Priest, Sage, SoulLinker, Wizard",All,Both,Right_Hand,"bonus bMatkRate,15;
bonus2 bMagicAddRace,RC_DemiHuman,15;
bonus2 bMagicAddRace,RC_Player_Human,15;
.@r = getrefine();
bonus2 bIgnoreMdefRaceRate,RC_DemiHuman,25 + ((.@r>5) ? 5 : 0);
bonus2 bIgnoreMdefRaceRate,RC_Player_Human,25 + ((.@r>5) ? 5 : 0);
bonus bUnbreakableWeapon;
if (.@r>8) {
   bonus bCastrate,-5;
   bonus bDelayRate,-5;
   bonus bMatkRate,5;
}
",,
1641,Krieger_Onehand_Staff2,Glorious Cure Wand,Weapon,Staff,20,,0,70,0,0,1,0,4,,80,0,True,"Acolyte, Mage, Monk, Priest, Sage, SoulLinker, Wizard",All,Both,Right_Hand,"bonus bMatkRate,15;
bonus bHealPower,14;
bonus bDelayRate,-10;
bonus bUnbreakableWeapon;
.@r = getrefine();
if (.@r>5) {
   bonus2 bIgnoreMdefRaceRate,RC_DemiHuman,5;
   bonus2 bIgnoreMdefRaceRate,RC_Player_Human,5;
   bonus bHealPower,5+(.@r-5)*2;
}
if (.@r>8)
   bonus5 bAutoSpellOnSkill,""AL_HEAL"",""AL_HEAL"",10,100,1;
if (.@r>9) {
   bonus bHealPower,10;
}
",,
1642,Staff_Of_Darkness,Staff Of Darkness,Weapon,Staff,20,,0,100,0,0,1,0,2,,0,0,False,"Acolyte, Mage, Monk, Priest, Sage, SoulLinker, Wizard",All,Both,Right_Hand,"bonus bCastrate,-5;
bonus bMatkRate,15;
bonus bInt,2;
",,
1643,Dead_Tree_Cane,Dead Tree Cane,Weapon,Staff,20,,100,100,0,0,1,0,4,,70,0,True,"Acolyte, Mage, Monk, Priest, Sage, SoulLinker, Wizard",All,Both,Right_Hand,"bonus bMatkRate,15;
bonus bInt,4;
.@r = getrefine();
if (.@r>5) {
   bonus bInt,.@r-5;
   bonus bMaxHP,-200;
   bonus bMaxSP,-100;
}
",,
1644,Piercing_Staff_M,Staff of Piercing,Weapon,Staff,20,,500,80,0,0,1,0,3,,70,0,True,"Acolyte, Mage, Monk, Priest, Sage, Wizard",Upper,Both,Right_Hand,"bonus bInt,4;
bonus bMatkRate,15;
.@r = getrefine();
bonus2 bIgnoreMdefClassRate,Class_Normal,10+.@r;
bonus2 bIgnoreMdefClassRate,Class_Boss,10+.@r;
",,
1645,Lich_Bone_Wand_M,Lich's Bone Wand,Weapon,Staff,20,,800,60,0,0,1,2,3,,70,0,True,"Acolyte, Mage, Monk, Priest, Sage, Wizard",Upper,Both,Right_Hand,"bonus bInt,1;
bonus bDex,1;
bonus bAtkEle,Ele_Undead;
bonus bMatkRate,20;
.@r = getrefine();
bonus3 bAutoSpellWhenHit,""NPC_WIDECURSE"",5,10+.@r;
if (.@r>=9) {
   bonus bMatkRate,3;
   bonus bMaxSP,300;
}
",,
1646,La'cryma_Stick,La'cryma Stick,Weapon,Staff,20,,500,30,0,0,1,2,3,,50,0,True,"Mage, Sage, Wizard",Upper,Both,Right_Hand,"bonus bInt,4;
bonus bMatkRate,15;
.@r = getrefine();
bonus bMdef,.@r;
bonus2 bSkillAtk,""WZ_STORMGUST"",.@r;
if (.@r>9)
   bonus2 bCastrate,""WZ_STORMGUST"",-8;
",,
1647,Croce_Staff,Croce Staff,Weapon,Staff,20,,500,30,0,0,1,1,3,,50,0,True,"Acolyte, Monk, Priest",Upper,Both,Right_Hand,"bonus bAtkEle,Ele_Holy;
bonus bMatkRate,15;
bonus bInt,4;
bonus4 bAutoSpellOnSkill,""AL_HEAL"",""AL_BLESSING"",max(getskilllv(""AL_BLESSING""),1),20;
",,
1648,Staff_Of_Bordeaux,Staff Of Bordeaux,Weapon,Staff,20,,500,30,0,0,1,0,4,,50,0,True,"Mage, Sage, Wizard",Upper,Both,Right_Hand,"bonus bMatkRate,15;
bonus bInt,2;
bonus bDex,1;
if (getskilllv(""SA_DRAGONOLOGY"") == 5) {
   bonus bUseSPrate,-15;
   bonus bInt,3;
}
",,
1701,Bow,Bow,Weapon,Bow,1000,,500,15,0,0,5,3,1,,4,0,True,"Archer, BardDancer, Hunter, Rogue, Thief",All,Both,Both_Hand,,,
1702,Bow_,Bow,Weapon,Bow,1000,,500,15,0,0,5,4,1,,4,0,True,"Archer, BardDancer, Hunter, Rogue, Thief",All,Both,Both_Hand,,,
1703,Bow__,Bow,Weapon,Bow,1000,,0,15,0,0,5,0,1,,4,0,True,"Archer, BardDancer, Hunter, Rogue, Thief",All,Both,Both_Hand,"bonus2 bAddDamageClass,1002,500;
bonus2 bAddDamageClass,1113,500;
bonus2 bAddDamageClass,1031,500;
bonus2 bAddDamageClass,1242,500;
",,
1704,Composite_Bow,Composite Bow,Weapon,Bow,2500,,600,29,0,0,5,3,1,,4,0,True,"Archer, BardDancer, Hunter, Rogue, Thief",All,Both,Both_Hand,,,
1705,Composite_Bow_,Composite Bow,Weapon,Bow,2500,,600,29,0,0,5,4,1,,4,0,True,"Archer, BardDancer, Hunter, Rogue, Thief",All,Both,Both_Hand,,,
1706,Composite_Bow__,Composite Bow,Weapon,Bow,2500,,600,29,0,0,5,0,1,,4,0,True,"Archer, BardDancer, Hunter, Rogue, Thief",All,Both,Both_Hand,,,
1707,Great_Bow,Great Bow,Weapon,Bow,10000,,1000,50,0,0,5,2,2,,18,0,True,"Archer, BardDancer, Hunter, Rogue, Thief",All,Both,Both_Hand,,,
1708,Great_Bow_,Great Bow,Weapon,Bow,10000,,1000,50,0,0,5,3,2,,18,0,True,"Archer, BardDancer, Hunter, Rogue, Thief",All,Both,Both_Hand,,,
1709,Great_Bow__,Great Bow,Weapon,Bow,10000,,1000,50,0,0,5,0,2,,18,0,True,"Archer, BardDancer, Hunter, Rogue, Thief",All,Both,Both_Hand,,,
1710,CrossBow,Crossbow,Weapon,Bow,17000,,900,65,0,0,5,2,2,,18,0,True,"Archer, BardDancer, Hunter, Rogue, Thief",All,Both,Both_Hand,,,
1711,CrossBow_,Crossbow,Weapon,Bow,17000,,900,65,0,0,5,3,2,,18,0,True,"Archer, BardDancer, Hunter, Rogue, Thief",All,Both,Both_Hand,,,
1712,CrossBow__,Crossbow,Weapon,Bow,17000,,900,65,0,0,5,0,2,,18,0,True,"Archer, BardDancer, Hunter, Rogue, Thief",All,Both,Both_Hand,,,
1713,Arbalest,Arbalest,Weapon,Bow,48000,,1000,90,0,0,5,1,3,,33,0,True,"Archer, BardDancer, Hunter, Rogue, Thief",All,Both,Both_Hand,"bonus bDex,2;
",,
1714,Kakkung,Gakkung Bow,Weapon,Bow,42000,,1100,100,0,0,5,1,3,,33,0,True,"Archer, BardDancer, Hunter, Rogue, Thief",All,Both,Both_Hand,,,
1715,Arbalest_,Arbalest,Weapon,Bow,48000,,1000,90,0,0,5,2,3,,33,0,True,"Archer, BardDancer, Hunter, Rogue, Thief",All,Both,Both_Hand,"bonus bDex,2;
",,
1716,Kakkung_,Gakkung Bow,Weapon,Bow,42000,,1100,100,0,0,5,2,3,,33,0,True,"Archer, BardDancer, Hunter, Rogue, Thief",All,Both,Both_Hand,,,
1718,Hunter_Bow,Hunter Bow,Weapon,Bow,64000,,1500,125,0,0,5,0,3,,33,0,True,Hunter,All,Both,Both_Hand,,,
1719,Bow_Of_Roguemaster,Roguemaster's Bow,Weapon,Bow,20,,500,75,0,0,11,0,4,,48,0,True,Thief,All,Both,Both_Hand,,,
1720,Bow_Of_Rudra,Rudra Bow,Weapon,Bow,20,,1200,150,0,0,5,0,4,,48,0,True,"Archer, BardDancer, Hunter, Rogue",All,Both,Both_Hand,"bonus bAtkEle,Ele_Holy;
bonus bInt,5;
skill ""AL_CURE"",1;
skill ""AL_HEAL"",1;
bonus2 bResEff,Eff_Poison,5000;
bonus2 bResEff,Eff_Curse,5000;
bonus2 bResEff,Eff_Silence,5000;
bonus2 bResEff,Eff_Confusion,5000;
bonus2 bResEff,Eff_Blind,5000;
",,
1721,Repeting_CrossBow,Repeating Crossbow,Weapon,Bow,89000,,2000,95,0,0,9,1,3,,65,0,True,"Hunter, Rogue, Thief",All,Both,Both_Hand,,,
1722,Balistar,Ballista,Weapon,Bow,124000,,3500,145,0,0,5,0,4,,77,0,True,"BardDancer, Hunter",All,Both,Both_Hand,,,
1723,Luna_Bow,Luna Bow,Weapon,Bow,20,,2000,100,0,0,5,2,3,,30,0,True,Hunter,All,Both,Both_Hand,"bonus bDef,2+3*(getrefine()>5)+2*(getrefine()>8);
",,
1724,Dragon_Wing,Dragon Wing,Weapon,Bow,20,,1200,100,0,0,5,0,4,,60,0,True,"Archer, BardDancer, Hunter, Rogue, Thief",All,Both,Both_Hand,"bonus3 bAddMonsterDropItem,1765,RC_Dragon,300;
bonus bIgnoreDefRace,RC_Dragon;
",,
1725,Bow_Of_Minstrel,Minstrel Bow,Weapon,Bow,20,,1700,120,0,0,5,1,4,,70,0,True,"BardDancer, Hunter",All,Both,Both_Hand,"bonus bInt,2;
bonus bSPrecovRate,10;
",,
1726,Hunter_Bow_,Hunter Bow,Weapon,Bow,64000,,1500,125,0,0,5,1,3,,33,0,True,Hunter,All,Both,Both_Hand,,,
1727,Balistar_,Ballista,Weapon,Bow,124000,,3500,145,0,0,5,1,4,,77,0,True,"BardDancer, Hunter",All,Both,Both_Hand,,,
1728,Balistar_C,Ballista,Weapon,Bow,1,,0,194,0,0,5,0,4,,1,0,False,"BardDancer, Hunter",All,Both,Both_Hand,"bonus bLongAtkRate,20;
",,
1729,Bow_Of_Rudra_C,Rudra Bow,Weapon,Bow,2,,0,185,0,0,5,0,4,,1,0,False,"Archer, BardDancer, Hunter, Rogue",All,Both,Both_Hand,"bonus bAtkEle,Ele_Holy;
bonus bInt,5;
skill ""AL_CURE"",1;
skill ""AL_HEAL"",1;
",,
1730,Burning_Bow,Burning Bow,Weapon,Bow,20,,1400,95,0,0,5,1,3,,55,0,True,"Archer, BardDancer, Hunter, Rogue",All,Both,Both_Hand,"bonus2 bSubEle,Ele_Fire,10;
",,
1731,Frozen_Bow,Frozen Bow,Weapon,Bow,20,,1400,100,0,0,5,1,3,,55,0,True,"Archer, BardDancer, Hunter, Rogue",All,Both,Both_Hand,"bonus2 bAddEff,Eff_Freeze,1000;
",,
1732,Earth_Bow,Earth Bow,Weapon,Bow,20,,1400,105,0,0,5,1,3,,55,0,True,"Archer, BardDancer, Hunter, Rogue",All,Both,Both_Hand,,,
1733,Gust_Bow,Gust Bow,Weapon,Bow,20,,1400,95,0,0,5,1,3,,55,0,True,"Archer, BardDancer, Hunter, Rogue",All,Both,Both_Hand,,,
1734,Orc_Archer_Bow,Orc Archer Bow,Weapon,Bow,20,,1600,120,0,0,5,0,3,,65,0,True,"Archer, BardDancer, Hunter, Rogue",All,Both,Both_Hand,"bonus2 bAddMonsterDropItem,1753,200;
",,
1735,Kkakkung,Kkakkung,Weapon,Bow,20,,0,120,0,0,5,0,1,,1,0,False,"Archer, BardDancer, Hunter, Rogue, Thief",All,Both,Both_Hand,"bonus2 bAddClass,Class_All,50;
",,
1736,Double_Bound,Double Bound,Weapon,Bow,20,,900,70,0,0,5,3,3,,70,0,True,Hunter,Upper,Both,Both_Hand,"bonus3 bAutoSpell,""AC_DOUBLE"",GetSkillLv(""AC_DOUBLE""),10;
",,
1737,Ixion_Wing,Ixion Wings,Weapon,Bow,20,,300,135,0,0,5,1,4,,70,0,True,Hunter,Upper,Both,Both_Hand,"autobonus ""{ bonus bAspdRate,7; }"",10+(getrefine()*2),7000,BF_WEAPON,""{ specialeffect2 EF_HASTEUP; }"";
bonus2 bAddSkillBlow,""AC_CHARGEARROW"",3;
",,
1738,BF_Bow1,Valorous Battle CrossBow,Weapon,Bow,,,0,100,0,0,5,0,3,,80,0,True,"Archer, BardDancer, Hunter, Rogue, Thief",All,Both,Both_Hand,"bonus bDex,2;
bonus2 bAddRace,RC_DemiHuman,55;
bonus2 bAddRace,RC_Player_Human,55;
bonus2 bIgnoreDefRaceRate,RC_DemiHuman,20;
bonus2 bIgnoreDefRaceRate,RC_Player_Human,20;
bonus bUnbreakableWeapon;
",,
1739,BF_Bow2,Brave Battle CrossBow,Weapon,Bow,,,0,100,0,0,5,0,3,,80,0,True,"Archer, BardDancer, Hunter, Rogue, Thief",All,Both,Both_Hand,"bonus bDex,2;
bonus bInt,10;
bonus2 bAddRace,RC_DemiHuman,55;
bonus2 bAddRace,RC_Player_Human,55;
bonus bUnbreakableWeapon;
",,
1740,Nepenthes_Bow,Nepenthes Bow,Weapon,Bow,20,,1000,105,0,0,5,2,4,,60,0,True,Hunter,Upper,Both,Both_Hand,"bonus4 bAutoSpellOnSkill,""AC_DOUBLE"",""AC_CHARGEARROW"",1,20;
",,
1741,Cursed_Lyre,Cursed Lyre,Weapon,Bow,20,,1250,125,0,0,5,1,4,,80,0,True,"Archer, BardDancer, Hunter",Upper,Both,Both_Hand,"bonus bLuk,-2;
bonus2 bAddEff,Eff_Curse,400;
",,
1742,N_Composite_Bow,Novice Composite Bow,Weapon,Bow,1,,0,49,0,0,5,3,1,,4,0,False,"Archer, BardDancer, Hunter, Rogue, Thief",All,Both,Both_Hand,,,
1743,Krieger_Bow1,Glorious Hunter Bow,Weapon,Bow,,,0,100,0,0,5,0,4,,80,0,True,"Archer, BardDancer, Hunter, Rogue, Thief",All,Both,Both_Hand,"bonus2 bAddRace,RC_DemiHuman,55;
bonus2 bAddRace,RC_Player_Human,55;
bonus2 bIgnoreDefRaceRate,RC_DemiHuman,20;
bonus2 bIgnoreDefRaceRate,RC_Player_Human,20;
bonus bCritAtkRate,getrefine() * 2;
bonus bUnbreakableWeapon;
if (getrefine()>5) {
   bonus2 bAddRace,RC_DemiHuman,(getrefine()-4)*(getrefine()-4);
   bonus2 bAddRace,RC_Player_Human,(getrefine()-4)*(getrefine()-4);
   bonus2 bIgnoreDefRaceRate,RC_DemiHuman,5;
   bonus2 bIgnoreDefRaceRate,RC_Player_Human,5;
}
if (getrefine()>8)
   bonus2 bSkillAtk,""AC_DOUBLE"",20;
",,
1744,Bow_Of_Evil,Bow Of Evil,Weapon,Bow,,,0,170,0,0,5,0,4,,1,0,False,"Archer, BardDancer, Hunter, Rogue, Thief",All,Both,Both_Hand,"bonus2 bSkillAtk,""AC_DOUBLE"",25;
bonus bDex,2;
",,
1745,Falken_Blitz,Falken Blitz,Weapon,Bow,,,1000,100,0,0,5,2,3,,50,0,True,"Archer, BardDancer, Hunter",Upper,Both,Both_Hand,"bonus2 bSkillAtk,""SN_SHARPSHOOTING"",10;
bonus2 bSkillAtk,""AC_DOUBLE"",10;
bonus2 bSkillAtk,""AC_CHARGEARROW"",10;
",,
1801,Waghnakh,Waghnak,Weapon,Knuckle,8000,,400,30,0,0,1,3,1,,1,0,True,"Monk, Priest",All,Both,Right_Hand,,,
1802,Waghnakh_,Waghnak,Weapon,Knuckle,8000,,400,30,0,0,1,4,1,,1,0,True,"Monk, Priest",All,Both,Right_Hand,,,
1803,Knuckle_Duster,Knuckle Dusters,Weapon,Knuckle,25000,,450,50,0,0,1,2,2,,12,0,True,"Monk, Priest",All,Both,Right_Hand,,,
1804,Knuckle_Duster_,Knuckle Dusters,Weapon,Knuckle,25000,,450,50,0,0,1,3,2,,12,0,True,"Monk, Priest",All,Both,Right_Hand,,,
1805,Hora,Studded Knuckles,Weapon,Knuckle,32000,,450,65,0,0,1,2,2,,12,0,True,"Monk, Priest",All,Both,Right_Hand,,,
1806,Hora_,Studded Knuckles,Weapon,Knuckle,32000,,450,65,0,0,1,3,2,,12,0,True,"Monk, Priest",All,Both,Right_Hand,,,
1807,Fist,Fist,Weapon,Knuckle,53000,,650,115,0,0,1,0,3,,24,0,True,"Monk, Priest",All,Both,Right_Hand,,,
1808,Fist_,Fist,Weapon,Knuckle,53000,,650,115,0,0,1,1,3,,24,0,True,"Monk, Priest",All,Both,Right_Hand,,,
1809,Claw,Claw,Weapon,Knuckle,67000,,500,86,0,0,1,1,3,,24,0,True,"Monk, Priest",All,Both,Right_Hand,"bonus bStr,2;
",,
1810,Claw_,Claw,Weapon,Knuckle,67000,,500,86,0,0,1,2,3,,24,0,True,"Monk, Priest",All,Both,Right_Hand,"bonus bStr,2;
",,
1811,Finger,Finger,Weapon,Knuckle,58000,,500,97,0,0,1,1,3,,24,0,True,"Monk, Priest",All,Both,Right_Hand,,,
1812,Finger_,Finger,Weapon,Knuckle,58000,,500,97,0,0,1,2,3,,24,0,True,"Monk, Priest",All,Both,Right_Hand,,,
1813,Kaiser_Knuckle,Kaiser Knuckle,Weapon,Knuckle,20,,450,110,0,0,1,0,4,,36,0,True,"Monk, Priest",All,Both,Right_Hand,"bonus bAtkEle,Ele_Wind;
bonus2 bAddRace,RC_Undead,5;
bonus2 bAddEle,Ele_Water,10;
bonus2 bAddEle,Ele_Earth,10;
bonus2 bAddEle,Ele_Fire,10;
bonus2 bAddEle,Ele_Wind,10;
",,
1814,Berserk,Berserk,Weapon,Knuckle,20,,500,120,0,0,1,0,4,,36,0,True,"Monk, Priest",All,Both,Right_Hand,"bonus bAspdRate,12;
",,
1815,Claw_Of_Garm,Hatii Claw,Weapon,Knuckle,20,,550,152,0,0,1,1,4,,70,0,True,"Monk, Priest",All,Both,Right_Hand,"bonus bAtkEle,Ele_Dark;
bonus bMaxHPrate,-2;
bonus2 bAddEff,Eff_Bleeding,200;
",,
1816,Berserk_,Berserk,Weapon,Knuckle,20,,500,120,0,0,1,1,4,,36,0,True,"Monk, Priest",All,Both,Right_Hand,"bonus bAspdRate,12;
",,
1817,Kaiser_Knuckle_C,Kaiser Knuckle,Weapon,Knuckle,1,,0,159,0,0,1,0,4,,1,0,False,"Monk, Priest",All,Both,Right_Hand,"bonus bAtkEle,Ele_Wind;
bonus2 bAddRace,RC_Undead,5;
bonus2 bAddEle,Ele_Water,10;
bonus2 bAddEle,Ele_Earth,10;
bonus2 bAddEle,Ele_Fire,10;
bonus2 bAddEle,Ele_Wind,10;
bonus bAspdRate,5;
",,
1818,Magma_Fist,Magma Fist,Weapon,Knuckle,20,,650,80,0,0,1,3,3,,75,0,True,"Monk, Priest",All,Both,Right_Hand,"bonus3 bAutoSpell,""SA_FLAMELAUNCHER"",5,10;
",,
1819,Icicle_Fist,Icicle Fist,Weapon,Knuckle,20,,650,80,0,0,1,3,3,,75,0,True,"Monk, Priest",All,Both,Right_Hand,"bonus3 bAutoSpell,""SA_FROSTWEAPON"",5,10;
",,
1820,Electric_Fist,Electric Fist,Weapon,Knuckle,20,,650,80,0,0,1,3,3,,75,0,True,"Monk, Priest",All,Both,Right_Hand,"bonus3 bAutoSpell,""SA_LIGHTNINGLOADER"",5,10;
",,
1821,Seismic_Fist,Seismic Fist,Weapon,Knuckle,20,,650,80,0,0,1,3,3,,75,0,True,"Monk, Priest",All,Both,Right_Hand,"bonus3 bAutoSpell,""SA_SEISMICWEAPON"",5,10;
",,
1822,Combo_Battle_Glove,Combo Battle Glove,Weapon,Knuckle,20,,500,30,0,0,1,4,3,,60,0,True,"Monk, Priest",All,Both,Right_Hand,"bonus2 bSkillAtk,""MO_TRIPLEATTACK"",15;
bonus2 bSkillAtk,""MO_CHAINCOMBO"",15;
bonus2 bSkillAtk,""MO_COMBOFINISH"",20;
",,
1823,BF_Knuckle1,Valorous Battle Fist,Weapon,Knuckle,20,,0,30,0,0,1,0,3,,80,0,True,"Monk, Priest",All,Both,Right_Hand,"bonus bStr,2;
bonus bAgi,1;
bonus2 bAddRace,RC_DemiHuman,95;
bonus2 bAddRace,RC_Player_Human,95;
bonus2 bIgnoreDefRaceRate,RC_DemiHuman,20;
bonus2 bIgnoreDefRaceRate,RC_Player_Human,20;
bonus4 bAutoSpell,""CH_SOULCOLLECT"",1,5,0;
bonus bUnbreakableWeapon;
",,
1824,BF_Knuckle2,Brave Battle Fist,Weapon,Knuckle,20,,0,30,0,0,1,0,3,,80,0,True,"Monk, Priest",All,Both,Right_Hand,"bonus bStr,2;
bonus bInt,1;
bonus2 bAddRace,RC_DemiHuman,95;
bonus2 bAddRace,RC_Player_Human,95;
bonus2 bCastrate,""MO_EXTREMITYFIST"",-25;
autobonus ""{ bonus2 bCastrate,\""MO_EXTREMITYFIST\"",-100; }"",50,6000,BF_WEAPON,""{ specialeffect2 EF_SUFFRAGIUM; }"";
bonus bUnbreakableWeapon;
",,
1825,Horn_Of_Hilthrion,Horn of Hillslion,Weapon,Knuckle,20,,600,95,0,0,1,3,3,,60,0,True,Monk,Upper,Both,Right_Hand,"bonus3 bAutoSpell,""NPC_CRITICALWOUND"",1,100;
bonus4 bAutoSpellOnSkill,""CH_PALMSTRIKE"",""MO_INVESTIGATE"",1,100;
bonus3 bAutoSpell,""MO_CALLSPIRITS"",5,100;
",,
1826,Krieger_Knuckle1,Glorious Claw,Weapon,Knuckle,20,,0,30,0,0,1,0,4,,80,0,True,"Monk, Priest",All,Both,Right_Hand,"bonus2 bAddRace,RC_DemiHuman,95;
bonus2 bAddRace,RC_Player_Human,95;
bonus2 bIgnoreDefRaceRate,RC_DemiHuman,20;
bonus2 bIgnoreDefRaceRate,RC_Player_Human,20;
bonus bUnbreakableWeapon;
if (getrefine()>5) {
   bonus2 bAddRace,RC_DemiHuman,(getrefine()-4)*(getrefine()-4);
   bonus2 bAddRace,RC_Player_Human,(getrefine()-4)*(getrefine()-4);
   bonus2 bIgnoreDefRaceRate,RC_DemiHuman,5;
   bonus2 bIgnoreDefRaceRate,RC_Player_Human,5;
}
if (getrefine()>8) {
   bonus3 bAutoSpell,""MO_INVESTIGATE"",5,(getrefine()*10-50);
   bonus3 bAutoSpell,""AL_DECAGI"",1,(getrefine()*10-50);
}
",,
1827,Krieger_Knuckle2,Glorious Fist,Weapon,Knuckle,20,,0,30,0,0,1,0,4,,80,0,True,"Monk, Priest",All,Both,Right_Hand,"bonus2 bAddRace,RC_DemiHuman,95;
bonus2 bAddRace,RC_Player_Human,95;
bonus2 bIgnoreDefRaceRate,RC_DemiHuman,20;
bonus2 bIgnoreDefRaceRate,RC_Player_Human,20;
bonus bUnbreakableWeapon;
if (getrefine()>5) {
   bonus2 bAddRace,RC_DemiHuman,(getrefine()-4)*(getrefine()-4);
   bonus2 bAddRace,RC_Player_Human,(getrefine()-4)*(getrefine()-4);
   bonus2 bIgnoreDefRaceRate,RC_DemiHuman,5;
   bonus2 bIgnoreDefRaceRate,RC_Player_Human,5;
}
if (getrefine()>8) {
   bonus2 bCastrate,""MO_EXTREMITYFIST"",-100;
   bonus4 bautospellonskill,""MO_EXPLOSIONSPIRITS"",""CH_SOULCOLLECT"",1,1000;
}
",,
1828,Monk_Knuckle,Monk Knuckle,Weapon,Knuckle,20,,0,150,0,0,1,0,4,,0,0,False,"Monk, Priest",All,Both,Right_Hand,"bonus bInt,2;
bonus2 bSkillAtk,""MO_FINGEROFFENSIVE"",25;
",,
1829,Fist_C,Fist,Weapon,Knuckle,,,0,150,0,0,1,0,3,,1,0,False,"Monk, Priest",All,Both,Right_Hand,"bonus2 bAddSize,Size_All,40;
",,
1901,Violin,Violin,Weapon,Musical,4000,,700,50,0,0,1,3,1,,2,0,True,BardDancer,All,Male,Right_Hand,,,
1902,Violin_,Violin,Weapon,Musical,4000,,700,50,0,0,1,4,1,,2,0,True,BardDancer,All,Male,Right_Hand,,,
1903,Mandolin,Mandolin,Weapon,Musical,18000,,400,90,0,0,1,2,2,,14,0,True,BardDancer,All,Male,Right_Hand,,,
1904,Mandolin_,Mandolin,Weapon,Musical,18000,,400,90,0,0,1,3,2,,14,0,True,BardDancer,All,Male,Right_Hand,,,
1905,Lute,Lute,Weapon,Musical,24500,,500,105,0,0,1,2,2,,14,0,True,BardDancer,All,Male,Right_Hand,,,
1906,Lute_,Lute,Weapon,Musical,24500,,500,105,0,0,1,3,2,,14,0,True,BardDancer,All,Male,Right_Hand,,,
1907,Guitar,Guitar,Weapon,Musical,47000,,900,142,0,0,1,0,3,,27,0,True,BardDancer,All,Male,Right_Hand,,,
1908,Guitar_,Guitar,Weapon,Musical,47000,,900,142,0,0,1,1,3,,27,0,True,BardDancer,All,Male,Right_Hand,,,
1909,Harp,Harp,Weapon,Musical,62000,,900,114,0,0,1,1,3,,27,0,True,BardDancer,All,Male,Right_Hand,"bonus bInt,2;
",,
1910,Harp_,Harp,Weapon,Musical,62000,,900,114,0,0,1,2,3,,27,0,True,BardDancer,All,Male,Right_Hand,"bonus bInt,2;
",,
1911,Guh_Moon_Goh,Gumoongoh,Weapon,Musical,54000,,1300,126,0,0,1,1,3,,27,0,True,BardDancer,All,Male,Right_Hand,,,
1912,Guh_Moon_Goh_,Gumoongoh,Weapon,Musical,54000,,1300,126,0,0,1,2,3,,27,0,True,BardDancer,All,Male,Right_Hand,,,
1913,Electronic_Guitar,Electric Guitar,Weapon,Musical,20,,1800,110,0,0,1,0,4,,70,0,True,BardDancer,All,Male,Right_Hand,"skill ""WZ_JUPITEL"",1;
bonus3 bAutoSpell,""WZ_JUPITEL"",1,100;
bonus bAtkEle,Ele_Wind;
bonus bInt,2;
bonus bAgi,1;
",,
1914,Guitar_Of_Passion,Burning Passion Guitar,Weapon,Musical,20,,900,110,0,0,1,0,3,,27,0,True,BardDancer,All,Male,Right_Hand,"bonus bAtkEle,Ele_Fire;
",,
1915,Guitar_Of_Blue_Solo,Loner's Guitar,Weapon,Musical,20,,900,110,0,0,1,0,3,,27,0,True,BardDancer,All,Male,Right_Hand,"bonus bAtkEle,Ele_Water;
",,
1916,Guitar_Of_Vast_Land,Green Acre Guitar,Weapon,Musical,20,,900,110,0,0,1,0,3,,27,0,True,BardDancer,All,Male,Right_Hand,"bonus bAtkEle,Ele_Earth;
",,
1917,Guitar_Of_Gentle_Breeze,Gentle Breeze Guitar,Weapon,Musical,20,,900,110,0,0,1,0,3,,27,0,True,BardDancer,All,Male,Right_Hand,"bonus bAtkEle,Ele_Wind;
",,
1918,Oriental_Lute,Oriental Lute,Weapon,Musical,20,,1200,150,0,0,1,0,4,,65,0,True,BardDancer,All,Male,Right_Hand,"bonus2 bSkillAtk,""CG_ARROWVULCAN"",10;
bonus2 bSkillAtk,""BA_MUSICALSTRIKE"",10;
",,
1919,Base_Guitar,Bass Guitar,Weapon,Musical,20,,1500,130,0,0,1,1,3,,70,0,True,BardDancer,Upper,Male,Right_Hand,"bonus bSPGainValue,3;
bonus4 bAutoSpellWhenHit,""WZ_HEAVENDRIVE"",3,30,1;
bonus3 bAutoSpell,""NPC_WIDECONFUSE"",2,100;
",,
1920,Berserk_Guitar,Berserk Guitar,Weapon,Musical,20,,1800,10,0,0,1,0,4,,70,0,True,BardDancer,Upper,Male,Right_Hand,"bonus bAspdRate,100;
bonus bHPrecovRate,-100;
bonus2 bHPLossRate,50,5000;
bonus bDex,-readparam(bDex);
",,
1921,Guh_Moon_Gom,Gun Moon Gom,Weapon,Musical,20,,0,120,0,0,1,0,1,,0,0,False,BardDancer,All,Male,Right_Hand,"bonus2 bAddClass,Class_All,50;
",,
1922,Oriental_Lute_,Oriental Lute,Weapon,Musical,20,,1200,150,0,0,1,2,4,,65,0,True,BardDancer,All,Male,Right_Hand,"bonus2 bSkillAtk,""CG_ARROWVULCAN"",10;
bonus2 bSkillAtk,""BA_MUSICALSTRIKE"",10;
",,
1923,BF_Instrument1,Valorous Battlefield Guitar,Weapon,Musical,20,,0,50,0,0,1,0,3,,80,0,True,BardDancer,All,Male,Right_Hand,"bonus bDex,2;
bonus2 bAddRace,RC_DemiHuman,95;
bonus2 bAddRace,RC_Player_Human,95;
bonus2 bIgnoreDefRaceRate,RC_DemiHuman,20;
bonus2 bIgnoreDefRaceRate,RC_Player_Human,20;
bonus bUnbreakableWeapon;
",,
1924,BF_Instrument2,Brave Battlefield Guitar,Weapon,Musical,20,,0,50,0,0,1,0,3,,80,0,True,BardDancer,All,Male,Right_Hand,"bonus bDex,2;
bonus2 bAddRace,RC_DemiHuman,95;
bonus2 bAddRace,RC_Player_Human,95;
bonus2 bSkillAtk,""CG_ARROWVULCAN"",20;
bonus bUnbreakableWeapon;
",,
1925,Cello,Cello,Weapon,Musical,20,,700,110,0,0,1,3,3,,70,0,True,BardDancer,Upper,Male,Right_Hand,"bonus bAgi,2;
bonus bDex,3;
bonus2 bAddSkillBlow,""BA_MUSICALSTRIKE"",2;
bonus2 bAddSkillBlow,""CG_ARROWVULCAN"",3;
",,
1926,Harp_Of_Nepenthes,Harp of Nepenthes,Weapon,Musical,20,,1000,120,0,0,1,2,4,,60,0,True,BardDancer,Upper,Male,Right_Hand,"bonus bInt,2;
if (getrefine()>9 ) {
   bonus3 bAddEffOnSkill,""BA_MUSICALSTRIKE"",Eff_Stun,2000;
}
else {
   bonus3 bAddEffOnSkill,""BA_MUSICALSTRIKE"",Eff_Stun,1000;
}
",,
1927,Krieger_Instrument1,Glorious Guitar,Weapon,Musical,20,,0,50,0,0,1,0,4,,80,0,True,BardDancer,All,Male,Right_Hand,"bonus2 bAddRace,RC_DemiHuman,95;
bonus2 bAddRace,RC_Player_Human,95;
bonus2 bIgnoreDefRaceRate,RC_DemiHuman,20;
bonus2 bIgnoreDefRaceRate,RC_Player_Human,20;
bonus bUnbreakableWeapon;
if (getrefine()>5) {
   bonus2 bAddRace,RC_DemiHuman,(getrefine()-4)*(getrefine()-4);
   bonus2 bAddRace,RC_Player_Human,(getrefine()-4)*(getrefine()-4);
   bonus2 bIgnoreDefRaceRate,RC_DemiHuman,5;
   bonus2 bIgnoreDefRaceRate,RC_Player_Human,5;
}
if (getrefine()>8)
   bonus4 bAutoSpellOnSkill,""CG_ARROWVULCAN"",""CG_TAROTCARD"",5,100;
",,
1928,Berserk_Guitar_I,Spirited Guitar,Weapon,Musical,,,0,40,0,0,1,0,4,,0,0,False,BardDancer,Upper,Male,Right_Hand,"bonus bAspdRate,100;
bonus bHPrecovRate,-100;
bonus2 bHPLossRate,50,5000;
bonus bDex,-readparam(bDex);
",,
1929,Guitar_C,Guitar,Weapon,Musical,,,0,177,0,0,1,0,3,,1,0,False,BardDancer,All,Male,Right_Hand,"bonus2 bAddSize,Size_All,40;
",,
1950,Rope,Rope,Weapon,Whip,2500,,400,45,0,0,2,3,1,,3,0,True,BardDancer,All,Female,Right_Hand,,,
1951,Rope_,Rope,Weapon,Whip,2500,,400,45,0,0,2,4,1,,3,0,True,BardDancer,All,Female,Right_Hand,,,
1952,Line,Whip,Weapon,Whip,12000,,300,80,0,0,2,2,2,,16,0,True,BardDancer,All,Female,Right_Hand,,,
1953,Line_,Whip,Weapon,Whip,12000,,300,80,0,0,2,3,2,,16,0,True,BardDancer,All,Female,Right_Hand,,,
1954,Wire,Wire Whip,Weapon,Whip,17500,,1000,95,0,0,2,2,2,,16,0,True,BardDancer,All,Female,Right_Hand,,,
1955,Wire_,Wire Whip,Weapon,Whip,17500,,1000,95,0,0,2,3,2,,16,0,True,BardDancer,All,Female,Right_Hand,,,
1956,Rante,Rante Whip,Weapon,Whip,32000,,900,135,0,0,2,0,3,,30,0,True,BardDancer,All,Female,Right_Hand,,,
1957,Rante_,Rante Whip,Weapon,Whip,32000,,900,135,0,0,2,1,3,,30,0,True,BardDancer,All,Female,Right_Hand,,,
1958,Tail,Tail Whip,Weapon,Whip,41000,,700,105,0,0,2,1,3,,30,0,True,BardDancer,All,Female,Right_Hand,"bonus bLuk,3;
",,
1959,Tail_,Tail Whip,Weapon,Whip,41000,,700,105,0,0,2,2,3,,30,0,True,BardDancer,All,Female,Right_Hand,"bonus bLuk,3;
",,
1960,Whip,Whip,Weapon,Whip,38000,,700,120,0,0,2,1,3,,30,0,True,BardDancer,All,Female,Right_Hand,,,
1961,Whip_,Whip,Weapon,Whip,38000,,700,120,0,0,2,2,3,,30,0,True,BardDancer,All,Female,Right_Hand,,,
1962,Lariat,Lariat Whip,Weapon,Whip,20,,400,100,0,0,2,0,4,,44,0,True,BardDancer,All,Female,Right_Hand,"bonus bDex,5;
bonus bAgi,1;
",,
1963,Rapture_Rose,Rapture Rose,Weapon,Whip,20,,300,115,0,0,2,0,4,,44,0,True,BardDancer,All,Female,Right_Hand,"bonus bAtkEle,Ele_Poison;
bonus2 bAddEff,Eff_Poison,5000;
",,
1964,Chemeti,Chemeti Whip,Weapon,Whip,20,,700,135,0,0,2,0,4,,44,0,True,BardDancer,All,Female,Right_Hand,"bonus bCritical,5;
bonus bFlee,10;
bonus bFlee2,2;
",,
1965,Whip_Of_Red_Flame,Red Flame Whip,Weapon,Whip,20,,700,110,0,0,2,0,3,,30,0,True,BardDancer,All,Female,Right_Hand,"bonus bAtkEle,Ele_Fire;
",,
1966,Whip_Of_Ice_Piece,Icicle Whip,Weapon,Whip,20,,700,110,0,0,2,0,3,,30,0,True,BardDancer,All,Female,Right_Hand,"bonus bAtkEle,Ele_Water;
",,
1967,Whip_Of_Earth,Gaia Whip,Weapon,Whip,20,,700,110,0,0,2,0,3,,30,0,True,BardDancer,All,Female,Right_Hand,"bonus bAtkEle,Ele_Earth;
",,
1968,Jump_Rope,Skipping Rope,Weapon,Whip,20,,400,120,0,0,2,0,3,,30,0,True,BardDancer,All,Female,Right_Hand,"bonus bCritical,20;
",,
1969,Bladed_Whip,Blade Whip,Weapon,Whip,20,,1200,140,0,0,2,0,4,,30,0,True,BardDancer,All,Female,Right_Hand,"bonus2 bAddEff,Eff_Bleeding,300;
",,
1970,Queen's_Whip,Queen's Whip,Weapon,Whip,20,,1100,150,0,0,2,0,4,,65,0,True,BardDancer,All,Female,Right_Hand,"bonus2 bSkillAtk,""CG_ARROWVULCAN"",10;
bonus2 bSkillAtk,""DC_THROWARROW"",10;
",,
1971,Electric_Wire,Electric Wire,Weapon,Whip,20,,700,110,0,0,2,0,3,,30,0,True,BardDancer,All,Female,Right_Hand,"bonus bAtkEle,Ele_Wind;
",,
1972,Electric_Eel,Electric Eel,Weapon,Whip,20,,2000,100,0,0,2,2,4,,70,0,True,BardDancer,Upper,Female,Right_Hand,"bonus bAtkEle,Ele_Wind;
bonus bInt,2;
bonus bAgi,2;
bonus3 bAutoSpell,""WZ_JUPITEL"",3,20;
if (getrefine()>0)
   bonus3 bAutoSpell,""CG_ARROWVULCAN"",getrefine(),50;
",,
1973,Sea_Witch_Foot,Sea Witch's Foot,Weapon,Whip,20,,1500,110,0,0,2,1,4,,70,0,True,BardDancer,Upper,Female,Right_Hand,"bonus bSPGainValue,5;
bonus4 bAutoSpellWhenHit,""WZ_FROSTNOVA"",3,50,1;
bonus3 bAutoSpell,""NPC_WIDESILENCE"",2,100;
",,
1974,Carrot_Whip,Carrot Whip,Weapon,Whip,20,,1300,185,0,0,2,0,4,,70,0,True,BardDancer,Upper,Female,Right_Hand,"if (getrefine()>0)
   bonus3 bAutoSpell,""AL_INCAGI"",getrefine(),10;
",,
1975,Queen_Is_Whip,Queen Is Whip,Weapon,Whip,20,,0,120,0,0,2,0,1,,0,0,False,BardDancer,All,Female,Right_Hand,"bonus2 bAddClass,Class_All,50;
",,
1976,Queen's_Whip_,Queen's Whip,Weapon,Whip,20,,1100,150,0,0,2,2,4,,65,0,True,BardDancer,All,Female,Right_Hand,"bonus2 bSkillAtk,""CG_ARROWVULCAN"",10;
bonus2 bSkillAtk,""DC_THROWARROW"",10;
",,
1977,BF_Whip1,Valorous Battle Lariat,Weapon,Whip,20,,0,50,0,0,2,0,3,,80,0,True,BardDancer,All,Female,Right_Hand,"bonus bDex,2;
bonus2 bAddRace,RC_DemiHuman,95;
bonus2 bAddRace,RC_Player_Human,95;
bonus2 bIgnoreDefRaceRate,RC_DemiHuman,20;
bonus2 bIgnoreDefRaceRate,RC_Player_Human,20;
bonus bUnbreakableWeapon;
",,
1978,BF_Whip2,Brave Battle Lariat,Weapon,Whip,20,,0,50,0,0,2,0,3,,80,0,True,BardDancer,All,Female,Right_Hand,"bonus bDex,2;
bonus2 bAddRace,RC_DemiHuman,95;
bonus2 bAddRace,RC_Player_Human,95;
bonus2 bSkillAtk,""CG_ARROWVULCAN"",20;
bonus bUnbreakableWeapon;
",,
1979,Stem_Of_Nepenthes,Stem of Nepenthes,Weapon,Whip,20,,1000,120,0,0,2,2,4,,60,0,True,BardDancer,Upper,Female,Right_Hand,"bonus bInt,2;
if (getrefine()>=9 ) {
   bonus3 bAddEffOnSkill,""DC_THROWARROW"",Eff_Freeze,2000;
}
else {
   bonus3 bAddEffOnSkill,""DC_THROWARROW"",Eff_Freeze,1000;
}
",,
1980,Whip_Of_Balance,Whip of Balance,Weapon,Whip,20,,700,110,0,0,2,3,3,,70,0,True,BardDancer,Upper,Female,Right_Hand,"bonus bAgi,2;
bonus bDex,3;
bonus2 bAddSkillBlow,""DC_THROWARROW"",2;
bonus2 bAddSkillBlow,""CG_ARROWVULCAN"",3;
",,
1981,Krieger_Whip1,Glorious Lariat,Weapon,Whip,20,,0,50,0,0,2,0,4,,80,0,True,BardDancer,All,Female,Right_Hand,"bonus2 bAddRace,RC_DemiHuman,95;
bonus2 bAddRace,RC_Player_Human,95;
bonus2 bIgnoreDefRaceRate,RC_DemiHuman,20;
bonus2 bIgnoreDefRaceRate,RC_Player_Human,20;
bonus bUnbreakableWeapon;
if (getrefine()>5) {
   bonus2 bAddRace,RC_DemiHuman,(getrefine()-4)*(getrefine()-4);
   bonus2 bAddRace,RC_Player_Human,(getrefine()-4)*(getrefine()-4);
   bonus2 bIgnoreDefRaceRate,RC_DemiHuman,5;
   bonus2 bIgnoreDefRaceRate,RC_Player_Human,5;
}
if (getrefine()>8)
   bonus4 bAutoSpellOnSkill,""CG_ARROWVULCAN"",""CG_TAROTCARD"",5,100;
",,
1982,Phenomena_Whip,Phenomena Whip,Weapon,Whip,20,,0,160,0,0,2,0,4,,0,0,False,BardDancer,All,Female,Right_Hand,"bonus bDex,2;
bonus2 bSkillAtk,""DC_THROWARROW"",25;
",,
1983,Rante_C,Rante Whip,Weapon,Whip,,,0,170,0,0,2,0,3,,1,0,False,BardDancer,All,Female,Right_Hand,"bonus2 bAddSize,Size_All,40;
",,
2000,Destruction_Rod,Staff of Destruction,Weapon,2hStaff,20,,2500,130,0,0,1,1,4,,80,0,True,Wizard,Upper,Both,Both_Hand,".@r = getrefine();
bonus bMatkRate,25+(.@r/2);
bonus bInt,3;
bonus bAgi,10;
bonus bUseSPrate,(.@r*2);
bonus3 bAutoSpellWhenHit,""WZ_JUPITEL"",5,(.@r*20);
bonus2 bCastrate,""HW_MAGICPOWER"",-50;
",,
2001,Divine_Cross,Divine Cross,Weapon,2hStaff,20,,1500,120,0,0,1,0,4,,70,0,True,"Monk, Priest",All,Both,Both_Hand,"bonus bAtkEle,Ele_Holy;
bonus bMatkRate,15;
bonus bDex,4;
bonus2 bSubRace,RC_Demon,15;
bonus2 bSubRace,RC_Undead,15;
",,
2002,Krieger_Twohand_Staff1,Glorious Destruction Staff,Weapon,2hStaff,20,,0,70,0,0,1,0,4,,80,0,True,"Acolyte, Mage, Monk, Priest, Sage, Wizard",All,Both,Both_Hand,".@r = getrefine();
bonus bMatkRate,15 + .@r;
bonus2 bMagicAddRace,RC_DemiHuman,15;
bonus2 bMagicAddRace,RC_Player_Human,15;
bonus2 bIgnoreMdefRaceRate,RC_DemiHuman,25;
bonus2 bIgnoreMdefRaceRate,RC_Player_Human,25;
bonus bUnbreakableWeapon;
if (.@r>5) {
   bonus2 bMagicAddRace,RC_DemiHuman,(.@r-5)*2;
   bonus2 bMagicAddRace,RC_Player_Human,(.@r-5)*2;
   bonus2 bIgnoreMdefRaceRate,RC_DemiHuman,5+(.@r-5)*2;
   bonus2 bIgnoreMdefRaceRate,RC_Player_Human,5+(.@r-5)*2;
}
if (.@r>8) {
   bonus5 bAutoSpellOnSkill,""WZ_STORMGUST"",""MG_SAFETYWALL"",10,200,1;
   bonus5 bAutoSpellOnSkill,""WZ_METEOR"",""MG_SAFETYWALL"",10,200,1;
   bonus5 bAutoSpellOnSkill,""WZ_VERMILION"",""MG_SAFETYWALL"",10,200,1;
}
",,
2003,Destruction_Rod_M,Staff of Destruction,Weapon,2hStaff,20,,2500,130,0,0,1,1,4,,80,0,True,Wizard,Upper,Both,Both_Hand,".@r = getrefine();
bonus bMatkRate,25+(.@r/2);
bonus bInt,3;
bonus bAgi,10;
bonus bUseSPrate,(.@r*2);
bonus3 bAutoSpellWhenHit,""WZ_JUPITEL"",5,(.@r*20);
bonus2 bCastrate,""HW_MAGICPOWER"",-50;
",,
2004,Kronos,Kronos,Weapon,2hStaff,20,,1000,30,0,0,1,0,4,,50,0,True,"Mage, Sage, Wizard",Upper,Both,Both_Hand,".@r = getrefine();
bonus bMatkRate,20;
bonus bInt,3+(.@r/2);
bonus bMaxHP,300+(50*.@r/2);
autobonus ""{ bonus bMatkRate,12; bonus buseSPRate,20; }"",1,5000,BF_MAGIC,""{ specialeffect2 EF_ENHANCE; }"";
",,
2005,Dea_Staff,Dea Staff,Weapon,2hStaff,20,,1000,30,0,0,1,1,3,,50,0,True,"Acolyte, Monk, Priest",Upper,Both,Both_Hand,"bonus bAtkEle,Ele_Holy;
bonus bMatkRate,15+getrefine()/2;
bonus bInt,6;
bonus bVit,2;
autobonus3 ""{ }"",20,1000,""AL_HEAL"",""{ specialeffect2 EF_MAGICALATTHIT; heal 0,200; }"";
",,
2101,Guard,Guard,Armor,,500,,300,0,0,3,0,0,,1,0,0,True,All,All,Both,Left_Hand,,,
2102,Guard_,Guard,Armor,,500,,300,0,0,3,0,1,,1,0,0,True,All,All,Both,Left_Hand,,,
2103,Buckler,Buckler,Armor,,14000,,600,0,0,4,0,0,,1,0,0,True,"Acolyte, Alchemist, Assassin, BardDancer, Blacksmith, Crusader, Knight, Merchant, Monk, Priest, Rogue, Swordman, Thief",All,Both,Left_Hand,,,
2104,Buckler_,Buckler,Armor,,14000,,600,0,0,4,0,1,,1,0,0,True,"Acolyte, Alchemist, Assassin, BardDancer, Blacksmith, Crusader, Knight, Merchant, Monk, Priest, Rogue, Swordman, Thief",All,Both,Left_Hand,,,
2105,Shield,Shield,Armor,,56000,,1300,0,0,6,0,0,,1,0,0,True,"Crusader, Knight, Swordman",All,Both,Left_Hand,,,
2106,Shield_,Shield,Armor,,56000,,1300,0,0,6,0,1,,1,0,0,True,"Crusader, Knight, Swordman",All,Both,Left_Hand,,,
2107,Mirror_Shield,Mirror Shield,Armor,,60000,,1000,0,0,4,0,0,,1,0,0,True,"Crusader, Knight, StarGladiator, Swordman",All,Both,Left_Hand,"bonus bMdef,5;
",,
2108,Mirror_Shield_,Mirror Shield,Armor,,60000,,1000,0,0,4,0,1,,1,0,0,True,"Crusader, Knight, StarGladiator, Swordman",All,Both,Left_Hand,"bonus bMdef,5;
",,
2109,Memorize_Book,Memory Book,Armor,,20,,1000,0,0,3,0,0,,1,0,0,True,"Mage, Sage, SoulLinker, Wizard",All,Both,Left_Hand,"bonus bInt,1;
bonus bMdef,2;
",,
2110,Holy_Guard,Holy Guard,Armor,,85000,,1400,0,0,5,0,0,,1,68,0,False,Crusader,All,Both,Left_Hand,"bonus bVit,2;
bonus bMdef,2;
",,
2111,Herald_Of_GOD,Sacred Mission,Armor,,128000,,1600,0,0,5,0,0,,1,83,0,True,Crusader,All,Both,Left_Hand,"bonus bVit,3;
bonus bInt,2;
bonus bMdef,3;
bonus bUnbreakableShield;
",,
2112,Novice_Guard,Novice Guard,Armor,,1,,1,0,0,3,0,0,,1,0,0,False,"Novice, SuperNovice",All,Both,Left_Hand,,,
2113,Novice_Shield,Novice Shield,Armor,,5000,,1000,0,0,3,0,1,,1,40,0,True,"Novice, SuperNovice",All,Both,Left_Hand,"bonus2 bSubEle,Ele_Water,20;
bonus2 bSubEle,Ele_Earth,20;
bonus2 bSubEle,Ele_Fire,20;
bonus2 bSubEle,Ele_Wind,20;
bonus2 bSubEle,Ele_Poison,20;
bonus2 bSubEle,Ele_Ghost,20;
bonus2 bSubEle,Ele_Undead,20;
",,
2114,Stone_Buckler,Stone Buckler,Armor,,30000,,1500,0,0,3,0,1,,1,65,0,True,All,All,Both,Left_Hand,"bonus2 bSubSize,Size_Large,5;
",,
2115,Valkyrja's_Shield,Valkyrja's Shield,Armor,,30000,,500,0,0,3,0,1,,1,65,0,True,All,All,Both,Left_Hand,"bonus2 bSubEle,Ele_Water,20;
bonus2 bSubEle,Ele_Fire,20;
bonus2 bSubEle,Ele_Dark,20;
bonus2 bSubEle,Ele_Undead,20;
bonus bMdef,5;
",,
2116,Angel's_Safeguard,Angelic Guard,Armor,,10000,,400,0,0,3,0,1,,1,20,0,True,"Novice, SuperNovice",All,Both,Left_Hand,"bonus2 bSubRace,RC_Demon,5;
",,
2117,Arm_Guard,Arm Guard,Armor,,10000,,150,0,0,5,0,0,,1,20,0,True,Ninja,All,Both,Left_Hand,,,
2118,Arm_Guard_,Arm Guard,Armor,,10000,,150,0,0,5,0,1,,1,20,0,True,Ninja,All,Both,Left_Hand,,,
2119,Improved_Arm_Guard,Advanced Arm Guard,Armor,,40000,,150,0,0,4,0,0,,1,50,0,True,Ninja,All,Both,Left_Hand,"bonus bMdef,5;
",,
2120,Improved_Arm_Guard_,Advanced Arm Guard,Armor,,40000,,150,0,0,4,0,1,,1,50,0,True,Ninja,All,Both,Left_Hand,"bonus bMdef,5;
",,
2121,Memorize_Book_,Memory Book,Armor,,20,,1000,0,0,3,0,1,,1,0,0,True,"Mage, Sage, SoulLinker, Wizard",All,Both,Left_Hand,"bonus bInt,1;
bonus bMdef,2;
",,
2122,Platinum_Shield,Platinum Shield,Armor,,20,,1200,0,0,5,0,0,,1,68,0,True,All,Upper,Both,Left_Hand,"bonus bMdef,5;
bonus2 bSubSize,Size_Medium,15;
bonus2 bSubSize,Size_Large,15;
bonus2 bSubRace,RC_Undead,10;
bonus5 bAutoSpellWhenHit,""NPC_MAGICMIRROR"",7,150,BF_MAGIC,0;
",,
2123,Orleans_Server,Orleans's Server,Armor,,20,,1000,0,0,5,0,1,,1,55,0,True,All,Upper,Both,Left_Hand,"bonus bMdef,2;
bonus bMagicDamageReturn,5;
",,
2124,Thorny_Buckler,Thorny Buckler,Armor,,20,,1000,0,0,5,0,1,,1,55,0,True,All,Upper,Both,Left_Hand,"bonus bMdef,2;
",,
2125,Strong_Shield,Strong Shield,Armor,,20,,2500,0,0,4,0,1,,1,75,0,True,"Alchemist, Assassin, Blacksmith, Crusader, Knight, Merchant, Rogue, Swordman, Thief",Upper,Both,Left_Hand,"bonus bNoKnockback;
bonus2 bSubEle,Ele_Neutral,-20;
bonus2 bSubEle,Ele_Fire,-20;
bonus2 bSubEle,Ele_Water,-20;
bonus2 bSubEle,Ele_Wind,-20;
bonus2 bSubEle,Ele_Earth,-20;
bonus2 bSubEle,Ele_Dark,-20;
bonus2 bSubEle,Ele_Holy,-20;
bonus2 bSubEle,Ele_Ghost,-20;
",,
2126,Guyak_Shield,Guyak Shield,Armor,,20,,700,0,0,3,0,0,,1,75,0,True,All,All,Both,Left_Hand,"bonus bMdef,3;
",,
2127,Secular_Mission,Secular Mission,Armor,,20,,0,0,0,10,0,0,,1,0,0,False,All,All,Both,Left_Hand,"bonus2 bSubClass,Class_All,25;
",,
2128,Herald_Of_GOD_,Sacred Mission,Armor,,128000,,1600,0,0,5,0,1,,1,83,0,True,Crusader,All,Both,Left_Hand,"bonus bVit,3;
bonus bInt,2;
bonus bMdef,3;
bonus bUnbreakableShield;
",,
2129,Exorcism_Bible,Exorcism Bible,Armor,,20,,600,0,0,5,0,0,,1,50,0,True,"Monk, Priest",All,Both,Left_Hand,"bonus bHPrecovRate,3;
bonus bSPrecovRate,3;
bonus bInt,1;
",,
2130,Cross_Shield,Cross Shield,Armor,,20,,2000,0,0,6,0,1,,1,80,0,True,Crusader,All,Both,Left_Hand,"bonus bStr,1;
bonus2 bSkillAtk,""PA_SHIELDCHAIN"",30;
bonus2 bSkillAtk,""CR_SHIELDBOOMERANG"",30;
bonus bUseSPrate,10;
",,
2131,Magic_Study_Vol1,Magic Bible Vol1,Armor,,20,,1000,0,0,2,0,1,,1,70,0,True,"Mage, Sage, SoulLinker, Wizard",All,Both,Left_Hand,"bonus bMdef,3;
bonus bInt,2;
bonus2 bAddEffWhenHit,Eff_Stun,1000;
",,
2132,Shelter_Resistance,Shell Of Resistance,Armor,,20,,0,0,0,9,0,0,,1,0,0,False,All,All,Both,Left_Hand,"bonus2 bSubEle,Ele_All,20;
bonus bShortWeaponDamageReturn,1;
if (vip_status(VIP_STATUS_ACTIVE)) {
   bonus bAllStats,1;
}
",,
2133,Tournament_Shield,Tournament Shield,Armor,,20,,1000,0,0,5,0,1,,1,50,0,True,"Crusader, Knight, Swordman",Upper,Both,Left_Hand,"bonus2 bAddClass,Class_All,1;
if (Class == Job_Lord_Knight)
   bonus bAspdRate,-5;
",,
2134,Shield_Of_Naga,Shield of Naga,Armor,,20,,500,0,0,3,0,1,,1,70,0,True,"Alchemist, Assassin, BardDancer, Blacksmith, Crusader, Hunter, Knight, Monk, Priest, Rogue, Sage, SoulLinker, StarGladiator, Wizard",Upper,Both,Left_Hand,"bonus bMdef,3;
autobonus2 ""{ bonus bShortWeaponDamageReturn,(getrefine()*3); }"",10,5000,BF_WEAPON,""{ specialeffect2 EF_GUARD; }"";
",,
2135,Shadow_Guard,Shadow Guard,Armor,,20,,800,0,0,4,0,1,,1,70,0,True,Rogue,Upper,Both,Left_Hand,,,
2136,Cracked_Buckler,Cracked Buckler,Armor,,,,0,0,0,5,0,0,,1,0,0,False,All,All,Both,Left_Hand,"bonus bAgi,2;
bonus2 bAddEle,Ele_Neutral,-10;
bonus3 bAutoSpellWhenHit,""PR_KYRIE"",1,50;
bonus bMdef,1;
",,
2137,Valkyrja's_Shield_C,Neo Valkyrja's Shield,Armor,,,,0,0,0,5,0,0,,1,95,0,False,All,Upper,Both,Left_Hand,"bonus2 bSubEle,Ele_Water,20;
bonus2 bSubEle,Ele_Fire,20;
bonus2 bSubEle,Ele_Dark,20;
bonus2 bSubEle,Ele_Undead,20;
bonus bMdef,5;
",,
2138,Bradium_Shield,Bradium Shield,Armor,,20,,1800,0,0,5,0,1,,1,65,0,True,"Alchemist, Assassin, BardDancer, Blacksmith, Crusader, Hunter, Knight, Monk, Priest, Rogue, Sage, SoulLinker, StarGladiator, Wizard",Upper,Both,Left_Hand,"bonus2 bSkillAtk,""CR_SHIELDBOOMERANG"",60;
bonus bAgi,-1;
bonus bMaxHP,500;
",,
2139,Flame_Thrower,Flame Thrower,Armor,,20000,,2000,0,0,60,0,0,,1,99,0,False,Blacksmith,"Normal, Upper, Baby, Third, Third_Upper, Third_Baby",Both,Left_Hand,,,
2199,Ahura_Mazda,Ahura Mazdah,Armor,,1,,10,0,0,100,0,0,,1,1,0,False,All,All,Both,Left_Hand,"bonus bAllStats,50;
bonus bMdef,99;
bonus bUnbreakableShield;
bonus bShortWeaponDamageReturn,100;
bonus2 bSubRace,RC_DemiHuman,95;
bonus2 bSubRace,RC_Player_Human,95;
skill ""CR_FULLPROTECTION"",5;
Skill ""WZ_ESTIMATION"",1;
Skill ""ST_FULLSTRIP"",5;
Skill ""HW_MAGICPOWER"",10;
bonus bMaxHPRate,200;
bonus bNoGemStone;
bonus bSpeedRate,25;
bonus bNoWalkDelay;
",,
2201,Sunglasses,Sunglasses,Armor,,5000,,100,0,0,0,0,0,,1,0,0,False,All,All,Both,Head_Mid,"bonus2 bResEff,Eff_Blind,500;
",,
2202,Sunglasses_,Sunglasses,Armor,,5000,,100,0,0,0,0,1,,1,0,0,False,All,All,Both,Head_Mid,"bonus2 bResEff,Eff_Blind,500;
",,
2203,Glasses,Glasses,Armor,,4000,,100,0,0,0,0,0,,1,0,0,False,All,All,Both,Head_Mid,,,
2204,Glasses_,Glasses,Armor,,4000,,100,0,0,0,0,1,,1,0,0,False,All,All,Both,Head_Mid,,,
2205,Diver's_Goggles,Diver Goggles,Armor,,3500,,100,0,0,0,0,0,,1,0,0,False,All,All,Both,Head_Mid,,,
2206,Wedding_Veil,Wedding Veil,Armor,,23000,,100,0,0,0,0,0,,1,0,0,True,All,All,Both,Head_Top,"bonus bMdef,5;
",,
2207,Fancy_Flower,Fancy Flower,Armor,,20,,100,0,0,0,0,0,,1,0,0,False,All,All,Both,Head_Top,"bonus2 bSubRace,RC_Plant,10;
",,
2208,Ribbon,Ribbon,Armor,,800,,100,0,0,1,0,0,,1,0,0,True,All,All,Both,Head_Top,"bonus bMdef,3;
",,
2209,Ribbon_,Ribbon,Armor,,800,,100,0,0,1,0,1,,1,0,0,True,All,All,Both,Head_Top,"bonus bMdef,3;
",,
2210,Hair_Band,Hair Band,Armor,,500,,100,0,0,1,0,0,,1,0,0,False,All,All,Both,Head_Top,,,
2211,Bandana,Bandana,Armor,,400,,100,0,0,1,0,0,,1,0,0,True,All,All,Both,Head_Top,,,
2212,Eye_Bandage,Eye Patch,Armor,,1000,,100,0,0,0,0,0,,1,0,0,False,All,All,Both,Head_Mid,,,
2213,Cat_Hairband,Kitty Band,Armor,,20,,100,0,0,2,0,0,,1,0,0,True,All,All,Both,Head_Top,,,
2214,Bunny_Band,Bunny Band,Armor,,20,,100,0,0,2,0,0,,1,0,0,True,All,All,Both,Head_Top,"bonus bLuk,2;
",,
2215,Flower_Hairband,Flower Band,Armor,,20,,100,0,0,2,0,0,,1,0,0,True,All,All,Both,Head_Top,,,
2216,Biretta,Biretta,Armor,,9000,,100,0,0,4,0,0,,1,0,0,True,"Acolyte, Monk, Priest",All,Both,Head_Top,,,
2217,Biretta_,Biretta,Armor,,9000,,100,0,0,4,0,1,,1,0,0,True,"Acolyte, Monk, Priest",All,Both,Head_Top,,,
2218,Flu_Mask,Flu Mask,Armor,,300,,100,0,0,0,0,0,,1,0,0,False,All,All,Both,Head_Low,"bonus2 bResEff,Eff_Silence,1000;
",,
2219,Flu_Mask_,Flu Mask,Armor,,300,,100,0,0,0,0,0,,1,0,0,False,All,All,Both,Head_Low,"bonus2 bResEff,Eff_Silence,1000;
",,
2220,Hat,Hat,Armor,,1000,,200,0,0,2,0,0,,1,0,0,True,All,All,Both,Head_Top,,,
2221,Hat_,Hat,Armor,,1000,,200,0,0,2,0,1,,1,0,0,True,All,All,Both,Head_Top,,,
2222,Turban,Turban,Armor,,4500,,300,0,0,3,0,0,,1,0,0,True,All,All,Both,Head_Top,,,
2223,Turban_,Turban,Armor,,4500,,300,0,0,3,0,1,,1,0,0,True,All,All,Both,Head_Top,,,
2224,Goggle,Goggles,Armor,,20,,300,0,0,5,0,0,,1,0,0,True,"Alchemist, Archer, Assassin, BardDancer, Blacksmith, Crusader, Hunter, Knight, Merchant, Rogue, Swordman, Thief",All,Both,"Head_Mid, Head_Top",,,
2225,Goggle_,Goggles,Armor,,20,,300,0,0,5,0,1,,1,0,0,True,"Alchemist, Archer, Assassin, BardDancer, Blacksmith, Crusader, Hunter, Knight, Merchant, Rogue, Swordman, Thief",All,Both,"Head_Mid, Head_Top",,,
2226,Cap,Cap,Armor,,12000,,400,0,0,4,0,0,,1,0,0,True,"Alchemist, Archer, Assassin, BardDancer, Blacksmith, Crusader, Hunter, Knight, Merchant, Rogue, Swordman, Thief",All,Both,Head_Top,,,
2227,Cap_,Cap,Armor,,12000,,400,0,0,4,0,1,,1,0,0,True,"Alchemist, Archer, Assassin, BardDancer, Blacksmith, Crusader, Hunter, Knight, Merchant, Rogue, Swordman, Thief",All,Both,Head_Top,,,
2228,Helm,Helm,Armor,,44000,,600,0,0,6,0,0,,1,0,0,True,"Crusader, Knight, Swordman",All,Both,Head_Top,,,
2229,Helm_,Helm,Armor,,44000,,600,0,0,6,0,1,,1,0,0,True,"Crusader, Knight, Swordman",All,Both,Head_Top,,,
2230,Gemmed_Sallet,Gemmed Sallet,Armor,,50000,,500,0,0,4,0,0,,1,0,0,True,"Alchemist, Assassin, Blacksmith, Crusader, Knight, Merchant, Rogue, Swordman, Thief",All,Both,Head_Top,"bonus bMdef,3;
",,
2231,Gemmed_Sallet_,Gemmed Sallet,Armor,,50000,,500,0,0,4,0,1,,1,0,0,True,"Alchemist, Assassin, Blacksmith, Crusader, Knight, Merchant, Rogue, Swordman, Thief",All,Both,Head_Top,"bonus bMdef,3;
",,
2232,Circlet,Circlet,Armor,,7500,,300,0,0,3,0,0,,1,0,0,True,"Acolyte, Mage, Monk, Priest, Sage, SoulLinker, Wizard",All,Both,Head_Top,"bonus bMdef,3;
",,
2233,Circlet_,Circlet,Armor,,7500,,300,0,0,3,0,1,,1,0,0,True,"Acolyte, Mage, Monk, Priest, Sage, SoulLinker, Wizard",All,Both,Head_Top,"bonus bMdef,3;
",,
2234,Tiara,Tiara,Armor,,20,,400,0,0,4,0,0,,1,45,0,True,All,All,Both,Head_Top,"bonus bInt,2;
",,
2235,Crown,Crown,Armor,,20,,400,0,0,4,0,0,,1,45,0,True,All,All,Both,Head_Top,"bonus bInt,2;
",,
2236,Santa's_Hat,Santa Hat,Armor,,20,,100,0,0,1,0,0,,1,0,0,True,All,All,Both,Head_Top,"bonus bMdef,1;
bonus bLuk,1;
",,
2237,Weird_Goatee,Bandit Beard,Armor,,2,,100,0,0,0,0,0,,1,0,0,False,All,All,Both,Head_Low,,,
2239,One_Eyed_Glass,Monocle,Armor,,10000,,100,0,0,0,0,0,,1,0,0,False,All,All,Both,Head_Mid,,,
2240,Beard,Beard,Armor,,2,,100,0,0,0,0,0,,1,0,0,False,All,All,Both,Head_Low,,,
2241,Granpa_Beard,Grampa Beard,Armor,,5000,,100,0,0,0,0,0,,1,0,0,False,All,All,Both,Head_Low,,,
2242,Luxury_Sunglasses,Purple Glasses,Armor,,24000,,100,0,0,1,0,0,,1,0,0,False,All,All,Both,Head_Mid,"bonus2 bResEff,Eff_Blind,1000;
",,
2243,Spinning_Eyes,Geek Glasses,Armor,,20000,,100,0,0,1,0,0,,1,0,0,False,All,All,Both,Head_Mid,"bonus2 bResEff,Eff_Blind,1500;
",,
2244,Big_Sis'_Ribbon,Big Ribbon,Armor,,15000,,200,0,0,2,0,0,,1,0,0,True,All,All,Both,Head_Top,"bonus bMdef,3;
",,
2245,Sweet_Gents,Sweet Gent,Armor,,15000,,400,0,0,3,0,0,,1,0,0,True,All,All,Both,Head_Top,,,
2246,Golden_Gear,Golden Gear,Armor,,20,,900,0,0,5,0,0,,1,40,0,True,All,All,Both,Head_Top,"bonus bUnbreakableHelm;
",,
2247,Oldman's_Romance,Romantic Gent,Armor,,15000,,400,0,0,3,0,0,,1,0,0,True,All,All,Both,Head_Top,,,
2248,Western_Grace,Western Grace,Armor,,15000,,400,0,0,3,0,0,,1,0,0,True,All,All,Both,Head_Top,,,
2249,Coronet,Coronet,Armor,,20,,300,0,0,3,0,0,,1,0,0,True,All,All,Both,Head_Top,"bonus bInt,1;
",,
2250,Fillet,Cute Ribbon,Armor,,500,,100,0,0,1,0,0,,1,0,0,False,All,All,Both,Head_Top,"bonus bMaxSP,20;
",,
2251,Holy_Bonnet,Monk Hat,Armor,,30000,,100,0,0,5,0,0,,1,0,0,True,"Acolyte, Monk, Priest",All,Both,Head_Top,"bonus bMdef,3;
",,
2252,Star_Sparkling,Wizard Hat,Armor,,20,,300,0,0,4,0,0,,1,0,0,True,"Mage, Sage, SoulLinker, Wizard",All,Both,Head_Top,"bonus bMaxSP,100;
",,
2253,Sunflower,Sunflower,Armor,,20,,100,0,0,1,0,0,,1,0,0,False,All,All,Both,Head_Top,"bonus2 bSubRace,RC_Insect,10;
",,
2254,Angelic_Chain,Angel Wing,Armor,,20,,100,0,0,2,0,0,,1,0,0,True,All,All,Both,Head_Top,"bonus bMdef,3;
bonus bAgi,1;
bonus bLuk,1;
bonus2 bSubRace,RC_Demon,3;
",,
2255,Satanic_Chain,Evil Wing,Armor,,20,,100,0,0,3,0,0,,1,0,0,True,All,All,Both,Head_Top,"bonus bMdef,2;
bonus bStr,1;
bonus2 bSubRace,RC_Angel,3;
",,
2256,Magestic_Goat,Majestic Goat,Armor,,20,,800,0,0,5,0,0,,1,0,0,True,"Alchemist, Blacksmith, Crusader, Knight, Merchant, StarGladiator, Swordman, Taekwon",All,Both,Head_Top,"bonus bStr,1;
",,
2257,Snowy_Horn,Unicorn Horn,Armor,,20,,100,0,0,2,0,0,,1,0,0,True,All,All,Both,Head_Top,,,
2258,Sharp_Gear,Spiky Band,Armor,,20,,1000,0,0,6,0,0,,1,50,0,True,"Acolyte, Alchemist, Assassin, Blacksmith, Crusader, Knight, Merchant, Monk, Priest, Rogue, StarGladiator, Swordman, Taekwon, Thief",All,Both,Head_Top,,,
2259,Mini_Propeller,Mini Propeller,Armor,,20,,100,0,0,1,0,0,,1,0,0,True,All,All,Both,Head_Top,,,
2260,Mini_Glasses,Mini Glasses,Armor,,28000,,100,0,0,1,0,0,,1,0,0,False,All,All,Both,Head_Mid,,,
2261,Prontera_Army_Cap,Army Cap,Armor,,20,,400,0,0,4,0,0,,1,0,0,True,"Alchemist, Assassin, Blacksmith, Crusader, Knight, Merchant, Rogue, Swordman, Thief",All,Both,Head_Top,,,
2262,Pierrot_Nose,Clown Nose,Armor,,20,,100,0,0,0,0,0,,1,0,0,False,All,All,Both,Head_Low,,,
2263,Gangster_Patch,Zorro Masque,Armor,,20,,100,0,0,0,0,0,,1,0,0,False,All,All,Both,Head_Mid,,,
2264,Munak_Turban,Munak Hat,Armor,,20,,300,0,0,5,0,0,,1,0,0,False,All,All,Both,"Head_Low, Head_Mid, Head_Top","bonus2 bSubRace,RC_Undead,10;
",,
2265,Ganster_Mask,Gangster Mask,Armor,,20,,100,0,0,0,0,0,,1,0,0,False,All,All,Both,Head_Low,"bonus2 bResEff,Eff_Silence,1500;
",,
2266,Iron_Cane,Iron Cain,Armor,,20,,300,0,0,1,0,0,,1,50,0,False,"Crusader, Knight, Swordman",All,Both,Head_Low,,,
2267,Cigar,Cigarette,Armor,,20,,100,0,0,0,0,0,,1,0,0,False,All,All,Both,Head_Low,"bonus2 bSubRace,RC_Insect,3;
",,
2268,Smoking_Pipe,Pipe,Armor,,20,,100,0,0,0,0,0,,1,0,0,False,All,All,Both,Head_Low,"bonus2 bSubRace,RC_Insect,3;
",,
2269,Centimental_Flower,Romantic Flower,Armor,,20,,100,0,0,0,0,0,,1,0,0,False,All,All,Both,Head_Low,"bonus2 bSubRace,RC_Plant,3;
",,
2270,Centimental_Leaf,Romantic Leaf,Armor,,20,,100,0,0,0,0,0,,1,0,0,False,All,All,Both,Head_Low,"bonus2 bSubRace,RC_Plant,3;
",,
2271,Jack_A_Dandy,Jack be Dandy,Armor,,45000,,100,0,0,1,0,0,,1,0,0,False,All,All,Both,Head_Top,,,
2272,Stop_Post,Stop Post,Armor,,20,,400,0,0,1,0,0,,1,0,0,True,All,All,Both,Head_Top,,,
2273,Doctor_Cap,Doctor Band,Armor,,20,,100,0,0,3,0,0,,1,0,0,True,All,All,Both,Head_Top,"bonus bInt,1;
",,
2274,Ghost_Bandana,Ghost Bandana,Armor,,20,,100,0,0,0,0,0,,1,0,0,True,All,All,Both,Head_Top,"bonus bAgi,2;
bonus2 bSubEle,Ele_Ghost,10;
",,
2275,Red_Bandana,Red Bandana,Armor,,20,,100,0,0,2,0,0,,1,0,0,True,All,All,Both,Head_Top,,,
2276,Eagle_Eyes,Angled Glasses,Armor,,20,,100,0,0,1,0,0,,1,0,0,False,All,All,Both,Head_Mid,,,
2277,Nurse_Cap,Nurse Cap,Armor,,20,,100,0,0,2,0,0,,1,0,0,True,"Acolyte, Monk, Priest",All,Both,Head_Top,"bonus bInt,1;
",,
2278,Mr_Smile,Mr. Smile,Armor,,60,,100,0,0,1,0,0,,1,0,0,False,All,All,Both,"Head_Low, Head_Mid",,,
2279,Bomb_Wick,Bomb Wick,Armor,,20,,100,0,0,1,0,0,,1,0,0,False,All,All,Both,Head_Top,,,
2280,Sahkkat,Sakkat,Armor,,20,,300,0,0,3,0,0,,1,0,0,True,All,All,Both,Head_Top,"bonus bAgi,1;
",,
2281,Phantom_Of_Opera,Opera Masque,Armor,,20,,200,0,0,2,0,0,,1,0,0,False,All,All,Both,"Head_Low, Head_Mid",,,
2282,Spirit_Chain,Halo,Armor,,20,,100,0,0,0,0,0,,1,0,0,False,All,All,Both,Head_Top,"bonus2 bSubEle,Ele_Holy,15;
",,
2283,Ear_Mufs,Ear Muffs,Armor,,20,,200,0,0,3,0,0,,1,0,0,True,All,All,Both,Head_Top,"bonus2 bResEff,Eff_Curse,1000;
",,
2284,Antler,Antlers,Armor,,20,,500,0,0,4,0,0,,1,0,0,True,All,All,Both,Head_Top,,,
2285,Apple_Of_Archer,Apple of Archer,Armor,,20,,200,0,0,0,0,0,,1,30,0,True,All,All,Both,Head_Top,"bonus bDex,3;
",,
2286,Elven_Ears,Elven Ears,Armor,,20,,100,0,0,0,0,0,,1,70,0,False,All,All,Both,Head_Mid,,,
2287,Pirate_Bandana,Pirate Bandana,Armor,,20,,100,0,0,3,0,0,,1,0,0,True,All,All,Both,Head_Top,"bonus bStr,1;
",,
2288,Mr_Scream,Mr. Scream,Armor,,20,,100,0,0,1,0,0,,1,0,0,False,All,All,Both,"Head_Low, Head_Mid",,,
2289,Poo_Poo_Hat,Poo Poo Hat,Armor,,20,,700,0,0,0,0,0,,1,0,0,False,All,All,Both,Head_Top,"bonus2 bSubRace,RC_DemiHuman,10;
bonus2 bSubRace,RC_Player_Human,10;
",,
2290,Funeral_Costume,Funeral Hat,Armor,,3000,,100,0,0,1,0,0,,1,0,0,False,All,All,Both,Head_Top,,,
2291,Masquerade,Masquerade,Armor,,20,,100,0,0,0,0,0,,1,0,0,False,All,All,Both,Head_Mid,"bonus2 bAddRace,RC_DemiHuman,3;
bonus2 bAddRace,RC_Player_Human,3;
",,
2292,Welding_Mask,Welding Mask,Armor,,20,,300,0,0,2,0,0,,1,50,0,False,"Alchemist, Blacksmith, Merchant",All,Both,"Head_Low, Head_Mid","bonus2 bSubEle,Ele_Fire,10;
",,
2293,Pretend_Murdered,Pretend Murdered,Armor,,20,,100,0,0,1,0,0,,1,0,0,False,All,All,Both,Head_Top,,,
2294,Star_Dust,Stellar,Armor,,20,,100,0,0,1,0,0,,1,0,0,True,All,All,Both,Head_Top,,,
2295,Blinker,Blinker,Armor,,1500,,100,0,0,0,0,0,,1,0,0,False,All,All,Both,Head_Mid,"bonus2 bResEff,Eff_Blind,10000;
",,
2296,Binoculars,Binoculars,Armor,,20,,100,0,0,1,0,0,,1,50,0,False,"Archer, BardDancer, Hunter",All,Both,Head_Mid,"bonus bDex,1;
",,
2297,Goblini_Mask,Goblin Mask,Armor,,20,,100,0,0,1,0,0,,1,0,0,False,All,All,Both,"Head_Low, Head_Mid",,,
2298,Green_Feeler,Green Feeler,Armor,,20,,100,0,0,2,0,0,,1,0,0,False,All,All,Both,Head_Top,,,
2299,Viking_Helm,Orc Helm,Armor,,20,,500,0,0,5,0,0,,1,0,0,True,"Alchemist, Assassin, Blacksmith, Crusader, Knight, Merchant, Rogue, Swordman, Thief",All,Both,Head_Top,,,
2301,Cotton_Shirt,Cotton Shirt,Armor,,10,,100,0,0,1,0,0,,1,0,0,True,All,All,Both,Armor,,,
2302,Cotton_Shirt_,Cotton Shirt,Armor,,10,,100,0,0,1,0,1,,1,0,0,True,All,All,Both,Armor,,,
2303,Leather_Jacket,Jacket,Armor,,200,,200,0,0,2,0,0,,1,0,0,True,All,All,Both,Armor,,,
2304,Leather_Jacket_,Jacket,Armor,,200,,200,0,0,2,0,1,,1,0,0,True,All,All,Both,Armor,,,
2305,Adventure_Suit,Adventurer's Suit,Armor,,1000,,300,0,0,3,0,0,,1,0,0,True,All,All,Both,Armor,,,
2306,Adventurere's_Suit_,Adventurer's Suit,Armor,,1000,,300,0,0,3,0,1,,1,0,0,True,All,All,Both,Armor,,,
2307,Mantle,Mantle,Armor,,10000,,600,0,0,4,0,0,,1,0,0,True,All,All,Both,Armor,,,
2308,Mantle_,Mantle,Armor,,10000,,600,0,0,4,0,1,,1,0,0,True,All,All,Both,Armor,,,
2309,Coat,Coat,Armor,,22000,,1200,0,0,5,0,0,,1,0,0,True,All,All,Both,Armor,,,
2310,Coat_,Coat,Armor,,22000,,1200,0,0,5,0,1,,1,0,0,True,All,All,Both,Armor,,,
2311,Mink_Coat,Mink Coat,Armor,,20,,2300,0,0,6,0,1,,1,30,0,True,All,All,Both,Armor,,,
2312,Padded_Armor,Padded Armor,Armor,,48000,,2800,0,0,7,0,0,,1,0,0,True,"Alchemist, Assassin, Blacksmith, Crusader, Knight, Merchant, Rogue, Swordman, Thief",All,Both,Armor,,,
2313,Padded_Armor_,Padded Armor,Armor,,48000,,2800,0,0,7,0,1,,1,0,0,True,"Alchemist, Assassin, Blacksmith, Crusader, Knight, Merchant, Rogue, Swordman, Thief",All,Both,Armor,,,
2314,Chain_Mail,Chain Mail,Armor,,65000,,3300,0,0,8,0,0,,1,0,0,True,"Alchemist, Assassin, Blacksmith, Crusader, Knight, Merchant, Rogue, Swordman, Thief",All,Both,Armor,,,
2315,Chain_Mail_,Chain Mail,Armor,,65000,,3300,0,0,8,0,1,,1,0,0,True,"Alchemist, Assassin, Blacksmith, Crusader, Knight, Merchant, Rogue, Swordman, Thief",All,Both,Armor,,,
2316,Plate_Armor,Full Plate,Armor,,80000,,4500,0,0,10,0,0,,1,40,0,True,"Crusader, Knight, Swordman",All,Both,Armor,,,
2317,Plate_Armor_,Full Plate,Armor,,80000,,4500,0,0,10,0,1,,1,40,0,True,"Crusader, Knight, Swordman",All,Both,Armor,,,
2318,Clothes_Of_The_Lord,Lord's Clothes,Armor,,20,,2500,0,0,8,0,1,,1,70,0,True,"Alchemist, Blacksmith, Merchant",All,Both,Armor,"bonus bMdef,5;
bonus bInt,1;
",,
2319,Glittering_Clothes,Glittering Jacket,Armor,,20,,2500,0,0,7,0,1,,1,60,0,True,All,All,Both,Armor,"bonus bMdef,5;
bonus2 bAddEff,Eff_Blind,300;
",,
2320,Formal_Suit,Formal Suit,Armor,,20,,300,0,0,5,0,1,,1,0,0,True,All,All,Both,Armor,,,
2321,Silk_Robe,Silk Robe,Armor,,8000,,400,0,0,3,0,0,,1,0,0,True,"Acolyte, Alchemist, Blacksmith, Crusader, Knight, Mage, Merchant, Monk, Priest, Sage, SoulLinker, Swordman, Wizard",All,Both,Armor,"bonus bMdef,10;
",,
2322,Silk_Robe_,Silk Robe,Armor,,8000,,400,0,0,3,0,1,,1,0,0,True,"Acolyte, Alchemist, Blacksmith, Crusader, Knight, Mage, Merchant, Monk, Priest, Sage, SoulLinker, Swordman, Wizard",All,Both,Armor,"bonus bMdef,10;
",,
2323,Scapulare,Scapulare,Armor,,6500,,400,0,0,4,0,0,,1,0,0,True,"Acolyte, Monk, Priest",All,Both,Armor,,,
2324,Scapulare_,Scapulare,Armor,,6500,,400,0,0,4,0,1,,1,0,0,True,"Acolyte, Monk, Priest",All,Both,Armor,,,
2325,Saint_Robe,Saint's Robe,Armor,,54000,,600,0,0,6,0,0,,1,0,0,True,"Acolyte, Alchemist, Blacksmith, Merchant, Monk, Priest",All,Both,Armor,"bonus bMdef,5;
",,
2326,Saint_Robe_,Saint's Robe,Armor,,54000,,600,0,0,6,0,1,,1,0,0,True,"Acolyte, Alchemist, Blacksmith, Merchant, Monk, Priest",All,Both,Armor,"bonus bMdef,5;
",,
2327,Holy_Robe,Holy Robe,Armor,,20,,1700,0,0,7,0,0,,1,60,0,True,"Acolyte, Monk, Priest",All,Both,Armor,"bonus bMdef,5;
bonus2 bSubRace,RC_Demon,15;
bonus2 bSubEle,Ele_Dark,10;
",,
2328,Wooden_Mail,Wooden Mail,Armor,,5500,,1000,0,0,4,0,0,,1,0,0,True,"Alchemist, Blacksmith, Crusader, Knight, Merchant, Swordman",All,Both,Armor,,,
2329,Wooden_Mail_,Wooden Mail,Armor,,5500,,1000,0,0,4,0,1,,1,0,0,True,"Alchemist, Blacksmith, Crusader, Knight, Merchant, Swordman",All,Both,Armor,,,
2330,Tights,Tights,Armor,,71000,,500,0,0,6,0,0,,1,45,0,True,"Archer, BardDancer, Hunter",All,Both,Armor,"bonus bDex,1;
",,
2331,Tights_,Tights,Armor,,71000,,500,0,0,6,0,1,,1,45,0,True,"Archer, BardDancer, Hunter",All,Both,Armor,"bonus bDex,1;
",,
2332,Silver_Robe,Silver Robe,Armor,,7000,,700,0,0,4,0,0,,1,0,0,True,"Mage, Sage, SoulLinker, Wizard",All,Both,Armor,,,
2333,Silver_Robe_,Silver Robe,Armor,,7000,,700,0,0,4,0,1,,1,0,0,True,"Mage, Sage, SoulLinker, Wizard",All,Both,Armor,,,
2334,Mage_Coat,Mage Coat,Armor,,20,,600,0,0,5,0,0,,1,50,0,True,"Mage, Sage, SoulLinker, Wizard",All,Both,Armor,"bonus bMdef,5;
bonus bInt,1;
",,
2335,Thief_Clothes,Thief Clothes,Armor,,74000,,100,0,0,6,0,0,,1,0,0,True,"Assassin, Ninja, Rogue, Thief",All,Both,Armor,"bonus bAgi,1;
",,
2336,Thief_Clothes_,Thief Clothes,Armor,,74000,,100,0,0,6,0,1,,1,0,0,True,"Assassin, Ninja, Rogue, Thief",All,Both,Armor,"bonus bAgi,1;
",,
2337,Ninja_Suit,Ninja Suit,Armor,,20,,1500,0,0,7,0,0,,1,50,0,True,"Assassin, Ninja, Rogue, Thief",All,Both,Armor,"bonus bAgi,1;
bonus bMdef,3;
",,
2338,Wedding_Dress,Wedding Dress,Armor,,43000,,500,0,0,0,0,0,,1,0,0,True,All,All,Both,Armor,"bonus bMdef,15;
",,
2339,G_Strings,Pantie,Armor,,1000,,100,0,0,4,0,0,,1,0,0,True,All,All,Both,Armor,,,
2340,Novice_Breast,Novice Breastplate,Armor,,89000,,500,0,0,4,0,1,,1,10,0,True,"Novice, SuperNovice",All,Both,Armor,,,
2341,Full_Plate_Armor,Legion Plate Armor,Armor,,94000,,5500,0,0,11,0,0,,1,70,0,True,Crusader,All,Both,Armor,,,
2342,Full_Plate_Armor_,Legion Plate Armor,Armor,,102500,,5500,0,0,11,0,1,,1,70,0,True,Crusader,All,Both,Armor,,,
2343,Robe_Of_Casting,Robe of Cast,Armor,,124800,,1100,0,0,5,0,0,,1,75,0,True,"Sage, SoulLinker, Wizard",All,Both,Armor,"bonus bCastrate,-3;
bonus bMdef,4;
",,
2344,Flame_Sprits_Armor,Lucius's Fierce Armor of Volcano,Armor,,136000,,2200,0,0,4,0,0,,1,45,0,True,"Alchemist, Blacksmith, Crusader, Knight, Merchant, Swordman",All,Both,Armor,"bonus bDefEle,Ele_Fire;
",,
2345,Flame_Sprits_Armor_,Lucius's Fierce Armor of Volcano,Armor,,136000,,2200,0,0,4,0,1,,1,45,0,True,All,All,Both,Armor,"bonus bDefEle,Ele_Fire;
",,
2346,Water_Sprits_Armor,Saphien's Armor of Ocean,Armor,,136000,,2200,0,0,4,0,0,,1,45,0,True,"Alchemist, Blacksmith, Crusader, Knight, Merchant, Swordman",All,Both,Armor,"bonus bDefEle,Ele_Water;
",,
2347,Water_Sprits_Armor_,Saphien's Armor of Ocean,Armor,,136000,,2200,0,0,4,0,1,,1,45,0,True,All,All,Both,Armor,"bonus bDefEle,Ele_Water;
",,
2348,Wind_Sprits_Armor,Aebecee's Raging Typhoon Armor,Armor,,136000,,2200,0,0,4,0,0,,1,45,0,True,"Alchemist, Blacksmith, Crusader, Knight, Merchant, Swordman",All,Both,Armor,"bonus bDefEle,Ele_Wind;
",,
2349,Wind_Sprits_Armor_,Aebecee's Raging Typhoon Armor,Armor,,136000,,2200,0,0,4,0,1,,1,45,0,True,All,All,Both,Armor,"bonus bDefEle,Ele_Wind;
",,
2350,Earth_Sprits_Armor,Claytos Cracking Earth Armor,Armor,,136000,,2200,0,0,4,0,0,,1,45,0,True,"Alchemist, Blacksmith, Crusader, Knight, Merchant, Swordman",All,Both,Armor,"bonus bDefEle,Ele_Earth;
",,
2351,Earth_Sprits_Armor_,Claytos Cracking Earth Armor,Armor,,136000,,2200,0,0,4,0,1,,1,45,0,True,All,All,Both,Armor,"bonus bDefEle,Ele_Earth;
",,
2352,Novice_Plate,Tattered Novice Ninja Suit,Armor,,1,,1,0,0,4,0,0,,1,0,0,False,"Novice, SuperNovice",All,Both,Armor,,,
2353,Odin's_Blessing,Odin's Blessing,Armor,,30000,,2500,0,0,6,0,1,,1,65,0,True,All,All,Both,Armor,,,
2354,Goibne's_Armor,Goibne's Armor,Armor,,50000,,3500,0,0,7,0,0,,1,54,0,True,All,All,Both,Armor,"bonus bVit,2;
bonus bMaxHPrate,10;
",,
2355,Angel's_Protection,Angelic Protection,Armor,,10000,,600,0,0,4,0,1,,1,40,0,True,"Novice, SuperNovice",All,Both,Armor,"bonus bMdef,20;
",,
2356,Vestment_Of_Grace,Blessed Holy Robe,Armor,,20,,2500,0,0,5,0,1,,1,70,0,True,"Monk, Priest",All,Both,Armor,"bonus bMdef,5;
bonus2 bResEff,Eff_Blind,8000;
",,
2357,Valkyrie_Armor,Valkyrian Armor,Armor,,,,2800,0,0,6,0,1,,1,1,0,True,All,Upper,Both,Armor,"bonus bAllStats,1;
bonus bUnbreakableArmor;
if (BaseClass == Job_Mage || BaseClass == Job_Archer || BaseClass == Job_Acolyte)
   bonus2 bResEff,Eff_Silence,5000;
else if (BaseClass == Job_Swordman || BaseClass == Job_Merchant || BaseClass == Job_Thief)
   bonus2 bResEff,Eff_Stun,5000;
",,
2358,Dress_Of_Angel,Angel's Dress,Armor,,20,,1000,0,0,5,0,0,,1,1,0,False,All,All,Both,Armor,"bonus bLuk,4;
",,
2359,Ninja_Suit_,Ninja Suit,Armor,,20,,1500,0,0,7,0,1,,1,50,0,True,"Assassin, Ninja, Rogue, Thief",All,Both,Armor,"bonus bAgi,1;
bonus bMdef,3;
",,
2360,Robe_Of_Casting_,Robe of Cast,Armor,,124800,,1100,0,0,5,0,1,,1,75,0,True,"Sage, SoulLinker, Wizard",All,Both,Armor,"bonus bCastrate,-3;
bonus bMdef,4;
",,
2364,Meteo_Plate_Armor,Meteo Plate Armor,Armor,,20,,3000,0,0,10,0,1,,1,55,0,True,"Alchemist, Blacksmith, Crusader, Knight, Merchant, Swordman",Upper,Both,Armor,"bonus2 bResEff,Eff_Stun,3000;
bonus2 bResEff,Eff_Freeze,3000;
",,
2365,Orleans_Gown,Orleans's Gown,Armor,,20,,300,0,0,2,0,1,,1,55,0,True,All,Upper,Both,Armor,"bonus bCastrate,15;
bonus bNoCastCancel;
",,
2366,Divine_Cloth,Divine Cloth,Armor,,20,,1500,0,0,6,0,1,,1,55,0,True,All,Upper,Both,Armor,"bonus2 bResEff,Eff_Curse,500;
bonus2 bResEff,Eff_Silence,500;
bonus2 bResEff,Eff_Stun,500;
bonus2 bResEff,Eff_Stone,500;
bonus2 bResEff,Eff_Sleep,500;
",,
2367,Sniping_Suit,Sniping Suit,Armor,,20,,750,0,0,5,0,1,,1,50,0,True,Hunter,Upper,Both,Armor,"bonus bMdef,5;
bonus bCritical,6+(readparam(bLuk)/10);
bonus bDelayRate,-23;
",,
2368,Golden_Armor,Golden Armor,Armor,,20,,2000,0,0,4,0,0,,1,0,0,False,All,All,Both,Armor,"bonus bMdef,4;
",,
2369,Freyja_Overcoat,Freyja Overcoat,Armor,,,,500,0,0,12,0,0,,1,0,0,False,All,All,Both,Armor,"bonus bUnbreakableArmor;
bonus2 bSubRace,RC_DemiHuman,10;
bonus2 bSubRace,RC_Player_Human,10;
",,
2370,Used_Mage_Coat,Used Mage Coat,Armor,,,,0,0,0,15,0,0,,1,0,0,False,All,All,Both,Armor,"bonus bMaxHP,300;
bonus bMaxSP,30;
bonus bBaseAtk,10;
bonus bAGI,1;
",,
2371,G_Strings_,Pantie,Armor,,1000,,100,0,0,4,0,1,,1,0,0,True,All,All,Both,Armor,,,
2372,Mage_Coat_,Mage Coat,Armor,,20,,600,0,0,5,0,1,,1,50,0,True,"Mage, Sage, SoulLinker, Wizard",All,Both,Armor,"bonus bMdef,5;
bonus bInt,1;
",,
2373,Holy_Robe_,Holy Robe,Armor,,20,,1700,0,0,7,0,1,,1,60,0,True,"Acolyte, Monk, Priest",All,Both,Armor,"bonus bMdef,5;
bonus2 bSubRace,RC_Demon,15;
bonus2 bSubEle,Ele_Dark,10;
",,
2374,Diabolus_Robe,Diabolus Robe,Armor,,20,,300,0,0,6,0,1,,1,55,0,True,"Acolyte, Archer, BardDancer, Hunter, Mage, Monk, Priest, Sage, Wizard",Upper,Both,Armor,"bonus bMaxSP,150;
bonus bMdef,5;
bonus bHealPower,6;
bonus bDelayRate,-10;
",,
2375,Diabolus_Armor,Diabolus Armor,Armor,,20,,600,0,0,7,0,1,,1,55,0,True,"Alchemist, Assassin, Blacksmith, Crusader, Knight, Merchant, Rogue, Swordman, Thief",Upper,Both,Armor,"bonus bStr,2;
bonus bDex,1;
bonus bMaxHP,150;
bonus2 bResEff,Eff_Stun,500;
bonus2 bResEff,Eff_Stone,500;
",,
2376,Assaulter_Plate,Assaulter Plate,Armor,,10,,0,0,0,7,0,1,,1,80,0,True,"Alchemist, Blacksmith, Crusader, Knight, Merchant, StarGladiator, Swordman, Taekwon",All,Both,Armor,"bonus bMaxHP,150;
bonus bMdef,2;
bonus2 bSubRace,RC_DemiHuman,2;
bonus2 bSubRace,RC_Player_Human,2;
",,
2377,Elite_Engineer_Armor,Elite Engineer Armor,Armor,,10,,0,0,0,7,0,1,,1,80,0,True,"Alchemist, Blacksmith, Merchant",All,Both,Armor,"bonus bMaxHP,150;
bonus bMdef,2;
bonus2 bSubRace,RC_DemiHuman,2;
bonus2 bSubRace,RC_Player_Human,2;
",,
2378,Assassin_Robe,Assassin Robe,Armor,,10,,0,0,0,7,0,1,,1,80,0,True,"Assassin, Ninja, Rogue, Thief",All,Both,Armor,"bonus bMaxHP,150;
bonus bMdef,2;
bonus2 bSubRace,RC_DemiHuman,2;
bonus2 bSubRace,RC_Player_Human,2;
",,
2379,Warlock_Battle_Robe,Warlock's Battle Robe,Armor,,10,,0,0,0,3,0,1,,1,80,0,True,"Mage, Sage, SoulLinker, Wizard",All,Both,Armor,"bonus bMaxHP,150;
bonus bMdef,2;
bonus2 bSubRace,RC_DemiHuman,2;
bonus2 bSubRace,RC_Player_Human,2;
",,
2380,Medic_Robe,Medic's Robe,Armor,,10,,0,0,0,3,0,1,,1,80,0,True,"Acolyte, Monk, Priest",All,Both,Armor,"bonus bMaxHP,150;
bonus bMdef,2;
bonus2 bSubRace,RC_DemiHuman,2;
bonus2 bSubRace,RC_Player_Human,2;
",,
2381,Elite_Archer_Suit,Elite Archer Suit,Armor,,10,,0,0,0,3,0,1,,1,80,0,True,"Archer, BardDancer, Hunter",All,Both,Armor,"bonus bMaxHP,150;
bonus bMdef,2;
bonus2 bSubRace,RC_DemiHuman,2;
bonus2 bSubRace,RC_Player_Human,2;
",,
2382,Elite_Shooter_Suit,Elite Shooter Suit,Armor,,10,,0,0,0,3,0,1,,1,80,0,True,Gunslinger,All,Both,Armor,"bonus bMaxHP,150;
bonus bMdef,2;
bonus2 bSubRace,RC_DemiHuman,2;
bonus2 bSubRace,RC_Player_Human,2;
",,
2383,Brynhild,Brynhild,Armor,,20,,400,0,0,10,0,0,,1,94,0,False,All,All,Both,Armor,"bonus bMdef,10;
bonus bMaxHP,20*BaseLevel;
bonus bMaxSP,5*BaseLevel;
bonus2 bAddClass,Class_All,10;
bonus bMatkRate,10;
bonus bUnbreakableArmor;
bonus bNoKnockback;
",,
2384,Spritual_Tunic,Spiritual Tunic,Armor,,20,,0,0,0,10,0,0,,1,0,0,False,All,All,Both,Armor,"bonus bMaxHP,800;
bonus2 bResEff,Eff_Freeze,10000;
bonus2 bSubEle,Ele_Earth,20;
bonus2 bSubEle,Ele_Fire,20;
bonus2 bSubEle,Ele_Wind,20;
bonus2 bSubEle,Ele_Poison,20;
bonus2 bSubEle,Ele_Holy,20;
bonus2 bSubEle,Ele_Dark,20;
bonus2 bSubEle,Ele_Ghost,20;
bonus2 bSubEle,Ele_Undead,20;
",,
2385,Recuperative_Armor,Recuperative Armor,Armor,,20,,0,0,0,12,0,0,,1,0,0,False,All,All,Both,Armor,"bonus bNoRegen,1;
bonus bNoRegen,2;
bonus bHPGainValue,60;
bonus bSPGainValue,6;
bonus bMagicHPGainValue,60;
bonus bMagicSPGainValue,6;
",,"heal 0,-100;
"
2386,Chameleon_Armor,Chameleon Armor,Armor,,20,,1700,0,0,5,0,0,,1,70,0,True,"Alchemist, Assassin, BardDancer, Blacksmith, Crusader, Hunter, Knight, Monk, Priest, Rogue, Sage, SoulLinker, StarGladiator, Wizard",Upper,Both,Armor,"bonus bMaxHP,(BaseLevel*7);
bonus bMaxSP,(BaseLevel/2);
autobonus2 ""{ bonus bNoMagicDamage,100; }"",10,2000,BF_MAGIC,""{ specialeffect2 EF_ENERGYCOAT; }"";
if (BaseClass == Job_Mage || BaseClass == Job_Archer || BaseClass == Job_Acolyte )
   bonus bMdef,5;
else if (BaseClass == Job_Swordman || BaseClass == Job_Merchant || BaseClass == Job_Thief )
   bonus bDef,3;
",,
2387,Sprint_Mail,Sprint Mail,Armor,,20,,1000,0,0,3,0,1,,1,70,0,True,"Alchemist, Assassin, BardDancer, Blacksmith, Crusader, Hunter, Knight, Monk, Priest, Rogue, Sage, SoulLinker, StarGladiator, Wizard",Upper,Both,Armor,"bonus bVit,1;
bonus bHPrecovRate,5;
bonus bAddItemHealRate,3;
bonus2 bSkillHeal,""AL_HEAL"",3;
",,
2388,Kandura,Kandura,Armor,,20,,300,0,0,4,0,1,,1,70,0,True,Assassin,Upper,Both,Armor,"bonus bAgi,1;
bonus bFlee,5;
bonus bAspdRate,2;
",,
2389,Armor_Of_Naga,Armor of Naga,Armor,,20,,1000,0,0,5,0,1,,1,70,0,True,"Alchemist, Assassin, BardDancer, Blacksmith, Crusader, Hunter, Knight, Monk, Priest, Rogue, Sage, SoulLinker, StarGladiator, Wizard",Upper,Both,Armor,"bonus bMdef,2;
autobonus ""{ bonus bBaseAtk,20; }"",10,10000,BF_WEAPON,""{ specialeffect2 EF_ENHANCE; }"";
",,
2390,Improved_Tights,Improved Tights,Armor,,20,,400,0,0,6,0,1,,1,75,0,True,"Archer, BardDancer, Hunter",Upper,Both,Armor,"bonus bMdef,2;
bonus bFlee2,3;
",,
2391,Life_Link,Life Link,Armor,,20,,3500,0,0,9,0,1,,1,82,0,True,"Crusader, Knight, Swordman",Upper,Both,Armor,"bonus bVit,2;
bonus bMdef,5;
bonus bHPrecovRate,50;
",,
2392,Old_Pant,Old Green Pantie,Armor,,,,0,0,0,10,0,0,,1,0,0,False,All,All,Both,Armor,"bonus bStr,2;
bonus bVit,2;
bonus bMaxHP,200;
bonus3 bAutoSpellWhenHit,""MO_CALLSPIRITS"",5,20;
bonus bMdef,1;
",,
2393,N_Adventurer's_Suit,Novice Adventurer's Suit,Armor,,,,0,0,0,8,0,1,,1,0,0,False,All,All,Both,Armor,,,
2394,Krieger_Suit1,Glorious Suit,Armor,,20,,0,0,0,0,0,0,,1,81,0,True,All,All,Both,Armor,"bonus bMaxHPRate,20;
bonus2 bSubRace,RC_DemiHuman,7;
bonus2 bSubRace,RC_Player_Human,7;
",,
2395,Krieger_Suit2,Glorious Popularized Suit,Armor,,20,,0,0,0,0,0,0,,1,61,0,True,All,All,Both,Armor,"bonus bMaxHP,600;
bonus bSPrecovRate,10;
",,
2396,Krieger_Suit3,Glorious Mass-Production Suit,Armor,,20,,0,0,0,0,0,0,,1,0,0,True,All,All,Both,Armor,"bonus bMaxHP,500;
",,
2397,Incredible_Coat,Incredible Event Resignation Coat,Armor,,10,,900,0,0,2,0,0,,1,0,0,True,All,All,Both,Armor,,,
2398,Sniping_Suit_M,Sniping Suit,Armor,,20,,750,0,0,5,0,1,,1,50,0,True,Hunter,Upper,Both,Armor,"bonus bMdef,5;
bonus bCritical,6+(readparam(bLuk)/10);
bonus bDelayRate,-23;
",,
2399,Dragon_Vest,Dragon Vest,Armor,,20,,500,0,0,3,0,1,,1,0,0,True,All,Upper,Both,Armor,"bonus bMdef,3;
",,
2401,Sandals,Sandals,Armor,,400,,200,0,0,1,0,0,,1,0,0,True,All,All,Both,Shoes,,,
2402,Sandals_,Sandals,Armor,,400,,200,0,0,1,0,1,,1,0,0,True,All,All,Both,Shoes,,,
2403,Shoes,Shoes,Armor,,3500,,400,0,0,2,0,0,,1,0,0,True,All,All,Both,Shoes,,,
2404,Shoes_,Shoes,Armor,,3500,,400,0,0,2,0,1,,1,0,0,True,All,All,Both,Shoes,,,
2405,Boots,Boots,Armor,,18000,,600,0,0,4,0,0,,1,0,0,True,"Alchemist, Archer, Assassin, BardDancer, Blacksmith, Crusader, Gunslinger, Hunter, Knight, Merchant, Rogue, StarGladiator, Swordman, Taekwon, Thief",All,Both,Shoes,,,
2406,Boots_,Boots,Armor,,18000,,600,0,0,4,0,1,,1,0,0,True,"Alchemist, Archer, Assassin, BardDancer, Blacksmith, Crusader, Gunslinger, Hunter, Knight, Merchant, Rogue, StarGladiator, Swordman, Taekwon, Thief",All,Both,Shoes,,,
2407,Chrystal_Pumps,Crystal Pumps,Armor,,20,,100,0,0,0,0,0,,1,0,0,True,All,All,Both,Shoes,"bonus bMdef,10;
bonus bLuk,5;
",,
2408,Cuffs,Shackles,Armor,,5000,,3000,0,0,3,0,0,,1,0,0,True,All,All,Both,Shoes,,,
2409,Spiky_Heel,High Heels,Armor,,8500,,600,0,0,2,0,0,,1,0,0,True,All,All,Both,Shoes,"bonus bMdef,5;
",,
2410,Sleipnir,Sleipnir,Armor,,20,,3500,0,0,5,0,0,,1,94,0,False,All,All,Both,Shoes,"bonus bMdef,10;
bonus bMaxHPrate,20;
bonus bMaxSPrate,20;
bonus bSPrecovRate,15;
bonus bSpeedRate,25;
",,
2411,Grave,Greaves,Armor,,48000,,750,0,0,5,0,0,,1,65,0,True,"Crusader, Knight",All,Both,Shoes,,,
2412,Grave_,Greaves,Armor,,54000,,750,0,0,5,0,1,,1,65,0,True,"Crusader, Knight",All,Both,Shoes,,,
2413,Safty_Boots,Safety Boots,Armor,,34000,,350,0,0,6,0,0,,1,30,0,False,"Crusader, Knight, Swordman",All,Both,Shoes,,,
2414,Novice_Boots,Novice Slippers,Armor,,1,,1,0,0,2,0,0,,1,0,0,False,"Novice, SuperNovice",All,Both,Shoes,,,
2415,Slipper,Bunny Slipper,Armor,,34000,,300,0,0,3,0,1,,1,30,0,True,All,All,Both,Shoes,"bonus bLuk,3;
bonus bMdef,3;
",,
2416,Novice_Shoes,Novice Shoes,Armor,,35000,,500,0,0,2,0,1,,1,40,0,True,"Novice, SuperNovice",All,Both,Shoes,"bonus bMaxHPrate,5;
",,
2417,Fricco_Shoes,Fricco's Shoes,Armor,,30000,,500,0,0,3,0,0,,1,65,0,True,All,All,Both,Shoes,"bonus bAgi,2;
bonus2 bAddItemGroupHealRate,IG_Potion,20;
",,
2418,Vidar's_Boots,Vidar's Boots,Armor,,30000,,650,0,0,4,0,0,,1,65,0,True,All,All,Both,Shoes,"bonus bMaxHPrate,9;
bonus bMaxSPrate,9;
",,
2419,Goibne's_Combat_Boots,Goibne's Greaves,Armor,,30000,,700,0,0,4,0,0,,1,54,0,True,All,All,Both,Shoes,"bonus bMdef,3;
bonus bMaxHPrate,5;
bonus bMaxSPrate,5;
",,
2420,Angel's_Arrival,Angel's Reincarnation,Armor,,10000,,300,0,0,2,0,1,,1,25,0,True,"Novice, SuperNovice",All,Both,Shoes,"bonus bMaxHP,100;
",,
2421,Valkyrie_Shoes,Valkyrian Shoes,Armor,,,,500,0,0,4,0,1,,1,1,0,True,All,Upper,Both,Shoes,"bonus bUnbreakableShoes;
if (BaseClass == Job_Mage || BaseClass == Job_Archer || BaseClass == Job_Acolyte)
   bonus bMaxHP,(BaseLevel*5);
else if (BaseClass == Job_Swordman || BaseClass == Job_Merchant || BaseClass == Job_Thief)
   bonus bMaxSP,(JobLevel*2);
",,
2422,High_Fashion_Sandals,High Fashion Sandals,Armor,,24000,,200,0,0,2,0,1,,1,40,0,True,"Acolyte, Mage, Monk, Priest, Sage, SoulLinker, Wizard",All,Both,Shoes,"bonus bMdef,10;
",,
2423,Variant_Shoes,Variant Shoes,Armor,,20,,500,0,0,3,0,0,,1,85,0,True,All,Upper,Both,Shoes,"bonus bMaxHPRate,20-getrefine();
bonus bMaxSPRate,20-getrefine();
bonus bDef,getrefine()/2;
",,
2424,Tidal_Shoes,Tidal Shoes,Armor,,20,,300,0,0,3,0,1,,1,55,0,True,All,Upper,Both,Shoes,"bonus2 bSubEle,Ele_Water,5;
",,
2425,Black_Leather_Boots,Black Leather Boots,Armor,,20,,500,0,0,4,0,0,,1,55,0,True,All,Upper,Both,Shoes,"bonus bAgi,1;
if (getrefine()>=9)
bonus bAgi,2;
",,
2426,Shadow_Walk,Shadow Walk,Armor,,20,,2000,0,0,0,0,0,,1,75,0,True,All,Upper,Both,Shoes,"bonus bMdef,10;
if (getskilllv(""AS_CLOAKING"")<2) {
   bonus5 bAutoSpellWhenHit,""AS_CLOAKING"",2,100,BF_MAGIC,0;
} else
   bonus5 bAutoSpellWhenHit,""AS_CLOAKING"",getskilllv(""AS_CLOAKING""),100,BF_MAGIC,0;
",,
2427,Golden_Shoes,Golden Shoes,Armor,,20,,300,0,0,4,0,0,,1,0,0,False,All,All,Both,Shoes,"bonus bMdef,4;
",,
2428,Freyja_Boots,Freyja Boots,Armor,,,,300,0,0,10,0,0,,1,0,0,False,All,All,Both,Shoes,"bonus2 bSubRace,RC_DemiHuman,5;
bonus2 bSubRace,RC_Player_Human,5;
",,
2429,Iron_Boots01,Iron Boots,Armor,,,,1500,0,0,5,0,0,,1,0,0,True,"Alchemist, Archer, Assassin, BardDancer, Blacksmith, Crusader, Hunter, Knight, Merchant, Rogue, Swordman, Thief",All,Both,Shoes,,,
2430,Iron_Boots02,Iron Boots,Armor,,,,800,0,0,5,0,0,,1,0,0,True,All,All,Both,Shoes,,,
2431,Valley_Shoes,Valley Shoes,Armor,,20,,0,0,0,10,0,0,,1,0,0,False,All,All,Both,Shoes,"bonus bMaxHPRate,7;
bonus bMaxSPRate,7;
",,
2432,Spiky_Heel_,High Heels,Armor,,8500,,600,0,0,2,0,1,,1,0,0,True,All,All,Both,Shoes,"bonus bMdef,5;
",,
2433,Diabolus_Boots,Diabolus Boots,Armor,,20,,250,0,0,4,0,1,,1,0,0,True,"Alchemist, Assassin, BardDancer, Blacksmith, Crusader, Hunter, Knight, Monk, Priest, Rogue, Sage, SoulLinker, StarGladiator, Wizard",Upper,Both,Shoes,"bonus bMaxHP,(BaseLevel*10);
",,
2434,Black_Leather_Boots_,Black Leather Boots,Armor,,20,,500,0,0,4,0,1,,1,55,0,True,All,Upper,Both,Shoes,"bonus bAgi,1;
if (getrefine()>=9)
   bonus bAgi,2;
",,
2435,Battle_Greave,Battle Greaves,Armor,,10,,0,0,0,4,0,1,,1,80,0,True,"Alchemist, Assassin, Blacksmith, Crusader, Knight, Merchant, Ninja, Rogue, StarGladiator, Swordman, Taekwon, Thief",All,Both,Shoes,"bonus bMaxHP,100;
bonus bMdef,1;
bonus2 bSubRace,RC_DemiHuman,1;
bonus2 bSubRace,RC_Player_Human,1;
",,
2436,Combat_Boots,Combat Boots,Armor,,10,,0,0,0,3,0,1,,1,80,0,True,"Acolyte, Archer, BardDancer, Hunter, Mage, Monk, Priest, Sage, SoulLinker, Wizard",All,Both,Shoes,"bonus bMaxHP,100;
bonus bMdef,1;
bonus2 bSubRace,RC_DemiHuman,1;
bonus2 bSubRace,RC_Player_Human,1;
",,
2437,Battle_Boots,Battle Boots,Armor,,10,,0,0,0,3,0,1,,1,80,0,True,Gunslinger,All,Both,Shoes,"bonus bMaxHP,100;
bonus bMdef,1;
bonus2 bSubRace,RC_DemiHuman,1;
bonus2 bSubRace,RC_Player_Human,1;
",,
2438,Paw_Of_Cat,Paw Of Cat,Armor,,10,,300,0,0,0,0,0,,1,80,0,True,All,All,Both,Shoes,"bonus bFlee,5;
bonus bAgi,1;
",,
2439,Refresh_Shoes,Refresh Shoes,Armor,,20,,0,0,0,9,0,0,,1,0,0,False,All,All,Both,Shoes,"bonus bMaxHPRate,17;
bonus bMaxSPRate,8;
bonus2 bHPRegenRate,20,10000;
bonus2 bSPRegenRate,3,10000;
",,
2440,Sprint_Shoes,Sprint Shoes,Armor,,20,,300,0,0,2,0,1,,1,70,0,True,"Alchemist, Assassin, BardDancer, Blacksmith, Crusader, Hunter, Knight, Monk, Priest, Rogue, Sage, SoulLinker, StarGladiator, Wizard",Upper,Both,Shoes,"bonus bAgi,1;
bonus bSPrecovRate,5;
",,
2441,Beach_Sandal,Beach Sandals,Armor,,20,,200,0,0,0,0,0,,1,0,0,True,All,All,Both,Shoes,"bonus bStr,1;
bonus bInt,1;
bonus bAgi,1;
bonus2 bSubEle,Ele_Fire,10;
",,
2442,Boots_Perforated,Red Stocking Boots,Armor,,,,0,0,0,7,0,0,,1,0,0,False,All,All,Both,Shoes,"bonus bLuk,2;
bonus bHPrecovRate,10;
bonus bSPrecovRate,10;
bonus3 bAutoSpellWhenHit,""WZ_QUAGMIRE"",3,20;
bonus bMdef,1;
",,
2443,Fish_Shoes,Fisher's Boots,Armor,,10,,250,0,0,0,0,0,,1,0,0,False,All,All,Both,Shoes,,,
2444,Krieger_Shoes1,Glorious Shoes,Armor,,20,,0,0,0,0,0,0,,1,81,0,True,All,All,Both,Shoes,"bonus bMaxHPRate,10;
bonus2 bSubRace,RC_DemiHuman,4;
bonus2 bSubRace,RC_Player_Human,4;
bonus3 bAutoSpellWhenHit,""AL_INCAGI"",1,10;
",,
2445,Krieger_Shoes2,Glorious Popularized Shoes,Armor,,20,,0,0,0,0,0,0,,1,61,0,True,All,All,Both,Shoes,"bonus bMaxHPRate,5;
bonus bMaxSPRate,5;
",,
2446,Krieger_Shoes3,Glorious Mass-Production Shoes,Armor,,20,,0,0,0,0,0,0,,1,0,0,True,All,All,Both,Shoes,"bonus bMaxHPRate,5;
",,
2447,Military_Boots,Army Boots,Armor,,,,1000,0,0,5,0,0,,1,0,0,True,All,All,Both,Shoes,,,
2448,Air_Boss,Air Boss,Armor,,,,500,0,0,2,0,0,,1,0,0,True,All,All,Both,Shoes,"bonus bAgi,1;
",,
2449,Variant_Shoes_M,Variant Shoes,Armor,,20,,500,0,0,3,0,0,,1,85,0,True,All,Upper,Both,Shoes,"bonus bMaxHPRate,20-getrefine();
bonus bMaxSPRate,20-getrefine();
bonus bDef,getrefine()/2;
",,
2450,Vital_Tree_Shoes,Vital Tree Shoes,Armor,,20,,500,0,0,4,0,0,,1,60,0,True,All,Upper,Both,Shoes,"bonus bMaxHPrate,10;
bonus2 bHPRegenRate,30,10000;
bonus bHealpower2,5;
bonus bAddItemHealRate,5;
bonus bMdef,3;
bonus bVit,2;
",,
2501,Hood,Hood,Armor,,1000,,200,0,0,1,0,0,,1,0,0,True,All,All,Both,Garment,,,
2502,Hood_,Hood,Armor,,1000,,200,0,0,1,0,1,,1,0,0,True,All,All,Both,Garment,,,
2503,Muffler,Muffler,Armor,,5000,,400,0,0,2,0,0,,1,0,0,True,All,All,Both,Garment,,,
2504,Muffler_,Muffler,Armor,,5000,,400,0,0,2,0,1,,1,0,0,True,All,All,Both,Garment,,,
2505,Manteau,Manteau,Armor,,32000,,600,0,0,4,0,0,,1,0,0,True,"Alchemist, Assassin, Blacksmith, Crusader, Knight, Merchant, Rogue, StarGladiator, Swordman, Taekwon, Thief",All,Both,Garment,,,
2506,Manteau_,Manteau,Armor,,32000,,600,0,0,4,0,1,,1,0,0,True,"Alchemist, Assassin, Blacksmith, Crusader, Knight, Merchant, Rogue, StarGladiator, Swordman, Taekwon, Thief",All,Both,Garment,,,
2507,Cape_Of_Ancient_Lord,Ancient Cape,Armor,,82000,,600,0,0,2,0,0,,1,40,0,True,All,All,Both,Garment,"bonus bAgi,1;
",,
2508,Ragamuffin_Cape,Ragamuffin Manteau,Armor,,56000,,500,0,0,1,0,0,,1,0,0,True,All,All,Both,Garment,"bonus bUnbreakableGarment;
bonus bMdef,10;
",,
2509,Clack_Of_Servival,Survivor's Manteau,Armor,,20000,,550,0,0,0,0,0,,1,75,0,True,"Mage, Sage, SoulLinker, Wizard",All,Both,Garment,"bonus bMdef,5;
bonus bVit,10;
",,
2510,Novice_Hood,Somber Novice Hood,Armor,,1,,1,0,0,2,0,0,,1,0,0,False,"Novice, SuperNovice",All,Both,Garment,"bonus2 bSubEle,Ele_Neutral,20;
",,
2511,Skeleton's_Cape,Skeleton Manteau,Armor,,5000,,700,0,0,1,0,0,,1,75,0,True,All,All,Both,Garment,"bonus bStr,2;
bonus bInt,-3;
bonus bDex,2;
bonus bVit,-3;
bonus bLuk,2;
bonus bAgi,-4;
",,
2512,Novice_Manteau,Novice Manteau,Armor,,50000,,500,0,0,2,0,1,,1,40,0,True,"Novice, SuperNovice",All,Both,Garment,"bonus2 bSubEle,Ele_Neutral,10;
",,
2513,Celestial_Robe,Heavenly Maiden Robe,Armor,,20,,500,0,0,3,0,1,,1,80,0,True,All,All,Both,Garment,,,
2514,Pauldron,Pauldron,Armor,,20,,800,0,0,5,0,1,,1,80,0,True,"Alchemist, Assassin, Blacksmith, Crusader, Knight, Merchant, Rogue, Swordman, Thief",All,Both,Garment,,,
2515,Wing_Of_Eagle,Eagle Wing,Armor,,20000,,300,0,0,1,0,1,,1,85,0,True,"Mage, Sage, SoulLinker, Wizard",All,Both,Garment,,,
2516,Falcon_Robe,Falcon Muffler,Armor,,30000,,400,0,0,3,0,0,,1,65,0,True,All,All,Both,Garment,"bonus bFlee,15;
bonus bFlee2,5;
",,
2517,Vali's_Manteau,Vali's Manteau,Armor,,30000,,600,0,0,4,0,0,,1,65,0,True,All,All,Both,Garment,"bonus2 bSubEle,Ele_Neutral,15;
",,
2518,Morpheus's_Shawl,Morpheus's Shawl,Armor,,30000,,600,0,0,3,0,0,,1,33,0,True,All,All,Both,Garment,"bonus bMaxSPrate,10;
bonus bMdef,3;
",,
2519,Morrigane's_Manteau,Morrigane's Manteau,Armor,,30000,,600,0,0,3,0,0,,1,61,0,True,All,All,Both,Garment,"bonus bLuk,2;
bonus bFlee2,8;
",,
2520,Goibne's_Shoulder_Arms,Goibne's Spaulders,Armor,,30000,,700,0,0,3,0,0,,1,54,0,True,All,All,Both,Garment,"bonus bLongAtkDef,10;
bonus bMdef,2;
bonus bVit,1;
",,
2521,Angel's_Warmth,Angelic Cardigan,Armor,,10000,,400,0,0,2,0,1,,1,20,0,True,"Novice, SuperNovice",All,Both,Garment,"bonus bHPrecovRate,5;
",,
2522,Undershirt,Undershirt,Armor,,20000,,150,0,0,2,0,0,,1,1,0,True,All,All,Both,Garment,"bonus bMdef,1;
",,
2523,Undershirt_,Undershirt,Armor,,20000,,150,0,0,2,0,1,,1,1,0,True,All,All,Both,Garment,"bonus bMdef,1;
",,
2524,Valkyrie_Manteau,Valkyrian Manteau,Armor,,,,500,0,0,3,0,1,,1,1,0,True,All,Upper,Both,Garment,"bonus bUnbreakableGarment;
if (BaseClass == Job_Mage || BaseClass == Job_Archer || BaseClass == Job_Acolyte)
   bonus bFlee2,5+(getequiprefinerycnt(EQI_GARMENT)*2);
else if (BaseClass == Job_Swordman || BaseClass == Job_Merchant || BaseClass == Job_Thief)
   bonus bShortWeaponDamageReturn,5+(getequiprefinerycnt(EQI_GARMENT)*2);
",,
2525,Cape_Of_Ancient_Lord_,Ancient Cape,Armor,,82000,,600,0,0,2,0,1,,1,40,0,True,All,All,Both,Garment,"bonus bAgi,1;
",,
2526,Dragon_Scale_Coat,Coat of Dragon Scale,Armor,,20,,10,0,0,4,0,0,,1,50,0,True,All,All,Both,Garment,,,
2527,Dragon_Breath,Dragon Breath,Armor,,20,,600,0,0,4,0,1,,1,48,0,True,All,Upper,Both,Garment,"bonus2 bSubRace,RC_Dragon,15;
",,
2528,Wool_Scarf,Wool Scarf,Armor,,20,,500,0,0,3,0,1,,1,55,0,True,All,Upper,Both,Garment,"bonus bMdef,4;
",,
2529,Rider_Insignia,Rider Insignia,Armor,,20,,500,0,0,4,0,0,,1,55,0,True,All,Upper,Both,Garment,"bonus bAgi,2;
",,
2530,Rider_Insignia_,Rider Insignia,Armor,,20,,500,0,0,4,0,1,,1,55,0,True,All,Upper,Both,Garment,"bonus bAgi,2;
",,
2531,Ulfhedinn,Ulfhedinn,Armor,,20,,700,0,0,3,0,1,,1,70,0,True,"Alchemist, Assassin, Blacksmith, Crusader, Knight, Merchant, Rogue, Swordman, Thief",Upper,Both,Garment,"bonus3 bAutoSpellWhenHit,""NPC_STONESKIN"",6,20;
",,
2532,Mithril_Magic_Cape,Mithril Magic Cape,Armor,,20,,400,0,0,3,0,1,,1,70,0,True,"Acolyte, Archer, BardDancer, Hunter, Mage, Monk, Priest, Sage, Wizard",Upper,Both,Garment,"bonus bMdef,3;
bonus5 bAutoSpellWhenHit,""NPC_ANTIMAGIC"",6,200,BF_MAGIC,0;
",,
2533,Freyja_Cape,Freyja Cape,Armor,,,,200,0,0,10,0,0,,1,0,0,False,All,All,Both,Garment,"bonus2 bSubRace,RC_DemiHuman,15;
bonus2 bSubRace,RC_Player_Human,15;
",,
2534,Ruffler,Ruffler,Armor,,20,,0,0,0,10,0,0,,1,0,0,False,All,All,Both,Garment,"bonus2 bSubEle,Ele_Neutral,17;
bonus bFlee,17;
",,
2535,Cloak_Of_Survival_C,Cloak Of Survival,Armor,,1,,0,0,0,5,0,0,,1,0,0,False,"Mage, Sage, SoulLinker, Wizard",All,Both,Garment,"bonus bVit,10;
bonus bMdef,10;
",,
2536,Skin_Of_Ventus,Skin of Ventus,Armor,,20,,250,0,0,2,0,1,,1,60,0,True,All,All,Both,Garment,"bonus bMdef,2;
bonus bMaxHP,200;
bonus bFlee,10;
",,
2537,Diabolus_Manteau,Diabolus Manteau,Armor,,20,,250,0,0,5,0,1,,1,0,0,True,"Alchemist, Assassin, BardDancer, Blacksmith, Crusader, Hunter, Knight, Monk, Priest, Rogue, Sage, SoulLinker, StarGladiator, Wizard",Upper,Both,Garment,"bonus2 bSubEle,Ele_Neutral,5;
bonus bMaxHP,100;
bonus2 bAddDamageClass,1916,10;
bonus2 bAddDamageClass,1917,10;
",,
2538,Commander_Manteau,Captain's Manteau,Armor,,10,,0,0,0,4,0,1,,1,80,0,True,"Alchemist, Assassin, Blacksmith, Crusader, Knight, Merchant, Ninja, Rogue, StarGladiator, Swordman, Taekwon, Thief",All,Both,Garment,"bonus bMaxHP,50;
bonus bMdef,1;
bonus2 bSubRace,RC_DemiHuman,1;
bonus2 bSubRace,RC_Player_Human,1;
",,
2539,Commander_Manteau_,Commander's Manteau,Armor,,10,,0,0,0,3,0,1,,1,80,0,True,"Acolyte, Archer, BardDancer, Hunter, Mage, Monk, Priest, Sage, SoulLinker, Wizard",All,Both,Garment,"bonus bMaxHP,50;
bonus bMdef,1;
bonus2 bSubRace,RC_DemiHuman,1;
bonus2 bSubRace,RC_Player_Human,1;
",,
2540,Sheriff_Manteau,Sheriff's Manteau,Armor,,10,,0,0,0,3,0,1,,1,80,0,True,Gunslinger,All,Both,Garment,"bonus bMaxHP,50;
bonus bMdef,1;
bonus2 bSubRace,RC_DemiHuman,1;
bonus2 bSubRace,RC_Player_Human,1;
",,
2541,Asprika,Asprika,Armor,,20,,400,0,0,5,0,0,,1,94,0,False,All,All,Both,Garment,"bonus bMdef,5;
bonus3 bSubEle,Ele_All,30,BF_WEAPON;
bonus bFlee,30;
skill ""AL_TELEPORT"",1;
bonus bUnbreakableGarment;
",,
2542,Flame_Manteau,Flame Manteau of Naght Sieger,Armor,,20,,500,0,0,4,0,1,,1,70,0,True,All,Upper,Both,Garment,"bonus bMaxHPRate,5;
bonus bMdef,2;
bonus bMatkRate,1;
bonus2 bAddEle,Ele_Fire,2;
",,
2543,Sylphid_Manteau,Sylphid Manteau,Armor,,20,,0,0,0,9,0,0,,1,0,0,False,All,All,Both,Garment,"bonus bFlee,13;
bonus2 bSubEle,Ele_Neutral,13;
bonus bFlee2,1;
",,
2544,Leather_Of_Tendrilion,Leather of Tendrilion,Armor,,20,,500,0,0,3,0,1,,1,0,0,True,"Alchemist, Assassin, BardDancer, Blacksmith, Crusader, Hunter, Knight, Monk, Priest, Rogue, Sage, SoulLinker, StarGladiator, Wizard",Upper,Both,Garment,"bonus2 bSubEle,Ele_Water,5;
bonus2 bSubEle,Ele_Earth,5;
bonus2 bSubRace,RC_Plant,5;
bonus2 bSubRace,RC_Brute,5;
bonus2 bSubRace,RC_Player_Doram,5;
",,
2545,Musika,Musika,Armor,,20,,500,0,0,2,0,1,,1,70,0,True,"Monk, Priest",Upper,Both,Garment,"bonus bMdef,3;
bonus3 bAutoSpellwhenhit,""AL_HEAL"",max(1,getskilllv(""AL_HEAL"")),20;
",,
2546,Beach_Manteau,Beach Manteau,Armor,,20,,600,0,0,0,0,1,,1,0,0,True,All,All,Both,Garment,"bonus bStr,1;
bonus bInt,1;
bonus2 bSubEle,Ele_Fire,10;
",,
2547,Cheap_Running_Shirts,Cheap Undershirt,Armor,,,,0,0,0,8,0,0,,1,0,0,True,All,All,Both,Garment,"bonus bDex,2;
bonus bFlee,10;
bonus2 bSubEle,Ele_Neutral,10;
bonus bMdef,1;
",,
2548,Muffler_C,Neo Muffler,Armor,,,,0,0,0,5,0,0,,1,95,0,False,All,Upper,Both,Garment,"bonus2 bSubRace,RC_DemiHuman,10;
bonus2 bSubRace,RC_Player_Human,10;
bonus bMaxHPrate,10;
bonus2 bSubEle,Ele_Water,5;
bonus2 bSubEle,Ele_Fire,5;
bonus2 bSubEle,Ele_Holy,5;
bonus2 bSubEle,Ele_Dark,5;
",,
2549,Krieger_Muffler1,Glorious Muffler,Armor,,20,,0,0,0,0,0,0,,1,81,0,True,All,All,Both,Garment,"bonus bMaxHPRate,5;
bonus2 bSubRace,RC_DemiHuman,5;
bonus2 bSubRace,RC_Player_Human,5;
",,
2550,Fisher's_Muffler,Fisher's Muffler,Armor,,20,,200,0,0,0,0,0,,1,0,0,True,All,All,Both,Garment,,,
2551,Rider_Insignia_M,Crest of the Rider,Armor,,20,,500,0,0,4,0,1,,1,55,0,True,All,Upper,Both,Garment,"bonus bAgi,2;
",,
2552,Mithril_Magic_Cape_M,Mithril Magic Manteau,Armor,,20,,400,0,0,3,0,1,,1,70,0,True,"Acolyte, Archer, BardDancer, Hunter, Mage, Monk, Priest, Sage, Wizard",Upper,Both,Garment,"bonus bMdef,3;
bonus5 bAutoSpellWhenHit,""NPC_ANTIMAGIC"",6,200,BF_MAGIC,0;
",,
2553,Dragon_Manteau,Dragon Manteau,Armor,,20,,1000,0,0,5,0,1,,1,0,0,True,All,Upper,Both,Garment,"bonus bAgi,1;
bonus bMdef,5;
",,
2554,Piece_Of_Angent_Skin,Nydhorgg's Shadow Garb,Armor,,20,,400,0,0,5,0,1,,1,90,0,True,All,Upper,Both,Garment,"bonus2 bSubEle,Ele_Neutral,7;
bonus2 bSubEle,Ele_Water,7;
bonus2 bSubEle,Ele_Earth,7;
bonus2 bSubEle,Ele_Fire,7;
bonus2 bSubEle,Ele_Wind,7;
bonus2 bSubEle,Ele_Poison,7;
bonus2 bSubEle,Ele_Holy,7;
bonus2 bSubEle,Ele_Dark,7;
bonus2 bSubEle,Ele_Ghost,7;
bonus2 bSubEle,Ele_Undead,7;
bonus bMaxSP,(BaseLevel/3)+(getrefine()*10);
bonus2 bSPDrainRate,10,1;
bonus bMdef,3;
",,
2601,Ring,Ring,Armor,,30000,,100,0,0,0,0,0,,1,20,0,False,All,All,Both,Both_Accessory,"bonus bStr,2;
",,
2602,Earring,Earring,Armor,,30000,,100,0,0,0,0,0,,1,20,0,False,All,All,Both,Both_Accessory,"bonus bInt,2;
",,
2603,Necklace,Necklace,Armor,,30000,,100,0,0,0,0,0,,1,20,0,False,All,All,Both,Both_Accessory,"bonus bVit,2;
",,
2604,Glove,Glove,Armor,,30000,,100,0,0,0,0,0,,1,20,0,False,All,All,Both,Both_Accessory,"bonus bDex,2;
",,
2605,Brooch,Brooch,Armor,,30000,,100,0,0,0,0,0,,1,20,0,False,All,All,Both,Both_Accessory,"bonus bAgi,2;
",,
2607,Clip,Clip,Armor,,30000,,100,0,0,0,0,1,,1,0,0,False,All,All,Both,Both_Accessory,"bonus bMaxSP,10;
",,
2608,Rosary,Rosary,Armor,,15000,,100,0,0,0,0,0,,1,20,0,False,All,All,Both,Both_Accessory,"bonus bMdef,5;
bonus bLuk,2;
",,
2609,Skul_Ring,Skull Ring,Armor,,10000,,100,0,0,0,0,0,,1,0,0,False,All,All,Both,Both_Accessory,,,
2610,Gold_Ring,Gold Ring,Armor,,30000,,100,0,0,0,0,0,,1,0,0,False,All,All,Both,Both_Accessory,,,
2611,Silver_Ring,Silver Ring,Armor,,20000,,100,0,0,0,0,0,,1,0,0,False,All,All,Both,Both_Accessory,,,
2612,Flower_Ring,Flower Ring,Armor,,1500,,100,0,0,0,0,0,,1,0,0,False,All,All,Both,Both_Accessory,,,
2613,Diamond_Ring,Diamond Ring,Armor,,45000,,100,0,0,0,0,0,,1,0,0,False,All,All,Both,Both_Accessory,,,
2614,An_Eye_Of_Dullahan,Eye of Dullahan,Armor,,90000,,100,0,0,0,0,0,,1,50,0,False,All,All,Both,Both_Accessory,"bonus2 bResEff,Eff_Poison,10000;
bonus2 bSubRace,RC_Undead,4;
bonus2 bSubRace,RC_Demon,4;
",,
2615,Safety_Ring,Safety Ring,Armor,,75000,,100,0,0,3,0,0,,1,40,0,False,All,All,Both,Both_Accessory,"bonus bMdef,3;
",,
2616,Critical_Ring,Critical Ring,Armor,,75000,,100,0,0,0,0,0,,1,40,0,False,All,All,Both,Both_Accessory,"bonus bCritical,5;
",,
2617,Mitten_Of_Presbyter,Celebrant's Mitten,Armor,,2,,100,0,0,1,0,0,,1,35,0,False,All,All,Both,Both_Accessory,"bonus bInt,1;
",,
2618,Matyr's_Flea_Guard,Matyr's Leash,Armor,,2,,100,0,0,1,0,0,,1,35,0,False,All,All,Both,Both_Accessory,"bonus bAgi,1;
",,
2619,Thimble_Of_Archer,Bow Thimble,Armor,,10000,,100,0,0,0,0,0,,1,65,0,False,"Archer, BardDancer, Hunter",All,Both,Both_Accessory,"bonus bLongAtkRate,3;
",,
2620,Ring_Of_Rogue,Rogue's Treasure,Armor,,10000,,100,0,0,0,0,0,,1,70,0,False,"Assassin, Ninja, Rogue, Thief",All,Both,Both_Accessory,"if (readparam(bStr)>=90) {
   bonus bHit,10;
   bonus bFlee,10;
}
if (readparam(bAgi)>=90) {
   bonus bBaseAtk,10;
   bonus bCritical,10;
}
",,
2621,Ring_,Ring,Armor,,30000,,200,0,0,0,0,1,,1,90,0,False,All,All,Both,Both_Accessory,"bonus bStr,1;
",,
2622,Earring_,Earring,Armor,,30000,,200,0,0,0,0,1,,1,90,0,False,All,All,Both,Both_Accessory,"bonus bInt,1;
",,
2623,Necklace_,Necklace,Armor,,30000,,200,0,0,0,0,1,,1,90,0,False,All,All,Both,Both_Accessory,"bonus bVit,1;
",,
2624,Glove_,Glove,Armor,,30000,,200,0,0,0,0,1,,1,90,0,False,All,All,Both,Both_Accessory,"bonus bDex,1;
",,
2625,Brooch_,Brooch,Armor,,30000,,200,0,0,0,0,1,,1,90,0,False,All,All,Both,Both_Accessory,"bonus bAgi,1;
",,
2626,Rosary_,Rosary,Armor,,15000,,200,0,0,0,0,1,,1,90,0,False,All,All,Both,Both_Accessory,"bonus bMdef,3;
bonus bLuk,1;
",,
2627,Belt,Belt,Armor,,20000,,1200,0,0,0,0,1,,1,25,0,False,All,All,Both,Both_Accessory,,,
2628,Novice_Armlet,Novice Armlet,Armor,,400,,200,0,0,0,0,1,,1,1,0,False,"Novice, SuperNovice",All,Both,Both_Accessory,,,
2629,Magingiorde,Megingjard,Armor,,20,,8000,0,0,2,0,0,,1,94,0,False,All,All,Both,Both_Accessory,"bonus bStr,40;
bonus bMdef,7;
",,
2630,Brysinggamen,Brisingamen,Armor,,20,,1500,0,0,1,0,0,,1,94,0,False,All,All,Both,Both_Accessory,"bonus bStr,6;
bonus bAgi,6;
bonus bVit,6;
bonus bInt,6;
bonus bLuk,10;
bonus bMdef,5;
",,
2631,First_Age_Ring,Celebration Ring,Armor,,1,,10,0,0,0,0,0,,1,1,0,False,All,All,Both,Both_Accessory,,,
2634,Bridegroom_Ring,Wedding Ring,Armor,,,,0,0,0,0,0,0,,1,0,0,False,All,All,Male,Both_Accessory,"skill ""WE_MALE"",1;
skill ""WE_FEMALE"",1;
skill ""WE_CALLPARTNER"",1;
",,
2635,Bride_Ring,Wedding Ring,Armor,,,,0,0,0,0,0,0,,1,0,0,False,All,All,Female,Both_Accessory,"skill ""WE_MALE"",1;
skill ""WE_FEMALE"",1;
skill ""WE_CALLPARTNER"",1;
",,
2636,Gold_Ring_,Gold Christmas Ring,Armor,,30000,,100,0,0,0,0,0,,1,0,0,False,All,All,Both,Both_Accessory,"bonus bLuk,1;
",,
2637,Silver_Ring_,Silver Christmas Ring,Armor,,20000,,100,0,0,0,0,0,,1,0,0,False,All,All,Both,Both_Accessory,"bonus bLuk,1;
",,
2638,Exorcize_Sachet,Sacred Incense,Armor,,20000,,100,0,0,0,0,0,,1,0,0,False,All,All,Both,Both_Accessory,"bonus bStr,1;
bonus bLuk,1;
",,
2639,Purification_Sachet,Occult Incense,Armor,,20000,,100,0,0,0,0,0,,1,0,0,False,All,All,Both,Both_Accessory,"bonus bInt,1;
bonus bAgi,1;
",,
2640,Kafra_Ring,Kafra Ring,Armor,,40000,,200,0,0,1,0,0,,1,0,0,False,All,All,Both,Both_Accessory,"bonus bStr,1;
bonus bInt,1;
bonus bAgi,1;
bonus bLuk,1;
bonus bMdef,1;
",,
2641,Fashionable_Sack,Fashion Hip Sack,Armor,,20,,700,0,0,0,0,0,,1,50,0,False,"Alchemist, Blacksmith, Merchant",All,Both,Both_Accessory,"bonus bStr,2;
",,
2642,Serin's_Gold_Ring,Serin's Gold Ring,Armor,,20,,0,0,0,0,0,0,,1,0,0,False,All,All,Both,Both_Accessory,,,
2643,Serin's_Gold_Ring_,Serin's Gold Ring,Armor,,45000,,100,0,0,0,0,0,,1,0,0,False,All,All,Both,Both_Accessory,,,
2644,The_Sign_,The Sign,Armor,,2,,0,0,0,0,0,0,,1,0,0,False,All,All,Both,Both_Accessory,"bonus2 bAddClass,Class_All,5;
bonus bMatkRate,5;
",,
2645,Moonlight_Ring,Moonlight Ring,Armor,,40000,,200,0,0,0,0,0,,1,60,0,False,"Assassin, Ninja, Rogue, Thief",All,Both,Both_Accessory,"bonus bMdef,2;
",,
2646,Bunch_Of_Carnation,Bunch of Carnations,Armor,,2,,100,0,0,0,0,0,,1,0,0,False,All,All,Both,Both_Accessory,"bonus bAllStats,3;
",,
2647,Nile_Rose,Nile Rose,Armor,,2,,100,0,0,0,0,1,,1,0,0,False,All,All,Both,Both_Accessory,"bonus bMaxHP,10;
",,
2648,Morpheus's_Ring,Morpheus's Ring,Armor,,30000,,100,0,0,0,0,0,,1,33,0,False,All,All,Both,Both_Accessory,"bonus bInt,1;
bonus bMaxSPrate,5;
",,
2649,Morpheus's_Armlet,Morpheus's Bracelet,Armor,,30000,,100,0,0,0,0,0,,1,33,0,False,All,All,Both,Both_Accessory,"bonus bInt,1;
bonus bMaxSPrate,5;
",,
2650,Morrigane's_Belt,Morrigane's Belt,Armor,,30000,,200,0,0,0,0,0,,1,61,0,False,All,All,Both,Both_Accessory,"bonus bBaseAtk,5;
bonus bCritical,3;
",,
2651,Morrigane's_Pendant,Morrigane's Pendant,Armor,,30000,,200,0,0,0,0,0,,1,61,0,False,All,All,Both,Both_Accessory,"bonus bStr,2;
bonus bCritical,3;
",,
2652,Cursed_Lucky_Brooch,Goddess of Fortune's Cursed Brooch,Armor,,20,,100,0,0,0,0,0,,1,40,0,False,All,All,Both,Both_Accessory,"bonus bCritical,6;
bonus2 bAddEff2,Eff_Curse,50;
",,
2653,Sacrifice_Ring,Sacrifice Ring,Armor,,20,,100,0,0,0,0,0,,1,90,0,False,All,All,Both,Both_Accessory,,,
2654,Shinobi's_Sash,Shinobi Sash,Armor,,20000,,300,0,0,1,0,0,,1,30,0,False,"Assassin, Ninja, Rogue, Thief",All,Both,Both_Accessory,"bonus bStr,1;
bonus bAgi,1;
bonus bMdef,1;
",,
2655,Bloody_Iron_Ball,Bloodied Shackle Ball,Armor,,50000,,4000,0,0,0,0,0,,1,1,0,False,All,All,Both,Both_Accessory,,,
2656,Hyper_Changer,Armor Charm,Armor,,20000,,1000,0,0,1,0,0,,1,1,0,False,"Alchemist, Assassin, Blacksmith, Crusader, Knight, Merchant, Rogue, Swordman, Thief",All,Both,Both_Accessory,"bonus bMaxHP,50;
",,
2657,Lab_Passport,Laboratory Permit,Armor,,20,,100,0,0,0,0,0,,1,1,0,False,All,All,Both,Both_Accessory,,,
2658,Nile_Rose_,Nile Rose,Armor,,2,,100,0,0,0,0,1,,1,0,0,False,All,All,Both,Both_Accessory,"bonus bMaxHP,10;
",,
2659,Vesper_Core01,Vesper Core 01,Armor,,20,,100,0,0,1,0,0,,1,1,0,False,"Alchemist, Assassin, BardDancer, Blacksmith, Crusader, Hunter, Knight, Monk, Priest, Rogue, Sage, SoulLinker, StarGladiator, Wizard",Upper,Both,Both_Accessory,"bonus bMdef,3;
bonus bInt,2;
bonus bMaxSPrate,5;
",,
2660,Vesper_Core02,Vesper Core 02,Armor,,20,,100,0,0,1,0,0,,1,1,0,False,"Alchemist, Assassin, BardDancer, Blacksmith, Crusader, Hunter, Knight, Monk, Priest, Rogue, Sage, SoulLinker, StarGladiator, Wizard",Upper,Both,Both_Accessory,"bonus bMdef,3;
bonus bStr,3;
bonus bBaseAtk,10;
",,
2661,Vesper_Core03,Vesper Core 03,Armor,,20,,100,0,0,1,0,0,,1,1,0,False,"Alchemist, Assassin, BardDancer, Blacksmith, Crusader, Hunter, Knight, Monk, Priest, Rogue, Sage, SoulLinker, StarGladiator, Wizard",Upper,Both,Both_Accessory,"bonus bMdef,3;
bonus bAgi,3;
bonus bFlee,5;
",,
2662,Vesper_Core04,Vesper Core 04,Armor,,20,,100,0,0,1,0,0,,1,1,0,False,"Alchemist, Assassin, BardDancer, Blacksmith, Crusader, Hunter, Knight, Monk, Priest, Rogue, Sage, SoulLinker, StarGladiator, Wizard",Upper,Both,Both_Accessory,"bonus bMdef,3;
bonus bDex,3;
bonus bHit,10;
",,
2663,Gauntlet_Of_Accuracy,Gauntlet of Hit,Armor,,20,,900,0,0,0,0,0,,1,75,0,False,All,All,Both,Both_Accessory,"bonus bHit,15;
bonus bStr,1;
",,
2664,Scarf_Belt,Belcarf,Armor,,20,,200,0,0,0,0,0,,1,75,0,False,All,All,Both,Both_Accessory,"bonus bDex,2;
bonus bInt,1;
",,
2665,Ring_Of_Exorcism,Exorcising Ring,Armor,,20,,500,0,0,0,0,0,,1,60,0,False,"Acolyte, Monk, Priest",All,Both,Both_Accessory,"bonus bMdef,1;
bonus2 bExpAddRace,RC_Undead,5;
bonus2 bExpAddRace,RC_Demon,5;
",,
2666,Lamp_Of_Hope,Lantern of Hope,Armor,,20,,100,0,0,0,0,0,,1,1,0,False,All,All,Both,Both_Accessory,"bonus bStr,2;
bonus2 bResEff,Eff_Blind,1000;
",,
2667,Glove_Of_Archer,Renown Archer's Gloves,Armor,,20,,300,0,0,0,0,0,,1,60,0,False,All,All,Both,Both_Accessory,"bonus bHit,5;
bonus bCritical,5;
bonus bDex,1;
",,
2668,Women's_Glory,Woman Glory,Armor,,,,500,0,0,0,0,0,,1,1,0,False,All,All,Both,Both_Accessory,,,
2669,Golden_Necklace_,RJC Necklace,Armor,,30000,,100,0,0,0,0,1,,1,0,0,False,All,All,Both,Both_Accessory,"bonus bMaxSP,10;
",,
2670,Ring_Of_Longing,Ring of Longing,Armor,,20,,100,0,0,1,0,0,,1,30,0,False,All,All,Both,Both_Accessory,"bonus bFlee,5;
",,
2671,Thimble_Of_Archer_,Bow Thimble,Armor,,10000,,100,0,0,0,0,1,,1,65,0,False,"Archer, BardDancer, Hunter",All,Both,Both_Accessory,"bonus bLongAtkRate,3;
",,
2672,Anniversary_Ring,3rd Anniversary Celebration Ring,Armor,,20,,100,0,0,0,0,0,,1,0,0,False,All,All,Both,Both_Accessory,,,
2673,Shining_Ring,Warrior's Shining Ring,Armor,,,,100,0,0,0,0,0,,1,48,0,False,All,All,Both,Both_Accessory,"bonus bBaseAtk,10;
bonus bSPrecovRate,3;
",,
2674,Honor_Ring,Ring of Honor,Armor,,20,,0,0,0,0,0,0,,1,1,0,False,All,All,Both,Both_Accessory,,,
2675,Lord_Ring,Lord Ring,Armor,,,,10,0,0,0,0,0,,1,1,0,False,All,All,Both,Both_Accessory,"bonus bAllStats,3;
",,
2676,Hunter_Earring,Hunter's Earring,Armor,,20,,300,0,0,0,0,0,,1,1,0,False,All,All,Both,Both_Accessory,"bonus2 bAddMonsterDropItem,7618,100;
",,
2677,Spiritual_Ring,Spiritual Ring,Armor,,20,,100,0,0,0,0,0,,1,0,0,False,All,All,Both,Both_Accessory,"bonus bInt,2;
bonus bDex,1;
",,
2678,Ring_Of_Flame_Lord,Ring Of Flame Lord,Armor,,20,,100,0,0,0,0,0,,1,0,0,False,"Alchemist, Assassin, BardDancer, Blacksmith, Crusader, Hunter, Knight, Monk, Priest, Rogue, Sage, SoulLinker, StarGladiator, Wizard",Upper,Both,Both_Accessory,"bonus bStr,2;
bonus bVit,1;
bonus bBaseAtk,15;
bonus2 bSubEle,Ele_Fire,10;
bonus3 bAutoSpell,""CH_SOULCOLLECT"",1,30;
bonus3 bAutoSpell,""MO_EXPLOSIONSPIRITS"",1,10;
bonus3 bAutoSpell,""PA_PRESSURE"",2,30;
bonus3 bAutoSpell,""MG_FIREBALL"",1,150;
bonus3 bAutoSpell,""KN_BOWLINGBASH"",5,20;
",,
2679,Ring_Of_Resonance,Ring Of Resonance,Armor,,20,,100,0,0,2,0,0,,1,0,0,False,"Alchemist, Assassin, BardDancer, Blacksmith, Crusader, Hunter, Knight, Monk, Priest, Rogue, Sage, SoulLinker, StarGladiator, Wizard",Upper,Both,Both_Accessory,"bonus bAgi,2;
bonus bVit,1;
bonus bMdef,2;
bonus4 bAutoSpellWhenHit,""WZ_QUAGMIRE"",1,50,0;
bonus3 bAutoSpellWhenHit,""AS_SPLASHER"",10,20;
bonus3 bAutoSpellWhenHit,""AL_HEAL"",10,30;
bonus3 bAutoSpellWhenHit,""HP_ASSUMPTIO"",3,20;
bonus3 bAutoSpellWhenHit,""CG_TAROTCARD"",5,20;
",,
2680,Lesser_Elemental_Ring,Lesser Elemental Ring,Armor,,20,,100,0,0,0,0,0,,1,0,0,False,All,All,Both,Both_Accessory,"bonus bAllStats,1;
bonus3 bAutoSpell,""WZ_ESTIMATION"",1,80;
bonus3 bAutoSpell,""MC_IDENTIFY"",1,50;
bonus3 bAutoSpell,""TF_PICKSTONE"",1,100;
bonus3 bAutoSpell,""BS_GREED"",1,10;
bonus3 bAutoSpellWhenHit,""TK_RUN"",5,20;
bonus3 bAutoSpellWhenHit,""TK_HIGHJUMP"",3,30;
bonus3 bAutoSpellWhenHit,""NV_FIRSTAID"",1,100;
bonus3 bAutoSpellWhenHit,""TF_BACKSLIDING"",1,50;
",,
2681,Republic_Ring,Republic Anniversary Ring,Armor,,20,,1000,0,0,0,0,0,,1,0,0,False,All,All,Both,Both_Accessory,"bonus bAllStats,3;
",,
2682,Ring_Of_Water,Ring of Water,Armor,,20,,100,0,0,1,0,0,,1,20,0,False,All,All,Both,Both_Accessory,"bonus2 bSubEle,Ele_Water,5;
",,
2683,Ring_Of_Fire,Ring of Fire,Armor,,20,,100,0,0,1,0,0,,1,20,0,False,All,All,Both,Both_Accessory,"bonus2 bSubEle,Ele_Fire,5;
",,
2684,Ring_Of_Wind,Ring of Wind,Armor,,20,,100,0,0,1,0,0,,1,20,0,False,All,All,Both,Both_Accessory,"bonus2 bSubEle,Ele_Wind,5;
",,
2685,Ring_Of_Earth,Ring of Earth,Armor,,20,,100,0,0,1,0,0,,1,20,0,False,All,All,Both,Both_Accessory,"bonus2 bSubEle,Ele_Earth,5;
",,
2686,Elven_Ears_C,Elven Ears,Armor,,1,,0,0,0,2,0,0,,1,1,0,False,All,All,Both,Head_Mid,"bonus bInt,1;
",,
2687,Steel_Flower_C,Steel Flower,Armor,,1,,0,0,0,1,0,0,,1,1,0,False,All,All,Both,Head_Low,"bonus2 bSubRace,RC_Plant,3;
",,
2688,Critical_Ring_C,Critical Ring,Armor,,1,,0,0,0,0,0,0,,1,1,0,False,All,All,Both,Both_Accessory,"bonus bCritical,10;
",,
2689,Earring_C,Earring,Armor,,1,,0,0,0,0,0,0,,1,1,0,False,All,All,Both,Both_Accessory,"bonus bInt,3;
",,
2690,Ring_C,Ring,Armor,,1,,0,0,0,0,0,0,,1,1,0,False,All,All,Both,Both_Accessory,"bonus bStr,4;
",,
2691,Necklace_C,Necklace,Armor,,1,,0,0,0,0,0,0,,1,1,0,False,All,All,Both,Both_Accessory,"bonus bVit,4;
",,
2692,Glove_C,Glove,Armor,,1,,0,0,0,0,0,0,,1,1,0,False,All,All,Both,Both_Accessory,"bonus bDex,4;
",,
2693,Brooch_C,Brooch,Armor,,1,,0,0,0,0,0,0,,1,1,0,False,All,All,Both,Both_Accessory,"bonus bAgi,4;
",,
2694,Rosary_C,Rosary,Armor,,1,,0,0,0,0,0,0,,1,1,0,False,All,All,Both,Both_Accessory,"bonus bMdef,5;
bonus bLuk,4;
",,
2695,Safety_Ring_C,Safety Ring,Armor,,1,,0,0,0,5,0,0,,1,1,0,False,All,All,Both,Both_Accessory,"bonus bMdef,5;
",,
2696,Vesper_Core01_C,Vesper Core 01,Armor,,1,,0,0,0,1,0,0,,1,1,0,False,All,All,Both,Both_Accessory,"bonus bMdef,3;
bonus bInt,2;
bonus bMaxSPrate,5;
",,
2697,Vesper_Core02_C,Vesper Core 02,Armor,,1,,0,0,0,1,0,0,,1,1,0,False,All,All,Both,Both_Accessory,"bonus bMdef,3;
bonus bStr,3;
bonus bBaseAtk,10;
",,
2698,Vesper_Core03_C,Vesper Core 03,Armor,,1,,0,0,0,1,0,0,,1,1,0,False,All,All,Both,Both_Accessory,"bonus bMdef,3;
bonus bAgi,3;
bonus bFlee,5;
",,
2699,Vesper_Core04_C,Vesper Core 04,Armor,,1,,0,0,0,1,0,0,,1,1,0,False,All,All,Both,Both_Accessory,"bonus bMdef,3;
bonus bDex,3;
bonus bHit,10;
",,
2700,Red_Silk_Seal,Red Silk Seal,Armor,,20,,100,0,0,0,0,0,,1,60,0,False,"Crusader, Knight, Swordman",Upper,Both,Both_Accessory,,,
2701,Orleans_Glove,Orleans's Glove,Armor,,20,,100,0,0,0,0,1,,1,90,0,False,All,Upper,Both,Both_Accessory,"bonus bDex,2;
bonus bMatkRate,3;
",,
2702,Bison_Horn,Bison Horn,Armor,,20,,100,0,0,0,0,1,,1,90,0,False,All,Upper,Both,Both_Accessory,"bonus bAgi,2;
",,
2703,Expert_Ring,Expert Ring,Armor,,20,,150,0,0,0,0,1,,1,50,0,False,All,Upper,Both,Both_Accessory,"bonus bDelayRate,-5;
bonus bUseSPrate,5;
",,
2704,Golden_Accessory,Golden Accessories,Armor,,20,,100,0,0,4,0,0,,1,0,0,False,All,All,Both,Both_Accessory,"bonus bMdef,4;
",,
2705,Golden_Accessory2,Golden Accessories,Armor,,20,,100,0,0,4,0,0,,1,0,0,False,All,All,Both,Both_Accessory,"bonus2 bAddMonsterDropItem,12018,500;
",,
2706,Handcuff,Arrest Handcuffs,Armor,,,,0,0,0,0,0,0,,1,0,0,False,All,All,Both,Both_Accessory,,,
2707,Gusli,GUSLI,Armor,,20,,100,0,0,0,0,0,,1,0,0,False,All,All,Both,Both_Accessory,,,
2708,Chinese_Handicraft,Chinese Handicraft,Armor,,,,50,0,0,0,0,0,,1,0,0,False,All,All,Both,Both_Accessory,"bonus3 bAutoSpell,""MG_FIREBOLT"",5,300;
",,
2709,5_Anniversary_Coin,5th Anniversary Coin,Armor,,2,,0,0,0,0,0,0,,1,0,0,False,All,All,Both,Both_Accessory,"bonus2 bAddClass,Class_All,5;
bonus bMatkRate,5;
",,
2710,Bloody_Iron_Ball_C,Bloody Iron Ball,Armor,,1,,0,0,0,0,0,0,,1,0,0,False,All,All,Both,Both_Accessory,"bonus bBaseAtk,30;
",,
2711,Spiritual_Ring_C,Spiritual Ring,Armor,,1,,0,0,0,0,0,0,,1,0,0,False,All,All,Both,Both_Accessory,"bonus bInt,2;
bonus bDex,2;
",,
2712,Ragnarok_Limited_Ed,Ragnarok Limited Edition,Armor,,,,300,0,0,0,0,0,,1,30,0,False,All,All,Both,Both_Accessory,"bonus bVit,3;
bonus bAgi,3;
bonus bLuk,3;
",,
2713,Certificate_TW,Certificate,Armor,,,,0,0,0,0,0,0,,1,0,0,False,All,All,Both,Both_Accessory,,,
2714,Marvelous_Pandent,Marvelous Pendant,Armor,,,,100,0,0,0,0,1,,1,0,0,False,All,All,Both,Both_Accessory,,,
2715,Skul_Ring_,Skull Ring,Armor,,10000,,100,0,0,0,0,1,,1,0,0,False,All,All,Both,Both_Accessory,"bonus2 bSubRace,RC_Undead,1;
",,
2716,Librarian_Glove,Librarian Glove,Armor,,20,,100,0,0,0,0,1,,1,80,0,False,"Sage, SoulLinker, Wizard",All,Both,Both_Accessory,"bonus bMaxSP,20;
",,
2717,Pocket_Watch_,Pocket Watch,Armor,,20,,200,0,0,0,0,0,,1,80,0,False,"Mage, Sage, SoulLinker, Wizard",All,Both,Both_Accessory,,,
2718,Lunatic_Brooch,Lunatic Brooch,Armor,,20,,200,0,0,0,0,1,,1,65,0,False,"Archer, BardDancer, Hunter",All,Both,Both_Accessory,,,
2719,Iron_Wrist,Iron Wrist,Armor,,20,,700,0,0,1,0,0,,1,50,0,False,"Alchemist, Blacksmith, Crusader, Knight, Merchant, Swordman",All,Both,Both_Accessory,"bonus2 bSkillAtk,""SM_BASH"",6;
bonus2 bSkillAtk,""MC_MAMMONITE"",6;
",,
2720,Medal_Swordman,Medal of Honor,Armor,,20,,0,0,0,1,0,0,,1,70,0,False,"Crusader, Knight, StarGladiator, Swordman",All,Both,Both_Accessory,"bonus2 bAddClass,Class_All,5;
bonus bMatkRate,5;
bonus bHit,10;
bonus bMaxHP,500;
bonus bMaxSP,50;
bonus3 bAddEff,Eff_Stun,100,ATF_SHORT;
",,
2721,Medal_Thief,Medal of Honor,Armor,,20,,0,0,0,1,0,0,,1,70,0,False,"Assassin, Ninja, Rogue, Thief",All,Both,Both_Accessory,"bonus2 bAddClass,Class_All,5;
bonus bMatkRate,5;
bonus bFlee,10;
bonus bMaxHP,300;
bonus bMaxSP,80;
bonus3 bAddEff,Eff_Poison,100,ATF_SHORT;
",,
2722,Medal_Acolyte,Medal of Honor,Armor,,20,,0,0,0,1,0,0,,1,70,0,False,"Acolyte, Monk, Priest",All,Both,Both_Accessory,"bonus2 bAddClass,Class_All,5;
bonus bMatkRate,5;
bonus bMdef,6;
bonus bMaxHP,600;
bonus3 bAddEff,Eff_Silence,100,ATF_SHORT;
",,
2723,Medal_Mage,Medal of Honor,Armor,,20,,0,0,0,1,0,0,,1,70,0,False,"Mage, Sage, SoulLinker, Wizard",All,Both,Both_Accessory,"bonus2 bAddClass,Class_All,5;
bonus bMatkRate,5;
bonus bMdef,6;
bonus bMaxHP,600;
bonus2 bAddEffWhenHit,Eff_Stone,100;
",,
2724,Medal_Archer,Medal of Honor,Armor,,20,,0,0,0,1,0,0,,1,70,0,False,"Archer, BardDancer, Hunter",All,Both,Both_Accessory,"bonus2 bAddClass,Class_All,5;
bonus bMatkRate,5;
bonus bCritical,10;
bonus bMaxHP,300;
bonus bMaxSP,80;
bonus3 bAddEff,Eff_Blind,100,ATF_LONG;
",,
2725,Medal_Merchant,Medal of Honor,Armor,,20,,0,0,0,1,0,0,,1,70,0,False,"Alchemist, Blacksmith, Merchant",All,Both,Both_Accessory,"bonus2 bAddClass,Class_All,5;
bonus bMatkRate,5;
bonus bAspdRate,10;
bonus bMaxHP,500;
bonus bMaxSP,50;
bonus3 bAddEff,Eff_Curse,100,ATF_SHORT;
",,
2726,Icarus_Wing,Icarus Wings,Armor,,20,,100,0,0,0,0,0,,1,70,0,False,Hunter,Upper,Both,Both_Accessory,"bonus bMaxSP,50;
bonus bDex,3;
",,
2727,Bowman_Scarf,Bowman Scarf,Armor,,20,,200,0,0,0,0,0,,1,70,0,False,Hunter,Upper,Both,Both_Accessory,"bonus bMaxSP,50;
bonus bDex,3;
",,
2728,Cursed_Hand,Cursed Hand,Armor,,20,,50,0,0,0,0,1,,1,80,0,False,All,All,Both,Both_Accessory,"bonus3 bAutoSpell,""NPC_CRITICALWOUND"",1,30;
bonus bHit,10;
bonus bHPrecovRate,20;
",,
2729,Diabolus_Ring,Diabolus Ring,Armor,,20,,50,0,0,0,0,1,,1,0,0,False,"Alchemist, Assassin, BardDancer, Blacksmith, Crusader, Hunter, Knight, Monk, Priest, Rogue, Sage, SoulLinker, StarGladiator, Wizard",Upper,Both,Both_Accessory,"bonus bMaxHP,100;
bonus bMaxSP,100;
bonus bHealPower,5;
bonus2 bAddDamageClass,1916,10;
bonus2 bAddDamageClass,1917,10;
",,
2730,Morroc_Seal,Seal of Continental Guard,Armor,,20,,50,0,0,0,0,1,,1,80,0,False,All,All,Both,Both_Accessory,"bonus bMaxHP,50;
bonus bAspdRate,3;
",,
2731,Morroc_Charm_Stone,Rune Spellstone,Armor,,20,,50,0,0,0,0,1,,1,80,0,False,All,All,Both,Both_Accessory,"bonus bMaxSP,50;
bonus bCastRate,-1;
",,
2732,Morroc_Ring,Death Loop,Armor,,20,,50,0,0,0,0,1,,1,80,0,False,All,All,Both,Both_Accessory,"bonus bCritical,5;
",,
2733,Medal_Gunner,Sheriff Badge,Armor,,20,,0,0,0,1,0,0,,1,70,0,False,Gunslinger,All,Both,Both_Accessory,"bonus2 bAddClass,Class_All,5;
bonus bMatkRate,5;
bonus bCritical,10;
bonus bMaxHP,300;
bonus bMaxSP,80;
bonus3 bAddEff,Eff_Blind,100,ATF_LONG;
",,
2734,Directive_A,Directive,Armor,,,,0,0,0,1,0,0,,1,0,0,False,"Novice, SuperNovice",All,Both,Both_Accessory,,,
2735,Directive_B,Directive,Armor,,,,0,0,0,1,0,0,,1,0,0,False,"Novice, SuperNovice",All,Both,Both_Accessory,,,
2736,Navel_Ring,Navel Ring,Armor,,20,,100,0,0,0,0,0,,1,75,0,False,All,All,Both,Both_Accessory,"bonus bDex,3;
bonus bLuk,3;
bonus bMdef,2;
",,
2737,Foot_Ring,Foot Ring,Armor,,20,,150,0,0,0,0,0,,1,75,0,False,All,All,Both,Both_Accessory,"bonus bVit,3;
bonus bMaxHPRate,10;
",,
2738,Shiny_Coin,Shiny Coin,Armor,,,,0,0,0,0,0,0,,1,0,0,False,All,All,Both,Both_Accessory,"bonus2 bAddClass,Class_All,6;
bonus bMatkRate,6;
",,
2739,Ordinary_Coin,Ordinary Coin,Armor,,,,0,0,0,0,0,0,,1,0,0,False,All,All,Both,Both_Accessory,"bonus2 bAddClass,Class_All,5;
bonus bMatkRate,5;
",,
2740,Rusty_Coin,Rusty Coin,Armor,,,,0,0,0,0,0,0,,1,0,0,False,All,All,Both,Both_Accessory,"bonus2 bAddClass,Class_All,3;
bonus bMatkRate,3;
",,
2741,All_In_One_Ring,All In One Ring,Armor,,20,,0,0,0,0,0,0,,1,0,0,False,All,All,Both,Both_Accessory,"bonus bAllStats,1;
bonus bNoCastCancel;
bonus bCastRate,10;
skill ""AL_HEAL"",1;
skill ""AL_TELEPORT"",1;
",,
2743,Angelic_Ring,Angelic Ring,Armor,,20,,100,0,0,0,0,0,,1,70,0,False,"Alchemist, Assassin, BardDancer, Blacksmith, Crusader, Hunter, Knight, Monk, Priest, Rogue, Sage, SoulLinker, StarGladiator, Wizard",Upper,Both,Both_Accessory,"bonus bInt,2;
bonus bDex,1;
bonus bMdef,2;
autobonus3 ""{ bonus bHealPower,20; }"",100,3000,""AL_HEAL"",""{ specialeffect2 EF_HEAL3; }"";
autobonus3 ""{ bonus bHealPower,20; }"",100,3000,""AM_POTIONPITCHER"",""{ specialeffect2 EF_HEAL3; }"";
autobonus3 ""{ bonus bHealPower,20; }"",100,3000,""PR_SANCTUARY"",""{ specialeffect2 EF_HEAL3; }"";
",,
2744,Sprint_Ring,Sprint Ring,Armor,,20,,100,0,0,0,0,0,,1,70,0,False,"Alchemist, Assassin, BardDancer, Blacksmith, Crusader, Hunter, Knight, Monk, Priest, Rogue, Sage, SoulLinker, StarGladiator, Wizard",Upper,Both,Both_Accessory,"bonus bCastrate,-10;
bonus bDelayRate,5;
",,
2745,Pinguicula_Corsage,Pinguicula Corsage,Armor,,20,,200,0,0,0,0,1,,1,70,0,False,"Alchemist, Assassin, BardDancer, Blacksmith, Crusader, Hunter, Knight, Monk, Priest, Rogue, Sage, SoulLinker, StarGladiator, Wizard",Upper,Both,Both_Accessory,"bonus bMdef,2;
bonus bMaxSP,25;
",,
2746,Cold_Heart,Cold Heart,Armor,,20,,100,0,0,1,0,0,,1,80,0,False,Assassin,Upper,Both,Both_Accessory,"bonus bAgi,3;
",,
2747,Black_Cat,Black Cat,Armor,,20,,100,0,0,1,0,0,,1,80,0,False,Rogue,Upper,Both,Both_Accessory,"bonus bDex,3;
",,
2748,Cursed_Star,Cursed Star,Armor,,20,,200,0,0,0,0,0,,1,84,0,False,"Archer, BardDancer, Hunter",Upper,Both,Both_Accessory,"bonus bMdef,3;
bonus bDex,2;
bonus bLuk,-1;
bonus2 bHPLossRate,50,10000;
bonus3 bAddEff,Eff_Curse,200,ATF_WEAPON|ATF_LONG|ATF_TARGET;
",,"heal -300,0;
"
2749,Linen_Glove,Linen Glove,Armor,,20,,120,0,0,1,0,1,,1,90,0,False,"Alchemist, Assassin, BardDancer, Blacksmith, Crusader, Hunter, Knight, Monk, Priest, Rogue, Sage, SoulLinker, StarGladiator, Wizard",Upper,Both,Both_Accessory,"bonus bMdef,1;
bonus bAgi,2;
bonus bDex,1;
",,
2751,Academy_Badge,Academy Of Badge,Armor,,,,100,0,0,0,0,0,,1,0,0,False,All,All,Both,Both_Accessory,"if (BaseLevel<80) {
   bonus bMaxHP,400;
   bonus bMaxSP,200;
}
",,
2752,Praxinus_C,Praccsinos,Armor,,2,,0,0,0,0,0,0,,1,1,0,False,All,All,Both,Both_Accessory,"bonus2 bAddClass,Class_All,5;
bonus bMatkRate,5;
",,
2753,Beholder_Ring,Beholder Ring,Armor,,,,0,0,0,0,0,0,,1,1,0,False,All,All,Both,Both_Accessory,"bonus2 bExpAddRace,RC_Formless,15;
",,
2754,Hallow_Ring,Hallow Ring,Armor,,,,0,0,0,0,0,0,,1,1,0,False,All,All,Both,Both_Accessory,"bonus2 bExpAddRace,RC_undead,15;
",,
2755,Clamorous_Ring,Clamorous Ring,Armor,,,,0,0,0,0,0,0,,1,1,0,False,All,All,Both,Both_Accessory,"bonus2 bExpAddRace,RC_Brute,15;
",,
2756,Chemical_Ring,Chemical Ring,Armor,,,,0,0,0,0,0,0,,1,1,0,False,All,All,Both,Both_Accessory,"bonus2 bExpAddRace,RC_Plant,15;
",,
2757,Insecticide_Ring,Insecticide Ring,Armor,,,,0,0,0,0,0,0,,1,1,0,False,All,All,Both,Both_Accessory,"bonus2 bExpAddRace,RC_Insect,15;
",,
2758,Fisher_Ring,Fischer Ring,Armor,,,,0,0,0,0,0,0,,1,1,0,False,All,All,Both,Both_Accessory,"bonus2 bExpAddRace,RC_Fish,15;
",,
2759,Decussate_Ring,Decussate Ring,Armor,,,,0,0,0,0,0,0,,1,1,0,False,All,All,Both,Both_Accessory,"bonus2 bExpAddRace,RC_Demon,15;
",,
2760,Bloody_Ring,Bloody Ring,Armor,,,,0,0,0,0,0,0,,1,1,0,False,All,All,Both,Both_Accessory,"bonus2 bExpAddRace,RC_DemiHuman,15;
",,
2761,Satanic_Ring,Satanic Ring,Armor,,,,0,0,0,0,0,0,,1,1,0,False,All,All,Both,Both_Accessory,"bonus2 bExpAddRace,RC_Angel,15;
",,
2762,Dragoon_Ring,Dragon Ring,Armor,,,,0,0,0,0,0,0,,1,1,0,False,All,All,Both,Both_Accessory,"bonus2 bExpAddRace,RC_Dragon,15;
",,
2763,Skul_Ring_C,Neo Skull Ring,Armor,,,,0,0,0,0,0,0,,1,95,0,False,All,Upper,Both,Both_Accessory,"bonus2 bAddClass,Class_All,5;
bonus bMatkRate,5;
bonus bMaxHPrate,5;
bonus2 bSkillHeal,""AL_HEAL"",5;
skill ""MG_SIGHT"",1;
",,
2764,Small_Fishing_Rod,Small Fishing Rod,Armor,,10,,250,0,0,0,0,0,,1,0,0,False,All,All,Both,Both_Accessory,,,
2765,Novice_Figure,Novice Figure,Armor,,,,100,0,0,0,0,0,,1,0,0,False,All,All,Both,Both_Accessory,"bonus bMaxHP,70;
if (BaseJob == Job_Novice || BaseJob == Job_SuperNovice)
   bonus bMaxHP,30;
",,
2766,Swordman_Figure,Swordman Figure,Armor,,,,0,0,0,0,0,0,,1,0,0,False,All,All,Both,Both_Accessory,"bonus bVit,1;
if (Class == Job_Swordman)
   bonus bDef,2;
",,
2767,Acolyte_Figure,Acolyte Figure,Armor,,,,0,0,0,0,0,0,,1,0,0,False,All,All,Both,Both_Accessory,"bonus bInt,1;
if (Class == Job_Acolyte)
   bonus bMaxSP,50;
",,
2768,Mage_Figure,Mage Figure,Armor,,,,0,0,0,0,0,0,,1,0,0,False,All,All,Both,Both_Accessory,"bonus bInt,1;
if (Class == Job_Mage)
   bonus bSPrecovRate,5;
",,
2769,Archer_Figure,Archer Figure,Armor,,,,0,0,0,0,0,0,,1,0,0,False,All,All,Both,Both_Accessory,"bonus bDex,1;
if (Class == Job_Archer)
   bonus bBaseAtk,10;
",,
2770,Thief_Figure,Thief Figure,Armor,,,,0,0,0,0,0,0,,1,0,0,False,All,All,Both,Both_Accessory,"bonus bAgi,1;
if (Class == Job_Thief)
   bonus bAspdRate,3;
",,
2771,Merchant_Figure,Merchant Figure,Armor,,,,0,0,0,0,0,0,,1,0,0,False,All,All,Both,Both_Accessory,"bonus bStr,1;
if (Class == Job_Merchant)
   bonus bCritical,5;
",,
2772,Krieger_Ring1,Glorious Ring,Armor,,20,,0,0,0,0,0,0,,1,81,0,False,All,All,Both,Both_Accessory,"bonus bMaxHP,300;
bonus2 bSubEle,Ele_Water,10;
bonus2 bSubEle,Ele_Wind,10;
bonus2 bSubEle,Ele_Earth,10;
bonus2 bSubEle,Ele_Fire,10;
bonus bAspdRate,5;
bonus bCastrate,-3;
bonus bHealPower,5;
",,
2773,Krieger_Ring2,Glorious Mass-Production Ring,Armor,,20,,0,0,0,0,0,0,,1,61,0,False,All,All,Both,Both_Accessory,"bonus bAllStats,2;
",,
2774,Krieger_Ring3,Glorious Popularized Ring,Armor,,20,,0,0,0,0,0,0,,1,0,0,False,All,All,Both,Both_Accessory,"bonus bAllStats,1;
",,
2775,Lure,Lure,Armor,,20,,100,0,0,0,0,0,,1,0,0,False,All,All,Both,Both_Accessory,,,
2776,Cool_Towel,Adventurer's Trusty Towel,Armor,,20,,100,0,0,0,0,0,,1,0,0,False,All,All,Both,Both_Accessory,,"sc_start SC_SUMMER,INFINITE_TICK,0;
","sc_end SC_SUMMER;
"
2777,Shaman_Ring,Shaman Ring,Armor,,20,,100,0,0,0,0,1,,1,30,0,False,All,All,Both,Both_Accessory,"bonus bUseSPrate,-5;
",,
2778,Shaman_Earing,Shaman Earrings,Armor,,20,,100,0,0,0,0,0,,1,30,0,False,All,All,Both,Both_Accessory,"bonus bInt,2;
",,
2779,Dark_Knight_Belt,Dark Knight Belt,Armor,,20,,500,0,0,1,0,0,,1,30,0,False,All,All,Both,Both_Accessory,"bonus bStr,2;
bonus bAgi,1;
",,
2780,Dark_Knight_Glove,Dark Knight Glove,Armor,,20,,500,0,0,1,0,0,,1,80,0,False,All,All,Both,Both_Accessory,"autobonus ""{ bonus bAspdRate,2; }"",10,10000,0,""{ specialeffect2 EF_POTION_BERSERK; }"";
",,
2781,Aumdura's_Grace,Aumdura's Benefit,Armor,,,,100,0,0,1,0,1,,1,1,0,False,All,All,Both,Both_Accessory,"bonus bAllStats,1;
bonus bMdef,1;
",,
2782,Ring_Of_Wise_King,Ring of the Ancient Wise King,Armor,,20,,100,0,0,0,0,0,,1,0,0,False,All,All,Both,Both_Accessory,"bonus bMaxHP,50;
bonus bMaxSP,20;
",,
2783,Eyes_Stone_Ring,Eye Stone Ring,Armor,,20,,100,0,0,0,0,1,,1,70,0,False,All,All,Both,Both_Accessory,"bonus bCritical,2;
bonus bMaxSP,25;
",,
2784,Oh_Holy_Night,Christmas Musicbox,Armor,,20,,100,0,0,0,0,0,,1,1,0,False,All,All,Both,Both_Accessory,"skill ""ALL_WEWISH"",1;
",,
2785,Orleans_Glove_M,Orlean's Gloves,Armor,,20,,100,0,0,0,0,1,,1,90,0,False,All,Upper,Both,Both_Accessory,"bonus bDex,2;
bonus bMatkRate,3;
",,
2786,Spiritual_Ring_M,Spiritual Ring,Armor,,20,,100,0,0,0,0,0,,1,0,0,False,All,All,Both,Both_Accessory,"bonus bInt,2;
bonus bDex,1;
",,
2787,Waterdrop_Brooch,Waterdrop Brooch,Armor,,20,,200,0,0,0,0,1,,1,75,0,False,All,Upper,Both,Both_Accessory,"bonus2 bSubEle,Ele_Water,5;
bonus bMaxHP,80;
bonus bMdef,2;
",,
2788,Bradium_Earing,Bradium Earring,Armor,,20,,200,0,0,0,0,1,,1,60,0,False,All,Upper,Both,Both_Accessory,"bonus bMatkRate,2;
bonus bInt,1;
bonus bDex,1;
",,
2789,Bradium_Ring,Bradium Ring,Armor,,20,,200,0,0,0,0,1,,1,60,0,False,All,Upper,Both,Both_Accessory,"bonus2 bAddClass,Class_All,2;
bonus bStr,1;
bonus bVit,1;
",,
2790,Bradium_Brooch,Bradium Brooch,Armor,,20,,200,0,0,0,0,1,,1,60,0,False,All,Upper,Both,Both_Accessory,"bonus bFlee,4;
bonus bAspdRate,2;
bonus bAgi,1;
",,
2791,Just_Got_Fish,Fresh Fish,Armor,,20,,500,0,0,0,0,1,,1,1,0,False,All,All,Both,Both_Accessory,"bonus bHit,3;
",,
2794,Magic_Stone_Ring,Magic Stone Ring,Armor,,,,0,0,0,0,0,1,,1,99,0,False,"Crusader, Knight, Swordman",All,Both,Both_Accessory,"bonus bStr,2;
",,
2795,Green_Apple_Ring,Green Apple Ring,Armor,,,,0,0,0,0,0,0,,1,99,0,False,All,All,Both,Both_Accessory,"bonus bAllStats,6;
if (JobLevel <30) {
   bonus bAllStats,(JobLevel/5);
}
",,
2796,Magical_Stone,Rocks,Armor,,,,200,0,0,0,0,0,,1,99,0,False,"Mage, Sage, SoulLinker, Wizard",All,Both,Both_Accessory,"bonus2 bAddDamageClass,2047,10;
bonus2 bAddDefMonster,2048,-10;
bonus3 bAddMonsterIdDropItem,6152,2047,70;
",,
2797,Magical_Stone_,Rocks,Armor,,,,200,0,0,0,0,0,,1,99,0,False,"Mage, Sage, SoulLinker, Wizard",All,Both,Both_Accessory,"bonus2 bAddDamageClass,2049,10;
bonus2 bAddDefMonster,2050,-10;
bonus3 bAddMonsterIdDropItem,6151,2049,70;
",,
2798,Will_Of_Exhausted_Angel,Will Of Exhausted Angel,Armor,,,,200,0,0,0,0,0,,1,99,0,False,"Monk, Priest",All,Both,Both_Accessory,"if (strcharinfo(3) == ""job3_arch02"") {
   bonus2 bAddDefMonster,1761,50;
   bonus2 bAddDefMonster,1762,50;
}
",,
2799,Kuirpenring,Kuirpenring,Armor,,,,100,0,0,0,0,1,,1,0,0,False,All,All,Both,Both_Accessory,"bonus bMdef,1;
",,
2800,Accelerator,Accelerator,Armor,,100000,,100,0,0,0,0,1,,1,99,0,False,Blacksmith,All,Both,Both_Accessory,"bonus bAgi,2;
",,
2801,Hovering_Booster,Hovering Booster,Armor,,100000,,2000,0,0,0,0,1,,1,99,0,False,Blacksmith,All,Both,Both_Accessory,"bonus bAgi,1;
",,
2802,Suicidal_Device,Suicidal Device,Armor,,500000,,1000,0,0,0,0,1,,1,99,0,False,Blacksmith,All,Both,Both_Accessory,,,
2803,Shape_Shifter,Shape Shifter,Armor,,100000,,500,0,0,0,0,1,,1,99,0,False,Blacksmith,All,Both,Both_Accessory,"bonus bInt,3;
",,
2804,Cooling_Device,Cooling Device,Armor,,100000,,2500,0,0,0,0,1,,1,99,0,False,Blacksmith,All,Both,Both_Accessory,"bonus bDex,1;
",,
2805,Mag_Field_Generator,Magnetic Field Generator,Armor,,100000,,6000,0,0,0,0,1,,1,99,0,False,Blacksmith,All,Both,Both_Accessory,"bonus bDex,1;
",,
2806,Barrier_Builder,Barrier Builder,Armor,,150000,,8000,0,0,3,0,1,,1,99,0,False,Blacksmith,All,Both,Both_Accessory,"bonus bDex,1;
",,
2807,Repair_Kit,Repair Kit,Armor,,200000,,400,0,0,0,0,1,,1,99,0,False,Blacksmith,All,Both,Both_Accessory,,,
2808,Camouflage_Generator,Camouflague Generator,Armor,,250000,,1000,0,0,0,0,1,,1,99,0,False,Blacksmith,All,Both,Both_Accessory,"bonus bAgi,3;
",,
2809,High_Quality_Cooler,High Quality Cooler,Armor,,100000,,2500,0,0,0,0,1,,1,99,0,False,Blacksmith,All,Both,Both_Accessory,"bonus bDex,1;
",,
2810,Special_Cooler,Special Cooler,Armor,,100000,,2500,0,0,0,0,1,,1,99,0,False,Blacksmith,All,Both,Both_Accessory,"bonus bDex,1;
",,
2819,Swordman_Manual,Swordsman Manual,Armor,,,,100,0,0,0,0,0,,1,1,0,False,"Novice, SuperNovice",All,Both,Both_Accessory,"bonus bMaxSP,100;
skill ""SM_BASH"",1;
skill ""SM_PROVOKE"",1;
skill ""SM_MAGNUM"",1;
",,
2820,Thief_Manual,Thief Manual,Armor,,,,100,0,0,0,0,0,,1,1,0,False,"Novice, SuperNovice",All,Both,Both_Accessory,"bonus bMaxSP,100;
skill ""TF_DOUBLE"",3;
skill ""TF_STEAL"",1;
skill ""TF_HIDING"",1;
skill ""TF_POISON"",1;
",,
2821,Acolyte_Manual,Acolyte Manual,Armor,,,,100,0,0,0,0,0,,1,1,0,False,"Novice, SuperNovice",All,Both,Both_Accessory,"bonus bMaxSP,100;
skill ""AL_HEAL"",1;
skill ""AL_INCAGI"",1;
skill ""AL_BLESSING"",1;
",,
2822,Archer_Manual,Archer Manual,Armor,,,,100,0,0,0,0,0,,1,1,0,False,"Novice, SuperNovice",All,Both,Both_Accessory,"bonus bMaxSP,100;
skill ""AC_OWL"",1;
skill ""AC_CONCENTRATION"",1;
",,
2823,Merchant_Manual,Merchant Manual,Armor,,,,100,0,0,0,0,0,,1,1,0,False,"Novice, SuperNovice",All,Both,Both_Accessory,"bonus bMaxSP,100;
skill ""MC_DISCOUNT"",1;
skill ""MC_OVERCHARGE"",10;
skill ""MC_IDENTIFY"",1;
skill ""MC_MAMMONITE"",1;
",,
2824,Mage_Manual,Mage Manual,Armor,,,,100,0,0,0,0,0,,1,1,0,False,"Novice, SuperNovice",All,Both,Both_Accessory,"bonus bMaxSP,100;
skill ""MG_SRECOVERY"",1;
skill ""MG_COLDBOLT"",1;
skill ""MG_FIREWALL"",1;
skill ""MG_FIREBOLT"",1;
",,
5001,Headset,Headset,Armor,,20,,200,0,0,3,0,0,,1,1,0,True,All,All,Both,Head_Top,"bonus2 bResEff,Eff_Curse,1000;
",,
5002,Gemmed_Crown,Jewel Crown,Armor,,20,,600,0,0,4,0,0,,1,60,0,True,"Alchemist, Assassin, Blacksmith, Crusader, Knight, Merchant, Rogue, Swordman, Thief",All,Both,Head_Top,"bonus bInt,2;
bonus bLuk,1;
bonus bMdef,3;
",,
5003,Joker_Jester,Joker Jester,Armor,,20,,100,0,0,1,0,0,,1,0,0,True,All,All,Both,Head_Top,"bonus bLuk,2;
bonus bMdef,5;
",,
5004,Oxygen_Mask,Oxygen Mask,Armor,,20,,200,0,0,0,0,0,,1,0,0,False,All,All,Both,Head_Low,"bonus2 bResEff,Eff_Poison,2000;
",,
5005,Gas_Mask,Gas Mask,Armor,,20,,100,0,0,1,0,0,,1,0,0,False,All,All,Both,"Head_Low, Head_Mid","bonus2 bResEff,Eff_Poison,3000;
",,
5006,Machoman_Glasses,Machoman's Glasses,Armor,,36000,,100,0,0,1,0,0,,1,0,0,False,All,All,Both,Head_Mid,,,
5007,Loard_Circlet,Grand Circlet,Armor,,20,,200,0,0,3,0,0,,1,55,0,True,All,All,Both,Head_Top,"bonus bStr,1;
bonus bInt,1;
bonus bLuk,1;
bonus bMdef,4;
",,
5008,Puppy_Love,Puppy Love,Armor,,20,,100,0,0,1,0,0,,1,0,0,False,All,All,Both,Head_Top,,,
5009,Safety_Helmet,Safety Helmet,Armor,,20,,500,0,0,3,0,0,,1,0,0,True,All,All,Both,Head_Top,"bonus bMdef,3;
bonus bUnbreakableHelm;
",,
5010,Indian_Hair_Piece,Indian Fillet,Armor,,20,,100,0,0,3,0,0,,1,0,0,True,All,All,Both,Head_Top,,,
5011,Antenna,Aerial,Armor,,20,,100,0,0,3,0,0,,1,0,0,True,All,All,Both,Head_Top,,,
5012,Ph.D_Hat,Ph.D Hat,Armor,,20,,200,0,0,3,0,0,,1,0,0,True,All,All,Both,Head_Top,,,
5013,Horn_Of_Lord_Kaho,Lord Kaho's Horn,Armor,,20,,100,0,0,5,0,0,,1,0,0,True,All,All,Both,Head_Top,"bonus bMdef,10;
bonus bStr,5;
bonus bAgi,10;
bonus bVit,10;
bonus bInt,5;
bonus bLuk,20;
",,
5014,Fin_Helm,Fin Helm,Armor,,20,,300,0,0,2,0,0,,1,65,0,False,"Crusader, Knight, Swordman",All,Both,Head_Mid,,,
5015,Egg_Shell,Egg Shell,Armor,,20,,200,0,0,3,0,0,,1,0,0,False,All,All,Both,Head_Top,,,
5016,Boy's_Cap,Boy's Cap,Armor,,20,,100,0,0,2,0,0,,1,0,0,True,All,All,Both,Head_Top,,,
5017,Bone_Helm,Bone Helm,Armor,,20,,800,0,0,7,0,0,,1,70,0,True,"Alchemist, Blacksmith, Crusader, Knight, Merchant, Swordman",All,Both,Head_Top,"bonus2 bSubEle,Ele_Dark,-15;
",,
5018,Feather_Bonnet,Feather Bonnet,Armor,,20,,300,0,0,4,0,0,,1,0,0,True,"Archer, BardDancer, Hunter",All,Both,Head_Top,"bonus bAgi,1;
",,
5019,Corsair,Corsair,Armor,,20,,500,0,0,5,0,0,,1,0,0,True,All,All,Both,Head_Top,"bonus bVit,1;
",,
5020,Kafra_Band,Kafra Band,Armor,,20,,500,0,0,3,0,0,,1,0,0,True,All,All,Both,Head_Top,"bonus bMdef,3;
",,
5021,Bankruptcy_Of_Heart,Grief for Greed,Armor,,20,,1200,0,0,4,0,0,,1,38,0,True,"Alchemist, Blacksmith, Merchant",All,Both,Head_Top,"bonus bInt,1;
bonus bDex,1;
",,
5022,Helm_Of_Sun,Hat of the Sun God,Armor,,20,,2400,0,0,4,0,0,,1,0,0,True,"Alchemist, Assassin, BardDancer, Blacksmith, Crusader, Hunter, Knight, Monk, Priest, Rogue, Sage, SoulLinker, StarGladiator, Wizard",All,Both,"Head_Mid, Head_Top","bonus bStr,3;
bonus bInt,2;
",,
5023,Hat_Of_Bundle,Parcel Hat,Armor,,20,,1000,0,0,0,0,0,,1,0,0,True,"Alchemist, Blacksmith, Merchant",All,Both,Head_Top,,,
5024,Hat_Of_Cake,Cake Hat,Armor,,20,,1000,0,0,1,0,0,,1,0,0,True,All,All,Both,Head_Top,,,
5025,Helm_Of_Angel,Helm of Angel,Armor,,20,,1600,0,0,5,0,0,,1,74,0,True,"Alchemist, Assassin, BardDancer, Blacksmith, Crusader, Hunter, Knight, Monk, Priest, Rogue, Sage, SoulLinker, StarGladiator, Wizard",All,Both,Head_Top,"bonus bAgi,1;
bonus bLuk,1;
bonus bMdef,3;
",,
5026,Hat_Of_Cook,Chef Hat,Armor,,20,,300,0,0,1,0,0,,1,50,0,True,All,All,Both,Head_Top,"bonus bDex,1;
",,
5027,Wizardry_Hat,Mage Hat,Armor,,20,,300,0,0,1,0,0,,1,0,0,True,"Mage, Sage, SoulLinker, Wizard",All,Both,Head_Top,"bonus bInt,2;
bonus bMaxSP,150;
",,
5028,Candle,Candle,Armor,,20,,150,0,0,0,0,0,,1,0,0,True,All,All,Both,Head_Top,,,
5029,Spore_Hat,Spore Hat,Armor,,20,,900,0,0,3,0,0,,1,20,0,True,All,All,Both,Head_Top,,,
5030,Panda_Cap,Panda Hat,Armor,,20,,800,0,0,3,0,0,,1,40,0,True,All,All,Both,Head_Top,,,
5031,Mine_Helm,Mine Hat,Armor,,20,,1500,0,0,4,0,0,,1,55,0,True,"Acolyte, Alchemist, Assassin, Blacksmith, Crusader, Knight, Merchant, Monk, Priest, Rogue, Swordman, Thief",All,Both,Head_Top,"bonus bDex,2;
",,
5032,Picnic_Hat,Sunday Hat,Armor,,20,,800,0,0,1,0,0,,1,0,0,True,All,All,Both,Head_Top,,,
5033,Smokie_Hat,Raccoon Hat,Armor,,20,,900,0,0,3,0,0,,1,50,0,True,All,All,Both,Head_Top,,,
5034,Light_Bulb_Band,Bulb Band,Armor,,20,,500,0,0,0,0,0,,1,0,0,True,All,All,Both,Head_Top,,,
5035,Poring_Hat,Poring Hat,Armor,,20,,700,0,0,2,0,0,,1,38,0,True,All,All,Both,Head_Top,,,
5036,Cross_Band,Cross Hat,Armor,,20,,250,0,0,1,0,0,,1,10,0,True,All,All,Both,Head_Top,,,
5037,Fruit_Shell,Nut Shell,Armor,,20,,150,0,0,4,0,0,,1,5,0,False,All,All,Both,Head_Top,,,
5038,Deviruchi_Cap,Deviruchi Hat,Armor,,20,,800,0,0,2,0,0,,1,64,0,True,All,All,Both,Head_Top,"bonus bStr,1;
bonus bInt,1;
",,
5039,Mottled_Egg_Shell,Rainbow Eggshell,Armor,,20,,400,0,0,4,0,0,,1,19,0,False,All,All,Both,Head_Top,,,
5040,Blush,Blush,Armor,,20,,100,0,0,0,0,0,,1,0,0,False,All,All,Both,Head_Mid,,,
5041,Heart_Hair_Pin,Heart Hairpin,Armor,,20,,100,0,0,0,0,0,,1,0,0,True,All,All,Both,Head_Top,,,
5042,Hair_Protector,Bao Bao,Armor,,20,,150,0,0,0,0,0,,1,14,0,True,All,All,Both,Head_Top,,,
5043,Opera_Ghost_Mask,Opera Phantom Mask,Armor,,20,,200,0,0,1,0,0,,1,20,0,False,All,All,Both,Head_Mid,,,
5044,Devil's_Wing,Evil Wing Ears,Armor,,20,,350,0,0,2,0,0,,1,45,0,True,All,All,Both,Head_Top,"bonus bVit,1;
",,
5045,Magician_Hat,Magician Hat,Armor,,20,,500,0,0,3,0,0,,1,50,0,True,"Acolyte, Mage, Monk, Priest, Sage, SoulLinker, Wizard",All,Both,Head_Top,"bonus bDex,1;
bonus bAgi,1;
bonus bMaxSP,50;
",,
5046,Bongun_Hat,Bongun Hat,Armor,,20,,300,0,0,5,0,0,,1,0,0,False,All,All,Both,"Head_Low, Head_Mid, Head_Top",,,
5047,Fashion_Sunglass,Fashionable Glasses,Armor,,20,,100,0,0,0,0,0,,1,0,0,True,All,All,Both,Head_Top,,,
5048,First_Moon_Hair_Pin,Cresent Hairpin,Armor,,20,,100,0,0,0,0,0,,1,0,0,True,All,All,Both,Head_Top,,,
5049,Stripe_Band,Striped Hairband,Armor,,20,,150,0,0,1,0,0,,1,0,0,False,All,All,Both,Head_Top,,,
5050,Mystery_Fruit_Shell,Wonder Nutshell,Armor,,20,,300,0,0,5,0,0,,1,30,0,False,All,All,Both,Head_Top,,,
5051,Kitty_Bell,Pussy Cat Bell,Armor,,20,,100,0,0,0,0,0,,1,0,0,False,All,All,Both,Head_Low,,,
5052,Blue_Hair_Band,Blue Hairband,Armor,,20,,150,0,0,1,0,0,,1,0,0,True,All,All,Both,Head_Top,,,
5053,Spinx_Helm,Sphinx Hat,Armor,,20,,3000,0,0,5,0,0,,1,65,0,False,"Crusader, Knight, Swordman",All,Both,"Head_Low, Head_Top","bonus bStr,2;
",,
5054,Assassin_Mask,Assassin Mask,Armor,,20,,100,0,0,0,0,0,,1,70,0,False,"Assassin, Priest",All,Both,Head_Low,,,
5055,Novice_Egg_Cap,Novice False Eggshell,Armor,,1,,1,0,0,3,0,0,,1,0,0,False,"Novice, SuperNovice",All,Both,Head_Top,,,
5056,Love_Berry,Fruit of Love,Armor,,1,,100,0,0,0,0,0,,1,0,0,False,All,All,Both,Head_Top,,,
5057,Ear_Of_Black_Cat,Black Cat Ears,Armor,,16000,,200,0,0,2,0,0,,1,45,0,True,All,All,Both,Head_Top,,,
5058,Drooping_Kitty,Drooping Cat,Armor,,250000,,500,0,0,1,0,0,,1,0,0,True,All,All,Both,Head_Top,"bonus bMdef,15;
bonus2 bResEff,Eff_Curse,3000;
",,
5059,Brown_Bear_Cap,Teddybear Hat,Armor,,20,,800,0,0,3,0,0,,1,50,0,True,All,All,Both,Head_Top,,,
5060,Party_Hat,Party Hat,Armor,,20,,300,0,0,3,0,0,,1,0,0,True,All,All,Both,Head_Top,"bonus bLuk,1;
",,
5061,Flower_Hairpin,Flower Hairpin,Armor,,20,,100,0,0,1,0,0,,1,0,0,True,All,All,Both,Head_Top,,,
5062,Straw_Hat,Straw Hat,Armor,,20,,200,0,0,3,0,0,,1,50,0,True,All,All,Both,Head_Top,"bonus bAgi,1;
",,
5063,Plaster,Giant Band Aid,Armor,,20,,100,0,0,1,0,0,,1,0,0,True,All,All,Both,Head_Top,,,
5064,Leaf_Headgear,Smokie Leaf,Armor,,20,,100,0,0,1,0,0,,1,0,0,True,All,All,Both,Head_Top,,,
5065,Fish_On_Head,Blue Fish,Armor,,20,,500,0,0,2,0,0,,1,50,0,True,All,All,Both,Head_Top,"bonus2 bAddRace,RC_Fish,10;
",,
5066,Horn_Of_Succubus,Succubus Horn,Armor,,20,,800,0,0,4,0,0,,1,70,0,True,All,All,Both,Head_Top,"bonus bInt,1;
bonus bMdef,10;
",,
5067,Sombrero,Sombrero,Armor,,20,,350,0,0,4,0,0,,1,0,0,True,All,All,Both,Head_Top,"bonus bAgi,1;
",,
5068,Ear_Of_Devil's_Wing,Evil Wing Ears,Armor,,20,,100,0,0,1,0,0,,1,70,0,False,All,All,Both,Head_Mid,"bonus bStr,1;
",,
5069,Mask_Of_Fox,Kitsune Mask,Armor,,20,,300,0,0,1,0,0,,1,0,0,True,All,All,Both,Head_Top,"bonus bAgi,1;
bonus bLuk,1;
",,
5070,Headband_Of_Power,Hot-blooded Headband,Armor,,20,,100,0,0,1,0,0,,1,0,0,True,All,All,Both,Head_Top,"bonus bStr,2;
",,
5071,Indian_Headband,Indian Headband,Armor,,20,,200,0,0,1,0,0,,1,0,0,True,All,All,Both,Head_Top,"bonus bDex,1;
",,
5072,Inccubus_Horn,Incubus Horn,Armor,,20,,800,0,0,4,0,0,,1,70,0,True,All,All,Both,Head_Top,"bonus bAgi,1;
bonus bMdef,10;
",,
5073,Cap_Of_Concentration,Model Training Hat,Armor,,20,,700,0,0,2,0,0,,1,0,0,True,All,All,Both,Head_Top,"bonus bDex,2;
",,
5074,Ear_Of_Angel's_Wing,Angel Wing Ears,Armor,,20,,100,0,0,1,0,0,,1,70,0,False,All,All,Both,Head_Mid,"bonus bStr,1;
",,
5075,Cowboy_Hat,Cowboy Hat,Armor,,20,,500,0,0,4,0,0,,1,0,0,True,All,All,Both,Head_Top,,,
5076,Fur_Hat,Beanie,Armor,,20,,350,0,0,2,0,0,,1,0,0,True,All,All,Both,Head_Top,"bonus bLuk,1;
",,
5077,Tulip_Hairpin,Tulip Hairpin,Armor,,20,,100,0,0,1,0,0,,1,0,0,True,All,All,Both,Head_Top,,,
5078,Sea_Otter_Cap,Sea-Otter Hat,Armor,,20,,800,0,0,3,0,0,,1,50,0,True,All,All,Both,Head_Top,"bonus bVit,1;
",,
5079,Crossed_Hair_Band,X Hairpin,Armor,,20,,100,0,0,1,0,0,,1,0,0,True,All,All,Both,Head_Top,,,
5080,Headgear_Of_Queen,Crown of Ancient Queen,Armor,,20,,400,0,0,4,0,0,,1,45,0,True,All,All,Both,Head_Top,,,
5081,Mistress_Crown,Crown of Mistress,Armor,,20,,100,0,0,0,0,0,,1,75,0,True,All,All,Both,Head_Top,"bonus bMaxSP,100;
bonus bInt,2;
bonus bUnbreakableHelm;
",,
5082,Mushroom_Band,Decorative Mushroom,Armor,,20,,100,0,0,2,0,0,,1,0,0,True,All,All,Both,Head_Top,,,
5083,Red_Tailed_Ribbon,Red Ribbon,Armor,,20,,200,0,0,1,0,0,,1,45,0,True,All,All,Both,Head_Top,"bonus bMdef,10;
",,
5084,Lazy_Raccoon,Lazy Smokie,Armor,,20,,500,0,0,1,0,0,,1,0,0,True,All,All,Both,Head_Top,"bonus2 bResEff,Eff_Sleep,2000;
",,
5085,Pair_Of_Red_Ribbon,Small Ribbons,Armor,,20,,100,0,0,1,0,0,,1,45,0,False,All,All,Both,Head_Mid,,,
5086,Alarm_Mask,Alarm Mask,Armor,,20,,100,0,0,2,0,0,,1,0,0,False,All,All,Both,"Head_Low, Head_Mid","bonus2 bResEff,Eff_Blind,5000;
",,
5087,Goblin_Mask_01,Poker Face,Armor,,20,,100,0,0,1,0,0,,1,0,0,False,All,All,Both,"Head_Low, Head_Mid",,,
5088,Goblin_Mask_02,Surprised Mask,Armor,,20,,100,0,0,1,0,0,,1,0,0,False,All,All,Both,"Head_Low, Head_Mid",,,
5089,Goblin_Mask_03,Annoyed Mask,Armor,,20,,100,0,0,1,0,0,,1,0,0,False,All,All,Both,"Head_Low, Head_Mid",,,
5090,Goblin_Mask_04,Goblin Leader Mask,Armor,,20,,100,0,0,2,0,0,,1,0,0,False,All,All,Both,"Head_Low, Head_Mid",,,
5091,Big_Golden_Bell,Decorative Golden Bell,Armor,,20,,200,0,0,2,0,0,,1,35,0,True,All,All,Both,"Head_Mid, Head_Top",,,
5092,Blue_Coif,Coif,Armor,,150000,,300,0,0,5,0,0,,1,65,0,True,"Assassin, Priest",All,Both,"Head_Mid, Head_Top",,,
5093,Blue_Coif_,Coif,Armor,,150000,,300,0,0,5,0,1,,1,65,0,True,"Assassin, Priest",All,Both,"Head_Mid, Head_Top","bonus bMaxSP,100;
",,
5094,Orc_Hero_Helm,Helmet of Orc Hero,Armor,,500000,,900,0,0,5,0,0,,1,55,0,True,All,All,Both,"Head_Mid, Head_Top","bonus bStr,2;
bonus bVit,1;
",,
5096,Assassin_Mask_,Assassin Mask,Armor,,20,,100,0,0,0,0,0,,1,70,0,False,"Assassin, Priest",All,Both,Head_Low,,,
5097,Cone_Hat_,Holiday Hat,Armor,,,,400,0,0,0,0,0,,1,0,0,True,All,All,Both,Head_Top,,,
5098,Tiger_Mask,Tiger Mask,Armor,,20,,400,0,0,2,0,0,,1,50,0,False,All,All,Both,"Head_Mid, Head_Top","bonus bStr,3;
bonus bMaxHP,100;
",,
5099,Cat_Hat,Neko Mimi,Armor,,20,,300,0,0,1,0,0,,1,0,0,True,All,All,Both,Head_Top,"bonus bLuk,2;
bonus bMdef,10;
bonus2 bSubRace,RC_Brute,5;
bonus2 bSubRace,RC_Player_Doram,5;
",,
5100,Sales_Signboard,Sales Banner,Armor,,20,,800,0,0,0,0,0,,1,75,0,True,All,All,Both,Head_Top,"bonus bStr,1;
bonus bAgi,1;
bonus bLuk,1;
",,
5101,Takius_Blindfold,Takius's Blindfold,Armor,,20,,100,0,0,0,0,0,,1,0,0,False,All,All,Both,Head_Mid,,,
5102,Round_Eyes,Blank Eyes,Armor,,20,,100,0,0,0,0,0,,1,0,0,False,All,All,Both,Head_Mid,,,
5103,Sunflower_Hairpin,Sunflower Hairpin,Armor,,20,,600,0,0,1,0,0,,1,30,0,False,All,All,Both,Head_Top,"bonus bAgi,2;
bonus bCritical,5;
",,
5104,Dark_Blindfold,Dark Blinder,Armor,,20,,100,0,0,0,0,0,,1,0,0,False,All,All,Both,Head_Mid,"bonus2 bResEff,Eff_Blind,10000;
bonus2 bResEff,Eff_Stun,200;
",,
5105,Hat_Of_Cake_,2nd Anniversary Hat,Armor,,20,,1000,0,0,1,0,0,,1,24,0,True,All,All,Both,Head_Top,"bonus bDex,1;
bonus bMaxSP,80;
bonus3 bAddMonsterDropItem,7864,7,50;
",,
5106,Cone_Hat_INA,2nd Anniversary Hat,Armor,,20,,300,0,0,3,0,0,,1,1,0,False,All,All,Both,Head_Top,"bonus bLuk,1;
",,
5107,Well_Baked_Toast,Crunch Toast,Armor,,20,,50,0,0,0,0,0,,1,0,0,False,All,All,Both,Head_Low,,,
5108,Detective_Hat,Renown Detective's Cap,Armor,,20,,350,0,0,3,0,1,,1,0,0,True,All,All,Both,Head_Top,,,
5109,Red_Bonnet,Red Bonnet,Armor,,20,,400,0,0,2,0,0,,1,0,0,True,All,All,Both,Head_Top,,,
5110,Baby_Pacifier,Baby Pacifier,Armor,,20,,50,0,0,0,0,0,,1,0,0,False,All,All,Both,Head_Low,,,
5111,Galapago_Cap,Galapago Cap,Armor,,20,,500,0,0,2,0,0,,1,55,0,True,All,All,Both,Head_Top,"bonus2 bAddMonsterDropItem,605,100;
",,
5112,Super_Novice_Hat,Super Novice Hat,Armor,,8500,,400,0,0,4,0,0,,1,40,0,True,"Novice, SuperNovice",All,Both,Head_Top,"bonus bAllStats,1;
",,
5113,Angry_Mouth,Angry Snarl,Armor,,20,,50,0,0,0,0,0,,1,0,0,False,All,All,Both,Head_Low,,,
5114,Fedora,Bucket Hat,Armor,,6000,,300,0,0,3,0,0,,1,0,0,True,All,All,Both,Head_Top,,,
5115,Winter_Hat,Winter Hat,Armor,,20,,500,0,0,3,0,0,,1,0,0,True,All,All,Both,Head_Top,"bonus2 bResEff,Eff_Freeze,1000;
",,
5116,Banana_Hat,Banana Hat,Armor,,20,,200,0,0,1,0,0,,1,0,0,True,All,All,Both,Head_Top,"bonus3 bAutoSpell,""SM_PROVOKE"",3,30;
",,
5117,Mistic_Rose,Mystic Rose,Armor,,20,,100,0,0,0,0,0,,1,0,0,True,All,All,Both,Head_Top,"bonus2 bSubRace,RC_Plant,2;
",,
5118,Ear_Of_Puppy,Puppy Headband,Armor,,20,,100,0,0,2,0,0,,1,0,0,True,All,All,Both,Head_Top,,,
5119,Super_Novice_Hat_,Super Novice Hat,Armor,,8500,,400,0,0,4,0,1,,1,40,0,True,"Novice, SuperNovice",All,Both,Head_Top,"bonus bAllStats,1;
",,
5120,Fedora_,Bucket Hat,Armor,,6000,,300,0,0,3,0,1,,1,0,0,True,All,All,Both,Head_Top,,,
5121,Zherlthsh_Mask,Zealotus Mask,Armor,,20,,400,0,0,3,0,0,,1,70,0,True,All,All,Both,"Head_Mid, Head_Top","bonus2 bAddRace,RC_DemiHuman,5;
bonus2 bAddRace,RC_Player_Human,5;
bonus2 bSubRace,RC_DemiHuman,5;
bonus2 bSubRace,RC_Player_Human,5;
",,
5122,Magni_Cap,Magni's Cap,Armor,,30000,,1000,0,0,5,0,0,,1,65,0,True,All,All,Both,Head_Top,"bonus bStr,2;
",,
5123,Ulle_Cap,Ulle's Cap,Armor,,30000,,500,0,0,3,0,1,,1,65,0,True,All,All,Both,Head_Top,"bonus bDex,2;
bonus bAgi,1;
",,
5124,Fricca_Circlet,Fricca's Circlet,Armor,,30000,,300,0,0,3,0,0,,1,65,0,True,All,All,Both,Head_Top,"bonus bMdef,10;
bonus bInt,2;
bonus bMaxSP,50;
",,
5125,Kiss_Of_Angel,Angel's Kiss,Armor,,10000,,300,0,0,3,0,1,,1,50,0,True,"Novice, SuperNovice",All,Both,Head_Top,"bonus bSPrecovRate,5;
",,
5126,Morpheus's_Hood,Morpheus's Hood,Armor,,30000,,200,0,0,1,0,0,,1,33,0,True,All,All,Both,Head_Top,"bonus bInt,2;
",,
5127,Morrigane's_Helm,Morrigane's Helm,Armor,,30000,,500,0,0,4,0,0,,1,61,0,True,All,All,Both,Head_Top,"bonus bLuk,2;
bonus bBaseAtk,3;
",,
5128,Goibne's_Helmet,Goibne's Helm,Armor,,30000,,500,0,0,5,0,0,,1,54,0,True,All,All,Both,Head_Top,"bonus bVit,3;
bonus bMdef,3;
",,
5129,Bird_Nest,Bird Nest,Armor,,20,,400,0,0,1,0,0,,1,50,0,False,All,All,Both,Head_Top,"bonus bAgi,2;
bonus2 bSubRace,RC_Brute,10;
bonus2 bSubRace,RC_Player_Doram,10;
",,
5130,Lion_Mask,Lion Mask,Armor,,20,,700,0,0,0,0,0,,1,75,0,True,"Alchemist, Assassin, BardDancer, Blacksmith, Crusader, Hunter, Knight, Monk, Priest, Rogue, Sage, SoulLinker, StarGladiator, Wizard",All,Both,"Head_Mid, Head_Top","bonus2 bAddEffWhenHit,Eff_Silence,500;
bonus bMdef,1;
",,
5131,Close_Helmet,Close Helmet,Armor,,20,,1200,0,0,8,0,0,,1,75,0,True,"Crusader, Knight, Swordman",All,Both,"Head_Low, Head_Mid, Head_Top","bonus bVit,3;
bonus bMaxHPrate,3;
",,
5132,Angeling_Hat,Angeling Hat,Armor,,20,,700,0,0,2,0,0,,1,0,0,False,All,All,Both,Head_Top,"bonus2 bSubRace,RC_DemiHuman,10;
bonus2 bSubRace,RC_Player_Human,10;
",,
5133,Sheep_Hat,Sheep Hat,Armor,,20,,150,0,0,1,0,0,,1,0,0,False,"Acolyte, Monk, Priest",All,Both,Head_Top,"bonus bShortWeaponDamageReturn,5;
",,
5134,Pumpkin_Hat,Pumpkin-Head,Armor,,20,,200,0,0,2,0,0,,1,0,0,True,All,All,Both,Head_Top,"bonus2 bSubRace,RC_Demon,5;
",,
5135,Cyclops_Visor,Cyclop's Eye,Armor,,,,200,0,0,0,0,0,,1,75,0,False,All,All,Both,Head_Mid,"bonus bMaxSP,50;
",,
5136,Santa's_Hat_,Antonio's Santa Hat,Armor,,20,,100,0,0,2,0,0,,1,0,0,True,All,All,Both,Head_Top,,,
5137,Alice_Doll,Alice Doll,Armor,,20,,500,0,0,0,0,1,,1,30,0,False,All,All,Both,Head_Top,"bonus bStr,1;
bonus2 bAddRace,RC_DemiHuman,10;
bonus2 bAddRace,RC_Player_Human,10;
bonus2 bAddEff2,Eff_Sleep,10;
",,
5138,Magic_Eyes,Magic Eyes,Armor,,20,,300,0,0,1,0,0,,1,30,0,True,"Mage, Sage, SoulLinker, Wizard",All,Both,Head_Top,"bonus bMdef,5;
bonus bCastrate,-10;
bonus bUseSPrate,20;
",,
5139,Hibiscus,Hibiscus,Armor,,20,,200,0,0,0,0,0,,1,10,0,False,All,All,Both,Head_Top,"bonus bDex,1;
bonus bInt,1;
bonus bMdef,5;
",,
5140,Charming_Ribbon,Charming Ribbon,Armor,,20,,400,0,0,1,0,1,,1,10,0,True,All,All,Both,Head_Top,"bonus2 bSubRace,RC_Undead,5;
bonus2 bSubRace,RC_Demon,5;
",,
5141,Marionette_Doll,Marionette Doll,Armor,,20,,400,0,0,0,0,1,,1,30,0,True,All,All,Both,Head_Top,"bonus bStr,1;
",,
5142,Crescent_Helm,Crescent Helm,Armor,,20,,3000,0,0,8,0,0,,1,50,0,True,"Alchemist, Blacksmith, Crusader, Knight, Merchant, Swordman",All,Both,"Head_Mid, Head_Top","bonus bVit,1;
bonus2 bSubRace,RC_DemiHuman,5;
bonus2 bSubRace,RC_Player_Human,5;
",,
5143,Kabuki_Mask,Kabuki Mask,Armor,,20,,1000,0,0,5,0,1,,1,30,0,True,All,All,Both,"Head_Low, Head_Mid, Head_Top","bonus2 bResEff,Eff_Silence,3000;
",,
5144,Gambler_Hat,Gambler Hat,Armor,,20,,200,0,0,2,0,0,,1,0,0,True,All,All,Both,Head_Top,"bonus bLuk,5;
",,
5145,Carnival_Joker_Jester,Carnival Joker Jester,Armor,,10,,100,0,0,0,0,0,,1,0,0,True,All,All,Both,Head_Top,,,
5146,Elephant_Hat,Elephant Hat,Armor,,,,500,0,0,0,0,0,,1,0,0,True,All,All,Both,Head_Top,"bonus bVit,1;
bonus2 bSubRace,RC_Brute,7;
skill ""WZ_WATERBALL"",1;
",,
5147,Baseball_Cap,Baseball Cap,Armor,,,,200,0,0,3,0,1,,1,0,0,True,All,All,Both,Head_Top,,,
5148,Phrygian_Cap,Phrygian Cap,Armor,,,,500,0,0,0,0,0,,1,0,0,True,All,All,Both,Head_Top,"bonus bInt,2;
",,
5149,Silver_Tiara,Silver Tiara,Armor,,,,100,0,0,0,0,0,,1,0,0,True,All,All,Both,Head_Top,"bonus bInt,2;
",,
5150,Joker_Jester_,Joker Jester,Armor,,20,,100,0,0,1,0,0,,1,0,0,False,All,All,Both,Head_Top,"bonus bSpeedRate,25;
",,
5151,Headset_OST,Note Headphones,Armor,,20,,200,0,0,4,0,1,,1,0,0,True,All,All,Both,"Head_Mid, Head_Top","bonus bMdef,3;
bonus2 bResEff,Eff_Stun,1000;
bonus2 bResEff,Eff_Freeze,1000;
",,
5152,Chinese_Crown,Chinese Crown,Armor,,20,,2000,0,0,2,0,0,,1,1,0,True,All,All,Both,"Head_Mid, Head_Top","bonus2 bResEff,Eff_Stun,1000;
bonus bInt,1;
",,
5153,Angeling_Hairpin,Angeling Hairpin,Armor,,20,,700,0,0,3,0,0,,1,0,0,True,All,All,Both,Head_Top,"bonus bFlee,5;
",,
5154,Sunglasses_F,Father's Sunglasses,Armor,,20,,100,0,0,3,0,0,,1,0,0,False,All,All,Both,Head_Mid,,,
5155,Granpa_Beard_F,Father's White Moustache,Armor,,20,,100,0,0,0,0,0,,1,0,0,False,All,All,Both,Head_Low,"bonus bBaseAtk,20;
",,
5156,Flu_Mask_F,Father's Mask,Armor,,20,,100,0,0,0,0,0,,1,0,0,False,All,All,Both,Head_Low,"bonus bMatkRate,1;
",,
5157,Viking_Helm_,Orc Helm,Armor,,20,,500,0,0,5,0,1,,1,0,0,True,"Alchemist, Assassin, Blacksmith, Crusader, Knight, Merchant, Rogue, Swordman, Thief",All,Both,Head_Top,,,
5158,Holy_Bonnet_,Monk Hat,Armor,,30000,,100,0,0,5,0,1,,1,0,0,True,"Acolyte, Monk, Priest",All,Both,Head_Top,"bonus bMdef,3;
",,
5159,Golden_Gear_,Golden Gear,Armor,,20,,900,0,0,5,0,1,,1,40,0,True,All,All,Both,Head_Top,"bonus bUnbreakableHelm;
",,
5160,Magestic_Goat_,Majestic Goat,Armor,,20,,800,0,0,5,0,1,,1,0,0,True,"Alchemist, Blacksmith, Crusader, Knight, Merchant, StarGladiator, Swordman, Taekwon",All,Both,Head_Top,"bonus bStr,1;
",,
5161,Sharp_Gear_,Spiky Band,Armor,,20,,1000,0,0,6,0,1,,1,50,0,True,"Acolyte, Alchemist, Assassin, Blacksmith, Crusader, Knight, Merchant, Monk, Priest, Rogue, StarGladiator, Swordman, Taekwon, Thief",All,Both,Head_Top,,,
5162,Bone_Helm_,Bone Helm,Armor,,20,,800,0,0,7,0,1,,1,70,0,True,"Alchemist, Blacksmith, Crusader, Knight, Merchant, Swordman",All,Both,Head_Top,"bonus2 bSubEle,Ele_Dark,-15;
",,
5163,Corsair_,Corsair,Armor,,20,,500,0,0,5,0,1,,1,0,0,True,All,All,Both,Head_Top,"bonus bVit,1;
",,
5164,Tiara_,Tiara,Armor,,20,,400,0,0,4,0,1,,1,45,0,True,All,All,Both,Head_Top,"bonus bInt,1;
",,
5165,Crown_,Crown,Armor,,20,,400,0,0,4,0,1,,1,45,0,True,All,All,Both,Head_Top,"bonus bInt,1;
",,
5166,Spinx_Helm_,Sphinx Hat,Armor,,20,,3000,0,0,5,0,1,,1,65,0,False,"Crusader, Knight, Swordman",All,Both,"Head_Low, Head_Top","bonus bStr,2;
",,
5167,Munak_Turban_,Munak Hat,Armor,,20,,300,0,0,5,0,1,,1,0,0,False,All,All,Both,"Head_Low, Head_Mid, Head_Top","bonus2 bSubRace,RC_Undead,10;
",,
5168,Bongun_Hat_,Bongun Hat,Armor,,20,,300,0,0,5,0,1,,1,0,0,False,All,All,Both,"Head_Low, Head_Mid, Head_Top",,,
5169,Bride_Mask,Bride Mask,Armor,,30000,,500,0,0,4,0,1,,1,40,0,True,All,All,Both,"Head_Mid, Head_Top","if (BaseClass == Job_Taekwon) {
   bonus bLuk,2;
   bonus bCritical,5;
}
",,
5170,Feather_Beret,Feather Beret,Armor,,30000,,600,0,0,1,0,0,,1,0,0,True,All,All,Both,Head_Top,"bonus bMdef,1;
bonus2 bSubRace,RC_DemiHuman,10;
bonus2 bSubRace,RC_Player_Human,10;
",,
5171,Valkyrie_Helm,Valkyrie Helm,Armor,,100000,,1000,0,0,5,0,1,,1,0,0,True,All,Upper,Both,Head_Top,"bonus bMdef,5;
",,
5172,Beret,Beret,Armor,,30000,,700,0,0,0,0,0,,1,0,0,False,All,All,Both,Head_Top,"bonus2 bSubRace,RC_DemiHuman,10;
bonus2 bSubRace,RC_Player_Human,10;
",,
5173,Satto_Hat,Magistrate Hat,Armor,,30000,,400,0,0,3,0,1,,1,60,0,True,All,All,Both,Head_Top,"if (BaseClass == Job_Taekwon) {
   bonus bAgi,1;
   bonus bHPrecovRate,3;
}
",,
5174,Ayam,Ayam,Armor,,30000,,400,0,0,3,0,1,,1,60,0,True,All,All,Both,Head_Top,"if (BaseClass == Job_Taekwon) {
   bonus bInt,1;
   bonus bSPrecovRate,3;
}
",,
5175,Censor_Bar,Censor Bar,Armor,,30000,,100,0,0,0,0,0,,1,0,0,False,All,All,Both,Head_Mid,"bonus2 bResEff,Eff_Curse,500;
bonus bMdef,1;
bonus bHit,-5;
",,
5176,Hahoe_Mask,Hahoe Mask,Armor,,30000,,100,0,0,2,0,0,,1,30,0,False,All,All,Both,"Head_Low, Head_Mid","if (BaseClass == Job_Taekwon) {
   bonus bLuk,1;
   bonus bFlee2,2;
}
",,
5177,Guardian_Lion_Mask,Mythical Lion Mask,Armor,,30000,,500,0,0,5,0,1,,1,40,0,True,All,All,Both,"Head_Mid, Head_Top","if (BaseClass == Job_Taekwon) {
   bonus bDex,2;
   bonus bBaseAtk,2*getrefine();
   bonus3 bAddEff,Eff_Stun,1000,ATF_SHORT;
}
",,
5178,Candle_,Candle,Armor,,20,,150,0,0,0,0,0,,1,0,0,True,All,All,Both,Head_Top,"bonus bAllStats,1;
",,
5179,Gold_Tiara,Golden Tiara,Armor,,,,100,0,0,0,0,0,,1,0,0,True,All,All,Both,Head_Top,"bonus bInt,2;
",,
5180,Phrygian_Cap_,France Holiday Hat,Armor,,20,,100,0,0,1,0,0,,1,0,0,True,All,All,Both,Head_Top,"bonus bVit,1;
",,
5181,Helm_Of_Darkness,Helm of Darkness,Armor,,20,,2000,0,0,3,0,1,,1,50,0,True,"Alchemist, Assassin, Blacksmith, Crusader, Knight, Merchant, Rogue, Swordman, Thief",All,Both,"Head_Mid, Head_Top","bonus bStr,2;
",,
5182,Puppy_Hat,Puppy Hat,Armor,,20,,500,0,0,2,0,0,,1,30,0,False,All,All,Both,Head_Top,"bonus bAgi,1;
bonus3 bAutoSpell,""PR_GLORIA"",1,10+20*(readparam(bAgi)>=77);
",,
5183,Bird_Nest_Hat,Bird Nest Hat,Armor,,20,,500,0,0,2,0,0,,1,10,0,True,All,All,Both,Head_Top,"bonus bDex,1;
bonus bAgi,1;
bonus2 bResEff,Eff_Stun,1000;
",,
5184,Captain_Hat,Captain's Hat,Armor,,20,,500,0,0,4,0,0,,1,30,0,True,All,All,Both,Head_Top,"bonus2 bSubEle,Ele_Water,5;
",,
5185,Laurel_Wreath,Laurel Wreath,Armor,,20,,100,0,0,1,0,1,,1,10,0,True,All,All,Both,Head_Top,"bonus bLuk,3;
bonus2 bResEff,Eff_Blind,500;
bonus2 bResEff,Eff_Curse,500;
",,
5186,Geographer_Band,Geographer Band,Armor,,20,,500,0,0,1,0,0,,1,30,0,False,All,All,Both,Head_Top,"bonus bInt,1;
bonus3 bAutoSpellWhenHit,""AL_HEAL"",1,50;
",,
5187,Twin_Ribbon,Twin Ribbon,Armor,,20,,200,0,0,0,0,1,,1,30,0,True,All,All,Both,Head_Top,"bonus bMaxSP,30;
bonus bMdef,3;
bonus3 bAutoSpellWhenHit,""NPC_STONESKIN"",6,10;
bonus5 bAutoSpellWhenHit,""NPC_ANTIMAGIC"",6,120,BF_MAGIC,0;
",,
5188,Minstrel_Hat,Wandering Minstrel Hat,Armor,,20,,500,0,0,2,0,0,,1,50,0,True,All,All,Both,Head_Top,"bonus bInt,1;
bonus bDex,1;
",,
5189,Fallen_Leaves,Autumn Leaves,Armor,,20,,100,0,0,0,0,0,,1,0,0,True,All,All,Both,Head_Top,"bonus bMaxHP,40;
bonus bMaxSP,40;
",,
5190,Baseball_Cap_,Independence Memorial Hat,Armor,,20,,20,0,0,3,0,1,,1,0,0,True,All,All,Both,Head_Top,,,
5191,Ribbon_Black,Black Ribbon,Armor,,800,,100,0,0,1,0,1,,1,0,0,True,All,All,Both,Head_Top,"bonus bInt,1;
bonus bMdef,3;
",,
5192,Ribbon_Yellow,Yellow Ribbon,Armor,,800,,100,0,0,1,0,1,,1,0,0,True,All,All,Both,Head_Top,"bonus bMdef,3;
",,
5193,Ribbon_Green,Green Ribbon,Armor,,800,,100,0,0,1,0,1,,1,0,0,True,All,All,Both,Head_Top,"bonus bMdef,3;
",,
5194,Ribbon_Pink,Pink Ribbon,Armor,,800,,100,0,0,1,0,1,,1,0,0,True,All,All,Both,Head_Top,"bonus bMdef,3;
",,
5195,Ribbon_Red,Red Ribbon,Armor,,800,,100,0,0,1,0,1,,1,0,0,True,All,All,Both,Head_Top,"bonus bMdef,3;
",,
5196,Ribbon_Orange,Orange Ribbon,Armor,,800,,100,0,0,1,0,1,,1,0,0,True,All,All,Both,Head_Top,"bonus bMdef,3;
",,
5197,Ribbon_White,White Ribbon,Armor,,800,,100,0,0,1,0,1,,1,0,0,True,All,All,Both,Head_Top,"bonus bMdef,3;
",,
5198,Drooping_Bunny,Drooping Bunny,Armor,,10,,100,0,0,1,0,0,,1,0,0,True,All,All,Both,Head_Top,"bonus bDex,1;
bonus bFlee,2;
",,
5199,Baseball_Cap_I,Baseball Cap,Armor,,,,200,0,0,3,0,0,,1,0,0,True,All,All,Both,Head_Top,,,
5200,Coppola,Coppola,Armor,,10,,300,0,0,0,0,0,,1,0,0,True,All,All,Both,Head_Top,,,
5201,Party_Hat_B,Party Hat,Armor,,20,,300,0,0,3,0,0,,1,0,0,True,All,All,Both,Head_Top,,,
5202,Pumpkin_Hat_,Fantastic Pumpkin-Head,Armor,,20,,200,0,0,2,0,0,,1,0,0,True,All,All,Both,Head_Top,"bonus2 bSubRace,RC_Demon,5;
",,
5203,Tongue_Mask,Smiling Mask,Armor,,20,,200,0,0,2,0,0,,1,0,0,False,All,All,Both,"Head_Low, Head_Mid","bonus bSpeedRate,25;
",,
5204,Event_Pierrot_Nose,Rudolph's Nose,Armor,,20,,100,0,0,0,0,0,,1,0,0,False,All,All,Both,Head_Low,"bonus2 bResEff,Eff_Blind,3000;
bonus2 bAddMonsterDropItem,12130,30;
",,
5205,Wreath,Emperor's Laurel Crown,Armor,,20,,1000,0,0,3,0,0,,1,0,0,True,All,All,Both,"Head_Mid, Head_Top","bonus bAllStats,1;
bonus bMdef,3;
",,
5206,Romantic_White_Flower,Romantic White Flower,Armor,,20,,100,0,0,0,0,0,,1,0,0,False,All,All,Both,Head_Low,"bonus2 bSubRace,RC_Plant,3;
",,
5207,Gold_Spirit_Chain,Angel Blessing,Armor,,20,,100,0,0,0,0,0,,1,0,0,False,All,All,Both,Head_Top,"bonus bLuk,1;
bonus2 bSubEle,Ele_Holy,5;
",,
5208,Rideword_Hat,Rideword Hat,Armor,,20,,300,0,0,2,0,1,,1,40,0,True,All,All,Both,Head_Top,"bonus2 bHPDrainRate,50,8;
bonus2 bSPDrainRate,10,4;
bonus2 bHPLossRate,10,5000;
",,
5209,Yellow_Baseball_Cap,Love Dad Cap,Armor,,20,,300,0,0,2,0,0,,1,0,0,True,All,All,Both,Head_Top,,,
5210,Flying_Angel,Flapping Angel Wing,Armor,,20,,300,0,0,1,0,0,,1,10,0,True,All,All,Both,Head_Top,"bonus bCastrate,-3;
bonus bAspdRate,3;
bonus bInt,1;
bonus bAgi,1;
",,
5211,Dress_Hat,Dress Hat,Armor,,,,200,0,0,2,0,1,,1,20,0,True,All,All,Both,Head_Top,"bonus bMdef,7;
bonus bStr,1;
bonus bInt,1;
bonus2 bAddClass,Class_All,2;
bonus bMAtkRate,2;
bonus bHealPower,5;
if (getrefine()>=7) {
   bonus2 bAddClass,Class_All,1;
   bonus bMAtkRate,1;
   bonus bHealPower,1;
}
",,
5212,Satellite_Hairband,Satellite Hairband,Armor,,,,1000,0,0,3,0,1,,1,30,0,True,All,All,Both,Head_Top,"bonus bMaxHP,50;
bonus bMaxSP,10;
skill ""AL_RUWACH"",1;
",,
5213,Black_Bunny_Band,Sheila Hairnet,Armor,,,,200,0,0,2,0,0,,1,1,0,True,All,All,Both,Head_Top,"bonus bAgi,2;
bonus bMdef,3;
",,
5214,Moonlight_Flower_Hat,Moonlight Flower Hat,Armor,,,,200,0,0,3,0,0,,1,1,0,True,All,All,Both,"Head_Mid, Head_Top","bonus bDex,2;
bonus3 bAutoSpell,""AL_INCAGI"",1,50;
",,
5215,Angelic_Chain_,Evolved Angel Wing,Armor,,20,,100,0,0,2,0,0,,1,0,0,True,All,All,Both,Head_Top,"bonus bMdef,3;
bonus bDex,1;
bonus bInt,1;
bonus2 bSubRace,RC_Demon,3;
",,
5216,Satanic_Chain_,Evolved Evil Wing,Armor,,20,,100,0,0,3,0,0,,1,0,0,True,All,All,Both,Head_Top,"bonus bStr,1;
bonus bAgi,1;
bonus bFlee,3;
bonus2 bSubRace,RC_Angel,3;
",,
5217,Magestic_Goat_TW,Evolved Majestic Goat,Armor,,20,,800,0,0,5,0,0,,1,0,0,True,"Alchemist, Blacksmith, Crusader, Knight, Merchant, StarGladiator, Swordman, Taekwon",All,Both,Head_Top,"bonus bStr,2;
",,
5218,Bunny_Band_,Evolved Bunny Band,Armor,,20,,100,0,0,2,0,0,,1,0,0,True,All,All,Both,Head_Top,"bonus bInt,2;
",,
5219,Drooping_Kitty_,Evolved Drooping Cat,Armor,,250000,,500,0,0,1,0,0,,1,0,0,True,All,All,Both,Head_Top,"bonus bMdef,18;
bonus bFlee,3;
",,
5220,Smoking_Pipe_,Evolved Pipe,Armor,,20,,100,0,0,0,0,0,,1,0,0,False,All,All,Both,Head_Low,"bonus bVit,1;
bonus2 bSubRace,RC_Brute,5;
bonus2 bSubRace,RC_Player_Doram,5;
",,
5221,Pair_Of_Red_Ribbon_,Evolved Pair of Red Ribbon,Armor,,20,,100,0,0,1,0,0,,1,45,0,False,All,All,Both,Head_Mid,"bonus bFlee,5;
",,
5222,Fish_On_Head_,Evolved Blue Fish,Armor,,20,,500,0,0,2,0,0,,1,50,0,True,All,All,Both,Head_Top,"bonus bAgi,1;
bonus bDex,1;
",,
5223,Big_Golden_Bell_,Evolved Big Golden Bell,Armor,,20,,200,0,0,2,0,0,,1,35,0,True,All,All,Both,"Head_Mid, Head_Top","bonus bAgi,2;
",,
5224,Orc_Hero_Helm_TW,Evolved Orc Hero Helm,Armor,,500000,,900,0,0,5,0,0,,1,55,0,True,All,All,Both,"Head_Mid, Head_Top","bonus bStr,2;
bonus bVit,1;
bonus bMaxHPrate,10;
",,
5225,Marcher_Hat,Parade Hat,Armor,,20,,200,0,0,2,0,1,,1,10,0,True,All,All,Both,Head_Top,"bonus bMdef,2;
bonus bStr,2;
bonus4 bAutoSpellWhenHit,""AL_ANGELUS"",5,30,0;
bonus4 bAutoSpellWhenHit,""HP_ASSUMPTIO"",1,1,0;
bonus2 bResEff,Eff_Stun,1000;
if (BaseClass == Job_Acolyte)
   bonus4 bAutoSpellOnSkill,""AL_HEAL"",""PR_LEXAETERNA"",1,1000;
",,
5226,Mini_Propeller_,Mini Propeller,Armor,,20,,200,0,0,2,0,0,,1,0,0,True,All,All,Both,Head_Top,"bonus bAgi,2;
bonus bDex,1;
bonus bFlee,10;
bonus bCastrate,-getrefine();
",,
5227,Red_Deviruchi_Cap,Red Deviruchi Hat,Armor,,20,,800,0,0,2,0,0,,1,64,0,True,All,All,Both,Head_Top,"bonus bStr,1;
bonus bInt,1;
",,
5228,White_Deviruchi_Cap,Gray Deviruchi Hat,Armor,,20,,800,0,0,2,0,0,,1,64,0,True,All,All,Both,Head_Top,"bonus bStr,1;
bonus bInt,1;
",,
5229,Gray_Deviruchi_Cap,Brown Deviruchi Hat,Armor,,20,,800,0,0,2,0,0,,1,64,0,True,All,All,Both,Head_Top,"bonus bStr,1;
bonus bInt,1;
",,
5230,White_Drooping_Kitty,Gray Drooping Cat,Armor,,250000,,500,0,0,1,0,0,,1,0,0,True,All,All,Both,Head_Top,"bonus2 bResEff,Eff_Curse,3000;
bonus bMdef,15;
",,
5231,Gray_Drooping_Kitty,Brown Drooping Cat,Armor,,250000,,500,0,0,1,0,0,,1,0,0,True,All,All,Both,Head_Top,"bonus2 bResEff,Eff_Curse,3000;
bonus bMdef,15;
",,
5232,Pink_Drooping_Kitty,Pink Drooping Cat,Armor,,250000,,500,0,0,1,0,0,,1,0,0,True,All,All,Both,Head_Top,"bonus2 bResEff,Eff_Curse,3000;
bonus bMdef,15;
",,
5233,Blue_Drooping_Kitty,Blue Drooping Cat,Armor,,250000,,500,0,0,1,0,0,,1,0,0,True,All,All,Both,Head_Top,"bonus2 bResEff,Eff_Curse,3000;
bonus bMdef,15;
",,
5234,Yellow_Drooping_Kitty,Yellow Drooping Cat,Armor,,250000,,500,0,0,1,0,0,,1,0,0,True,All,All,Both,Head_Top,"bonus2 bResEff,Eff_Curse,3000;
bonus bMdef,15;
",,
5235,Gray_Fur_Hat,Brown Beanie,Armor,,20,,350,0,0,2,0,0,,1,0,0,True,All,All,Both,Head_Top,"bonus bLuk,1;
",,
5236,Blue_Fur_Hat,Blue Beanie,Armor,,20,,350,0,0,2,0,0,,1,0,0,True,All,All,Both,Head_Top,"bonus bLuk,1;
",,
5237,Pink_Fur_Hat,Pink Beanie,Armor,,20,,350,0,0,2,0,0,,1,0,0,True,All,All,Both,Head_Top,"bonus bLuk,1;
",,
5238,Red_Wizardry_Hat,Red Mage Hat,Armor,,20,,300,0,0,1,0,0,,1,0,0,True,"Mage, Sage, SoulLinker, Wizard",All,Both,Head_Top,"bonus bInt,2;
bonus bMaxSP,150;
",,
5239,White_Wizardry_Hat,Gray Mage Hat,Armor,,20,,300,0,0,1,0,0,,1,0,0,True,"Mage, Sage, SoulLinker, Wizard",All,Both,Head_Top,"bonus bInt,2;
bonus bMaxSP,150;
",,
5240,Gray_Wizardry_Hat,Brown Mage Hat,Armor,,20,,300,0,0,1,0,0,,1,0,0,True,"Mage, Sage, SoulLinker, Wizard",All,Both,Head_Top,"bonus bInt,2;
bonus bMaxSP,150;
",,
5241,Blue_Wizardry_Hat,Blue Mage Hat,Armor,,20,,300,0,0,1,0,0,,1,0,0,True,"Mage, Sage, SoulLinker, Wizard",All,Both,Head_Top,"bonus bInt,2;
bonus bMaxSP,150;
",,
5242,Yellow_Wizardry_Hat,Yellow Mage Hat,Armor,,20,,300,0,0,1,0,0,,1,0,0,True,"Mage, Sage, SoulLinker, Wizard",All,Both,Head_Top,"bonus bInt,2;
bonus bMaxSP,150;
",,
5243,Chullos,Shafka,Armor,,20,,800,0,0,2,0,1,,1,0,0,True,All,All,Both,"Head_Mid, Head_Top","bonus2 bResEff,Eff_Freeze,1000;
",,
5244,Elven_Blindfold,Elven Blindfold,Armor,,20,,200,0,0,1,0,0,,1,0,0,False,All,All,Both,Head_Mid,"bonus2 bResEff,Eff_Blind,10000;
",,
5245,Elven_Sunglasses,Elven Sunglasses,Armor,,20,,200,0,0,1,0,0,,1,0,0,False,All,All,Both,Head_Mid,"bonus2 bResEff,Eff_Blind,500;
",,
5246,Angelic_Helm,Angelic Helm,Armor,,20,,700,0,0,3,0,0,,1,0,0,True,All,All,Both,Head_Top,"bonus bAgi,1;
bonus bLuk,1;
bonus bMdef,3;
bonus2 bSubRace,RC_Demon,5;
",,
5247,Satanic_Helm,Satanic Helm,Armor,,20,,700,0,0,4,0,0,,1,0,0,True,All,All,Both,Head_Top,"bonus bAgi,1;
bonus bLuk,1;
bonus bMdef,3;
bonus2 bSubRace,RC_Demon,5;
",,
5248,Robotic_Blindfold,Robotic Blindfold,Armor,,20,,200,0,0,1,0,0,,1,0,0,False,All,All,Both,Head_Mid,"bonus2 bResEff,Eff_Blind,10000;
",,
5249,Human_Blindfold,Human Blindfold,Armor,,20,,200,0,0,1,0,0,,1,0,0,False,All,All,Both,Head_Mid,"bonus2 bResEff,Eff_Blind,10000;
",,
5250,Robotic_Ears,Robotic Ears,Armor,,20,,10,0,0,0,0,0,,1,0,0,False,All,All,Both,Head_Mid,,,
5251,Round_Ears,Round Ears,Armor,,20,,10,0,0,0,0,0,,1,0,0,False,All,All,Both,Head_Mid,,,
5252,Drooping_Nine_Tail,Drooping Ninetail,Armor,,20,,300,0,0,1,0,0,,1,20,0,True,All,All,Both,Head_Top,"bonus bAgi,1;
bonus bDex,1;
bonus3 bAutoSpellWhenHit,""PR_GLORIA"",1,30;
",,
5253,Lif_Doll_Hat,Lif Doll Hat,Armor,,20,,200,0,0,1,0,1,,1,20,0,True,All,All,Both,Head_Top,"bonus bInt,1;
bonus bMdef,getrefine();
bonus bDef,getrefine()*-1;
",,
5254,Deviling_Hat,Deviling Hat,Armor,,20,,500,0,0,1,0,1,,1,20,0,True,All,All,Both,Head_Top,"bonus bStr,1;
bonus bCritical,3;
bonus2 bSubRace,RC_Angel,-20;
if (getrefine()>=6) {
   bonus bCritical,getrefine()-5;
}
",,
5255,Triple_Poring_Hat,Triple Poring Hat,Armor,,20,,600,0,0,3,0,0,,1,20,0,False,All,All,Both,Head_Top,"bonus bLuk,3;
bonus3 bAutoSpell,""BS_GREED"",1,50;
",,
5256,Valkyrie_Feather_Band,Valkyrie Feather Band,Armor,,20,,100,0,0,1,0,1,,1,20,0,True,All,All,Both,Head_Top,"bonus bInt,1;
bonus3 bAutoSpellWhenHit,""AL_HEAL"",1,10;
",,
5257,Soulless_Wing,Soul Ring,Armor,,20,,300,0,0,2,0,0,,1,20,0,True,All,All,Both,Head_Top,"bonus bMdef,2;
bonus3 bAutoSpellWhenHit,""HP_ASSUMPTIO"",1,10;
",,
5258,Afro_Wig,Afro Wig,Armor,,20,,100,0,0,0,0,1,,1,10,0,True,All,All,Both,"Head_Mid, Head_Top","bonus3 bAutoSpellWhenHit,""NV_FIRSTAID"",1,300;
bonus2 bSubEle,Ele_Neutral,1;
",,
5259,Elephant_Hat_,Elephant Hat,Armor,,20,,500,0,0,3,0,0,,1,0,0,True,All,All,Both,Head_Top,"bonus bVit,1;
bonus3 bAutoSpell,""WZ_WATERBALL"",3,10;
skill ""AL_HOLYWATER"",1;
",,
5260,Cookie_Hat,Cookie Hat,Armor,,20,,500,0,0,2,0,0,,1,0,0,True,All,All,Both,Head_Top,"bonus bAgi,1;
bonus bFlee2,5;
bonus bCritAtkRate,5;
",,
5261,Silver_Tiara_,Silver Tiara,Armor,,20,,500,0,0,2,0,0,,1,0,0,True,All,All,Both,Head_Top,"bonus bInt,2;
if (BaseClass == Job_Mage)
   bonus bMatkRate,(JobLevel/20);
if (BaseClass == Job_Acolyte)
   bonus bUseSPrate,-(JobLevel/10);
if (BaseClass == Job_Archer)
   bonus bMaxSP,(JobLevel*2);
",,
5262,Gold_Tiara_,Golden Tiara,Armor,,20,,500,0,0,2,0,0,,1,0,0,True,All,All,Both,Head_Top,"bonus bStr,2;
bonus bUnbreakableHelm;
if (readparam(bDex)<56 && (BaseClass == Job_Swordman || BaseClass == Job_Merchant || BaseClass == Job_Thief))
   bonus bDex,JobLevel/7;
",,
5263,Ati_Atihan_Hat,Pagdayaw,Armor,,20,,100,0,0,1,0,0,,1,20,0,True,All,All,Both,"Head_Low, Head_Mid, Head_Top","bonus2 bSubEle,Ele_Water,1;
bonus2 bSubEle,Ele_Earth,1;
bonus2 bSubEle,Ele_Fire,1;
bonus2 bSubEle,Ele_Wind,1;
bonus2 bAddEff,Eff_Curse,300;
",,
5264,Aussie_Flag_Hat,Australian Flag Hat,Armor,,20,,500,0,0,4,0,0,,1,0,0,True,All,All,Both,Head_Top,"bonus bAllStats,2;
",,
5265,Apple_Of_Archer_C,Apple of Archer,Armor,,1,,0,0,0,7,0,0,,1,1,0,False,All,All,Both,Head_Top,"bonus bDex,4;
",,
5266,Bunny_Band_C,Bunny Band,Armor,,1,,0,0,0,9,0,0,,1,1,0,False,All,All,Both,Head_Top,"bonus bMdef,5;
bonus2 bSubRace,RC_DemiHuman,10;
bonus2 bSubRace,RC_Player_Human,10;
",,
5267,Sahkkat_C,Sakkat,Armor,,1,,0,0,0,10,0,0,,1,0,0,False,All,All,Both,Head_Top,"bonus bAgi,3;
",,
5268,Lord_Circlet_C,Grand Circlet,Armor,,1,,0,0,0,10,0,0,,1,1,0,False,All,All,Both,Head_Top,"bonus bStr,3;
bonus bInt,3;
bonus bLuk,3;
bonus bMdef,4;
",,
5269,Flying_Angel_,Flapping Angel Wing,Armor,,20,,300,0,0,1,0,0,,1,10,0,True,All,All,Both,Head_Top,"bonus bInt,1;
bonus bAgi,1;
bonus bAspdRate,3;
bonus bSpeedRate,25;
",,
5270,Fallen_Leaves_,Autumn Leaves,Armor,,20,,100,0,0,1,0,1,,1,0,0,True,All,All,Both,Head_Top,"bonus bFlee2,5;
",,
5271,Chinese_Crown_,Phoenix Crown,Armor,,20,,500,0,0,4,0,1,,1,0,0,True,All,All,Both,"Head_Mid, Head_Top","bonus bMdef,3;
bonus2 bSubClass,Class_Boss,getrefine();
",,
5272,Tongue_Mask_,Tongue Mask,Armor,,20,,100,0,0,2,0,0,,1,0,0,False,All,All,Both,"Head_Low, Head_Mid","bonus3 bAutoSpell,""SM_PROVOKE"",5,50;
",,
5273,Happy_Wig,Happy Wig,Armor,,20,,100,0,0,1,0,0,,1,0,0,True,All,All,Both,"Head_Mid, Head_Top","bonus bSpeedRate,25;
bonus bDef,4;
skill ""TF_HIDING"",1;
",,"sc_end SC_HIDING;
"
5274,Shiny_Wig,Shiny Wig,Armor,,20,,100,0,0,1,0,0,,1,0,0,True,All,All,Both,"Head_Mid, Head_Top","bonus bSpeedRate,25;
bonus bDef,4;
skill ""TF_HIDING"",1;
",,"sc_end SC_HIDING;
"
5275,Marvelous_Wig,Marvelous Wig,Armor,,20,,100,0,0,1,0,0,,1,0,0,True,All,All,Both,"Head_Mid, Head_Top","bonus bSpeedRate,25;
bonus bDef,4;
skill ""TF_HIDING"",1;
",,"sc_end SC_HIDING;
"
5276,Fantastic_Wig,Fantastic Wig,Armor,,20,,100,0,0,1,0,0,,1,0,0,True,All,All,Both,"Head_Mid, Head_Top","bonus bSpeedRate,25;
bonus bDef,4;
skill ""TF_HIDING"",1;
",,"sc_end SC_HIDING;
"
5277,Yellow_Bandana,Yellow Bandana,Armor,,20,,100,0,0,1,0,0,,1,20,0,True,All,All,Both,Head_Top,"bonus bLuk,2;
bonus bVit,2;
bonus bLongAtkDef,10;
",,
5278,Yellow_Ribbon,Yellow Ribbon,Armor,,20,,100,0,0,1,0,0,,1,20,0,True,All,All,Both,Head_Top,"bonus bLuk,2;
bonus bVit,2;
bonus bLongAtkDef,10;
",,
5279,Drooping_Kitty_C,Refined Drooping Cat,Armor,,2,,0,0,0,1,0,0,,1,0,0,False,All,All,Both,Head_Top,"bonus bMdef,15;
bonus2 bResEff,Eff_Curse,3000;
",,
5280,Magestic_Goat_C,Baphomet Horns,Armor,,2,,0,0,0,5,0,0,,1,0,0,False,All,All,Both,Head_Top,"bonus bStr,1;
",,
5281,Deviruchi_Cap_C,Refined Deviruchi Hat,Armor,,2,,0,0,0,2,0,0,,1,0,0,False,All,All,Both,Head_Top,"bonus bStr,1;
bonus bInt,1;
",,
5282,euRO_Baseball_Cap,Europe Baseball Cap,Armor,,,,200,0,0,3,0,1,,1,0,0,True,All,All,Both,Head_Top,,,
5283,Chick_Hat,Chick Hat,Armor,,20,,100,0,0,1,0,0,,1,10,0,False,All,All,Both,Head_Top,"bonus bLuk,2;
bonus bMaxHP,50;
bonus bMaxSP,50;
skill ""TF_DOUBLE"",2;
bonus2 bSubRace,RC_DemiHuman,3;
bonus2 bSubRace,RC_Player_Human,3;
",,
5284,Water_Lily_Crown,Water Lily Crown,Armor,,20,,200,0,0,0,0,1,,1,30,0,False,All,All,Both,Head_Top,"bonus bDex,1;
bonus bAgi,1;
bonus bHPrecovRate,5;
bonus bSPrecovRate,3;
",,
5285,Vane_Hairpin,Vane Hairpin,Armor,,20,,300,0,0,3,0,1,,1,30,0,False,All,All,Both,Head_Top,"bonus bAgi,2;
",,
5286,Pecopeco_Hairband,Pecopeco Hairband,Armor,,20,,0,0,0,3,0,0,,1,70,0,False,All,All,Both,Head_Top,"bonus bSpeedRate,25;
bonus bAspdRate,-10;
bonus bCastrate,25;
",,
5287,Vacation_Hat,Vacation Hat,Armor,,20,,200,0,0,1,0,1,,1,30,0,False,All,All,Both,Head_Top,"bonus bVit,1;
",,
5288,Red_Glasses,Red Glasses,Armor,,20,,0,0,0,1,0,0,,1,0,0,False,All,All,Both,Head_Mid,"bonus bInt,1;
",,
5289,Vanilmirth_Hat,Vanilmirth Hat,Armor,,20,,100,0,0,0,0,0,,1,30,0,False,All,All,Both,Head_Top,"bonus bUnbreakableHelm;
bonus3 bAutoSpell,""MG_FIREBOLT"",1,10;
bonus3 bAutoSpell,""MG_COLDBOLT"",1,10;
bonus3 bAutoSpell,""MG_LIGHTNINGBOLT"",1,10;
bonus bMdef,5;
",,
5290,Drooping_Bunny_,Drooping Bunny,Armor,,20,,100,0,0,1,0,0,,1,0,0,True,All,All,Both,Head_Top,"bonus bDex,1;
bonus bFlee,2;
",,
5291,Kettle_Hat,Kettle Hat,Armor,,20,,600,0,0,4,0,0,,1,30,0,True,All,All,Both,Head_Top,"bonus4 bAutoSpell,""SA_DELUGE"",2,10,0;
bonus3 bAutoSpell,""WZ_WATERBALL"",3,10;
",,
5292,Dragon_Skull,Dragon Skull,Armor,,20,,800,0,0,5,0,0,,1,50,0,True,All,All,Both,Head_Top,"bonus2 bSubRace,RC_Dragon,5;
",,
5293,Ramen_Hat,Ramen Hat,Armor,,20,,0,0,0,1,0,0,,1,0,0,False,All,All,Both,Head_Top,"bonus bDex,4;
bonus4 bAutoSpellWhenHit,""AL_DECAGI"",1,30,1;
",,
5294,Whisper_Mask,Whisper Mask,Armor,,20,,0,0,0,0,0,0,,1,0,0,False,All,All,Both,"Head_Low, Head_Mid, Head_Top","bonus bAgi,3;
bonus2 bSubEle,Ele_Ghost,-10;
",,
5295,Golden_Bandana,Golden Bandana,Armor,,20,,2400,0,0,4,0,0,,1,0,0,False,All,All,Both,"Head_Mid, Head_Top","bonus bMdef,4;
",,
5296,Drooping_Nine_Tail_,Drooping Nine Tail,Armor,,20,,300,0,0,1,0,1,,1,0,0,True,All,All,Both,Head_Top,"bonus bAgi,1;
bonus bCritical,1;
",,
5297,Soulless_Wing_,Soul Wing,Armor,,20,,300,0,0,2,0,1,,1,0,0,True,All,All,Both,Head_Top,"bonus bAllStats,1;
bonus2 bSPRegenRate,2,10000;
",,
5298,Marvelous_Wig_,Dokebi's Wig,Armor,,20,,100,0,0,1,0,1,,1,0,0,True,All,All,Both,"Head_Mid, Head_Top","bonus2 bSubEle,Ele_Neutral,5;
bonus2 bSubEle,Ele_Fire,-5;
bonus2 bSubEle,Ele_Water,-5;
",,
5299,Ati_Atihan_Hat_,Pagdayaw,Armor,,20,,100,0,0,1,0,1,,1,0,0,False,All,All,Both,"Head_Low, Head_Mid, Head_Top","bonus3 bAutoSpell,""DC_SCREAM"",1,50;
",,
5300,Bullock_Helm,Bullock Helm,Armor,,20,,800,0,0,2,0,0,,1,45,0,True,All,All,Both,Head_Top,"bonus bMaxHP,100;
",,
5301,Russian_Ribbon,Victory Hairband,Armor,,,,100,0,0,0,0,0,,1,0,0,True,All,All,Both,Head_Top,,,
5302,Lotus_Flower_Hat,Flower Lily,Armor,,,,100,0,0,1,0,0,,1,30,0,True,All,All,Both,Head_Top,,,
5303,Flower_Coronet,Flower Crown,Armor,,20,,300,0,0,1,0,0,,1,0,0,True,All,All,Both,Head_Top,"bonus bMdef,3;
bonus bMaxHP,50;
",,
5304,Cap_Of_Blindness,Cap Of Blindness,Armor,,20,,800,0,0,4,0,1,,1,50,0,True,All,All,Both,"Head_Low, Head_Mid, Head_Top","bonus2 bResEff,Eff_Curse,700;
bonus2 bResEff,Eff_Blind,10000;
",,
5305,Pirate_Dagger,Pirate Dagger,Armor,,20,,100,0,0,0,0,0,,1,0,0,False,All,All,Both,Head_Low,"bonus bBaseAtk,5;
",,
5306,Freyja_Crown,Freya's Crown,Armor,,,,500,0,0,12,0,0,,1,0,0,False,All,All,Both,Head_Top,"bonus2 bSubRace,RC_DemiHuman,5;
bonus2 bSubRace,RC_Player_Human,5;
",,
5307,Carmen_Miranda's_Hat,Carmen Miranda's Hat,Armor,,20,,400,0,0,3,0,0,,1,0,0,True,All,All,Both,Head_Top,"bonus bMdef,3;
bonus3 bAutoSpellWhenHit,""DC_WINKCHARM"",1,50;
",,
5308,Brazilian_Flag_Hat,Brazil National Flag Hat,Armor,,20,,300,0,0,3,0,1,,1,0,0,True,All,All,Both,Head_Top,"bonus bSpeedAddRate,25;
",,
5309,Mahican,Wool Mask,Armor,,20,,200,0,0,1,0,0,,1,0,0,True,All,All,Both,"Head_Low, Head_Mid, Head_Top","skill ""RG_GRAFFITI"",1;
",,
5310,Bulb_Hairband,Shining Electric Bulb Hairband,Armor,,20,,100,0,0,3,0,1,,1,0,0,True,All,All,Both,Head_Top,"bonus2 bSubEle,Ele_Dark,10;
skill ""MG_SIGHT"",1;
",,"sc_end SC_SIGHT;
"
5311,Large_Hibiscus,Large Hisbiscus,Armor,,20,,100,0,0,1,0,1,,1,0,0,True,All,All,Both,Head_Top,"bonus bMdef,15;
",,
5312,Ayothaya_Hat,Ayothaya King's Hat,Armor,,20,,100,0,0,5,0,1,,1,0,0,True,"Alchemist, Assassin, Blacksmith, Crusader, Knight, Merchant, Rogue, Swordman, Thief",All,Both,Head_Top,"bonus bStr,1;
bonus2 bAddRace,RC_DemiHuman,5;
bonus2 bAddRace,RC_Player_Human,5;
",,
5313,Diadem,Diadem,Armor,,20,,100,0,0,3,0,1,,1,0,0,True,All,All,Both,"Head_Mid, Head_Top","bonus bInt,1;
bonus bMatkRate,3;
bonus bCastrate,-3;
",,
5314,Hockey_Mask,Hockey Mask,Armor,,20,,100,0,0,1,0,0,,1,50,0,False,All,All,Both,"Head_Low, Head_Mid","bonus2 bAddRace,RC_DemiHuman,5;
bonus2 bAddRace,RC_Player_Human,5;
",,
5315,Observer,Observer,Armor,,20,,100,0,0,1,0,0,,1,35,0,False,All,All,Both,Head_Mid,"skill ""WZ_ESTIMATION"",1;
",,
5316,Umbrella_Hat,Umbrella Hat,Armor,,20,,100,0,0,2,0,0,,1,50,0,True,All,All,Both,Head_Top,"bonus2 bSubEle,Ele_Water,3;
",,
5317,Fisherman_Hat,Fisherman's Hat,Armor,,20,,100,0,0,2,0,0,,1,50,0,True,All,All,Both,Head_Top,"bonus3 bAutoSpell,""WZ_WATERBALL"",3,50;
",,
5318,Poring_Party_Hat,Poring Party Hat,Armor,,20,,0,0,0,2,0,0,,1,0,0,True,All,All,Both,Head_Top,"bonus bAllStats,3;
",,
5319,Hellomother_Hat,Hello Mother Hat,Armor,,20,,200,0,0,2,0,0,,1,10,0,True,All,All,Both,Head_Top,"bonus bLuk,3;
",,
5320,Champion_Wreath,Champion Wreath,Armor,,20,,500,0,0,4,0,0,,1,0,0,True,All,All,Both,Head_Top,"bonus bAllStats,2;
bonus4 bAutoSpellWhenHit,""AL_HEAL"",1,50,0;
",,
5321,Indonesian_Bandana,Bandana Merah Putih,Armor,,20,,500,0,0,2,0,0,,1,0,0,True,All,All,Both,Head_Top,,,
5322,Scarf,Kerchief,Armor,,20,,100,0,0,2,0,0,,1,24,0,True,All,All,Both,Head_Top,"bonus bMdef,2;
bonus bFlee,5;
",,
5323,Misstrance_Crown,Misstrance Crown,Armor,,20,,0,0,0,10,0,0,,1,0,0,False,All,All,Both,Head_Top,"bonus bAllStats,2;
",,
5324,Little_Angel_Doll,Little Angel Doll,Armor,,20,,300,0,0,2,0,0,,1,10,0,True,All,All,Both,Head_Top,"bonus bDex,3;
bonus4 bAutoSpellWhenHit,""CR_GRANDCROSS"",3,30,0;
",,
5325,Robo_Eye,Robo Eye,Armor,,20,,200,0,0,2,0,0,,1,10,0,False,All,All,Both,Head_Mid,"bonus2 bAddClass,Class_All,2;
bonus bMatkRate,2;
bonus bDex,1;
",,
5326,Masquerade_C,Masquerade C,Armor,,1,,0,0,0,1,0,0,,1,0,0,False,All,All,Both,Head_Mid,"bonus2 bAddRace,RC_DemiHuman,7;
bonus2 bAddRace,RC_Player_Human,7;
",,
5327,Orc_Hero_Helm_C,Refined Helmet of Orc Hero,Armor,,1,,0,0,0,10,0,0,,1,0,0,False,All,All,Both,"Head_Mid, Head_Top","bonus bStr,5;
bonus bVit,3;
",,
5328,Evil_Wing_Ears_C,Evil Wing Ears C,Armor,,1,,0,0,0,2,0,0,,1,0,0,False,All,All,Both,Head_Mid,"bonus bStr,1;
",,
5329,Dark_Blindfold_C,Dark Blindfold C,Armor,,1,,0,0,0,1,0,0,,1,0,0,False,All,All,Both,Head_Mid,"bonus2 bResEff,Eff_Blind,10000;
bonus2 bResEff,Eff_Stun,500;
",,
5330,kRO_Drooping_Kitty_C,kRO Drooping Kitty C,Armor,,1,,0,0,0,6,0,0,,1,0,0,False,All,All,Both,Head_Top,"bonus bMdef,15;
bonus2 bResEff,Eff_Curse,4000;
bonus2 bResEff,Eff_Curse,1000;
",,
5331,Corsair_C,Corsair C,Armor,,1,,0,0,0,10,0,0,,1,0,0,False,All,All,Both,Head_Top,"bonus bVit,3;
bonus bInt,3;
",,
5332,Loki_Mask,Loki Mask,Armor,,,,200,0,0,0,0,0,,1,20,0,False,All,All,Both,"Head_Low, Head_Mid","bonus bFlee2,3;
",,
5333,Radio_Antenna,Radio Antenna,Armor,,,,1500,0,0,2,0,0,,1,50,0,True,All,All,Both,Head_Top,"bonus bMdef,5;
bonus bCritical,5;
bonus bFlee,5;
skill ""MG_LIGHTNINGBOLT"",1;
bonus4 bAutoSpellWhenHit,""MG_THUNDERSTORM"",5,30,1;
",,
5334,Angeling_Wanna_Fly,Flapping Angeling,Armor,,,,700,0,0,0,0,0,,1,38,0,False,All,All,Both,Head_Top,"bonus bLuk,2;
bonus bMdef,2;
",,
5335,Jumping_Poring,Jumping Poring,Armor,,,,300,0,0,2,0,0,,1,0,0,False,All,All,Both,Head_Top,"bonus bLuk,1;
bonus bUnbreakableHelm;
",,
5336,Guildsman_Recruiter,Guildsman Recruiter Hat,Armor,,,,0,0,0,2,0,0,,1,10,0,True,All,All,Both,Head_Top,,,
5337,Party_Recruiter_Hat,Party Recruiter Hat,Armor,,,,0,0,0,2,0,0,,1,10,0,True,All,All,Both,Head_Top,,,
5338,Bf_Recruiter_Hat,Bf Recruiter Hat,Armor,,,,0,0,0,2,0,0,,1,10,0,True,All,All,Both,Head_Top,,,
5339,Friend_Recruiter_Hat,Friend Recruiter Hat,Armor,,,,0,0,0,2,0,0,,1,10,0,True,All,All,Both,Head_Top,,,
5340,Deprotai_Doll_Hat,Defolty Doll Hat,Armor,,,,500,0,0,0,0,1,,1,60,0,False,All,All,Both,Head_Top,"bonus2 bSubRace,RC_DemiHuman,5;
bonus2 bSubRace,RC_Player_Human,5;
bonus bStr,2;
bonus3 bAutoSpellWhenHit,""AL_ANGELUS"",10,20;
",,
5341,Claris_Doll_Hat,Glaris Doll Hat,Armor,,,,500,0,0,0,0,1,,1,60,0,False,All,All,Both,Head_Top,"bonus2 bSubRace,RC_DemiHuman,5;
bonus2 bSubRace,RC_Player_Human,5;
bonus bInt,2;
bonus bMagicHPGainValue,50;
",,
5342,Sorin_Doll_Hat,Sorin Doll Hat,Armor,,,,500,0,0,0,0,1,,1,60,0,False,All,All,Both,Head_Top,"bonus2 bSubRace,RC_DemiHuman,5;
bonus2 bSubRace,RC_Player_Human,5;
bonus bDex,2;
autobonus ""{ bonus bBaseAtk,50; }"",20,10000,0,""{ specialeffect2 EF_POTION_BERSERK; }"";
",,
5343,Tayelin_Doll_Hat,Telling Doll Hat,Armor,,,,500,0,0,0,0,1,,1,60,0,False,All,All,Both,Head_Top,"bonus2 bSubRace,RC_DemiHuman,5;
bonus2 bSubRace,RC_Player_Human,5;
bonus bAgi,2;
bonus2 bAddItemHealRate,504,10;
bonus2 bAddItemHealRate,547,10;
",,
5344,Binit_Doll_Hat,Bennit Doll Hat,Armor,,,,500,0,0,0,0,1,,1,60,0,False,All,All,Both,Head_Top,"bonus2 bSubRace,RC_DemiHuman,5;
bonus2 bSubRace,RC_Player_Human,5;
bonus bVit,2;
autobonus ""{ bonus bAspdRate,5; }"",20,30000,0,""{ specialeffect2 EF_HASTEUP; }"";
",,
5345,Debril_Doll_Hat,W Doll Hat,Armor,,,,500,0,0,0,0,1,,1,60,0,False,All,All,Both,Head_Top,"bonus2 bSubRace,RC_DemiHuman,5;
bonus2 bSubRace,RC_Player_Human,5;
bonus bLuk,2;
bonus2 bAddRace,RC_Undead,5;
bonus2 bMagicAddRace,RC_Undead,5;
bonus2 bSubRace,RC_Undead,5;
",,
5346,Gf_Recruiter_Hat,Gf Recruiter Hat,Armor,,,,0,0,0,2,0,0,,1,10,0,True,All,All,Both,Head_Top,,,
5347,Ph.D_Hat_,Ph.D Hat,Armor,,20,,200,0,0,3,0,1,,1,0,0,True,All,All,Both,Head_Top,,,
5348,Big_Sis'_Ribbon_,Big Ribbon,Armor,,15000,,200,0,0,2,0,1,,1,0,0,True,All,All,Both,Head_Top,"bonus bMdef,3;
",,
5349,Boy's_Cap_,Boy's Cap,Armor,,20,,100,0,0,2,0,1,,1,0,0,True,All,All,Both,Head_Top,,,
5350,Pirate_Bandana_,Pirate Bandana,Armor,,20,,100,0,0,3,0,1,,1,0,0,True,All,All,Both,Head_Top,"bonus bStr,1;
",,
5351,Sunflower_,Sunflower,Armor,,20,,100,0,0,1,0,1,,1,0,0,False,All,All,Both,Head_Top,"bonus2 bSubRace,RC_Insect,10;
",,
5352,Poporing_Cap,Poporing Cap,Armor,,20,,700,0,0,2,0,0,,1,38,0,True,All,All,Both,Head_Top,,,
5353,Helm_Of_Sun_,Hat of the Sun God,Armor,,20,,2400,0,0,4,0,1,,1,0,0,True,"Alchemist, Assassin, BardDancer, Blacksmith, Crusader, Hunter, Knight, Monk, Priest, Rogue, Sage, SoulLinker, StarGladiator, Wizard",All,Both,"Head_Mid, Head_Top","bonus bStr,3;
bonus bInt,2;
",,
5354,Muslim_Hat_M,Muslim Hat M,Armor,,,,100,0,0,2,0,0,,1,0,0,False,All,All,Both,Head_Top,"bonus bCastrate,-5;
",,
5355,Muslim_Hat_F,Selendang,Armor,,,,100,0,0,2,0,0,,1,0,0,False,All,All,Both,Head_Top,"bonus bCastrate,-5;
",,
5356,Pumpkin_Hat_H,Festival Pumpkin Hat,Armor,,20,,200,0,0,2,0,0,,1,0,0,True,All,All,Both,Head_Top,"bonus2 bSubRace,RC_Demon,5;
bonus2 bAddRace,RC_Demon,5;
",,
5357,Wings_Of_Victory,Wings Of Victory,Armor,,20,,200,0,0,10,0,0,,1,0,0,False,All,All,Both,"Head_Mid, Head_Top","bonus bMdef,10;
bonus bUnbreakableHelm;
",,
5358,Pecopeco_Wing_Ears,Peco Ears,Armor,,20,,100,0,0,1,0,0,,1,70,0,False,All,All,Both,Head_Mid,"bonus bAgi,1;
bonus bMdef,2;
bonus bUnbreakableHelm;
",,
5359,J_Captain_Hat,Ship Captain Hat,Armor,,20,,300,0,0,3,0,1,,1,60,0,True,All,All,Both,Head_Top,"bonus bDex,1;
bonus bLongAtkRate,7;
bonus bMaxHP,100;
",,
5360,Whikebain_Ears,Hyuke's Black Cat Ears,Armor,,20,,200,0,0,2,0,0,,1,45,0,True,All,All,Both,Head_Top,"bonus bFlee,10;
bonus bCritical,3;
bonus bCritAtkRate,10;
bonus bDefRate,-50;
bonus bDef2Rate,-50;
",,
5361,Gang_Scarf,Gangster Scarf,Armor,,20,,100,0,0,0,0,0,,1,60,0,False,All,All,Both,Head_Low,"bonus bBaseAtk,5;
if (BaseJob == Job_Rogue)
   skill ""RG_GANGSTER"",1;
",,
5362,Ninja_Scroll,Ninja Scroll,Armor,,20,,200,0,0,0,0,0,,1,60,0,False,All,All,Both,Head_Low,"bonus bMatkRate,1;
",,
5363,Helm_Of_Abyss,Helm Of Abyss,Armor,,20,,1000,0,0,2,0,1,,1,70,0,True,"Alchemist, Assassin, Blacksmith, Crusader, Knight, Merchant, Rogue, Swordman, Thief",All,Both,Head_Top,"bonus2 bSubRace,RC_DemiHuman,-10;
bonus2 bSubRace,RC_Player_Human,-10;
bonus2 bSubClass,Class_Boss,10;
",,
5364,Dark_Snake_Lord_Hat,Evil Snake Lord Hat,Armor,,20,,500,0,0,2,0,1,,1,60,0,True,All,All,Both,Head_Top,"bonus bStr,1;
bonus bInt,1;
bonus bAgi,2;
",,
5365,Fried_Egg,Magnolia Hat,Armor,,20,,100,0,0,3,0,1,,1,1,0,False,All,All,Both,Head_Top,"bonus2 bResEff,Eff_Stun,500;
skill ""HT_FLASHER"",1;
",,
5366,Hat_0f_King,Love Dad Bandana,Armor,,20,,200,0,0,3,0,0,,1,0,0,True,All,All,Both,Head_Top,"bonus bAllStats,5;
",,
5367,Hyegun_Hat,Hyegun Hat,Armor,,20,,100,0,0,5,0,1,,1,10,0,False,All,All,Both,"Head_Low, Head_Mid, Head_Top","bonus bMdef,3;
bonus2 bSubRace,RC_Demon,10;
",,
5368,White_Wing,White Wing,Armor,,20,,100,0,0,2,0,0,,1,0,0,True,All,All,Both,Head_Top,"bonus2 bAddMonsterDropItem,12280,300;
",,
5369,Dark_Wing,Dark Wing,Armor,,20,,100,0,0,1,0,0,,1,0,0,True,All,All,Both,Head_Top,"bonus2 bAddMonsterDropItem,12279,300;
",,
5370,Orchid_Hairband,Orchid Hairband,Armor,,20,,200,0,0,1,0,0,,1,0,0,True,All,All,Both,Head_Top,"bonus bInt,1;
",,
5371,Hat_Of_Judge,Judge Hat,Armor,,20,,300,0,0,2,0,0,,1,0,0,True,All,All,Both,"Head_Mid, Head_Top","bonus bLuk,1;
bonus bMaxSP,30;
",,
5372,Drooping_White_Kitty,Koneko Hat,Armor,,20,,500,0,0,1,0,0,,1,0,0,True,All,All,Both,Head_Top,"bonus bInt,1;
bonus bDelayRate,-3;
bonus bMatkRate,3;
bonus bMaxSPrate,3;
bonus bMdef,3;
",,
5373,Darkness_Helm,Dark Randgris Helm,Armor,,20,,300,0,0,2,0,1,,1,0,0,True,All,All,Both,"Head_Mid, Head_Top","bonus bDex,3;
bonus bMdef,1;
",,
5374,L_Magestic_Goat,Gigantic Majestic Goat,Armor,,20,,800,0,0,5,0,0,,1,0,0,True,All,All,Both,Head_Top,"bonus2 bAddRace,RC_DemiHuman,12;
bonus2 bAddRace,RC_Player_Human,12;
bonus bBaseAtk,(JobLevel*2)/7;
",,
5375,L_Orc_Hero_Helm,Orc Hero Headdress,Armor,,20,,900,0,0,5,0,1,,1,0,0,True,All,All,Both,"Head_Mid, Head_Top","bonus bStr,2;
bonus3 bAutoSpellWhenHit,""BS_WEAPONPERFECT"",3,10;
",,
5376,Satanic_Chain_P,Flying Evil Wing,Armor,,20,,100,0,0,3,0,1,,1,0,0,True,All,All,Both,Head_Top,"bonus bMaxSP,120;
bonus2 bAddEff2,Eff_Curse,300;
",,
5377,Antique_Pipe,Gentleman's Pipe,Armor,,20,,100,0,0,0,0,0,,1,0,0,False,All,All,Both,Head_Low,"bonus2 bSubRace,RC_DemiHuman,2;
bonus2 bSubRace,RC_Player_Human,2;
",,
5378,Rabbit_Ear_Hat,Bunny Top Hat,Armor,,20,,300,0,0,0,0,0,,1,0,0,True,All,All,Both,Head_Top,"bonus bAgi,3;
bonus3 bAutoSpellWhenHit,""AL_INCAGI"",5,10;
",,
5379,Balloon_Hat,Tam,Armor,,,,800,0,0,3,0,1,,1,50,0,True,All,All,Both,Head_Top,"bonus bMdef,2;
bonus bMatkRate,2+(getrefine()/2);
",,
5380,Fish_Head_Hat,Fish Head Hat,Armor,,20,,400,0,0,1,0,0,,1,0,0,True,All,All,Both,Head_Top,"bonus3 bAutoSpell,""SA_FROSTWEAPON"",1,5;
",,
5381,Santa_Poring_Hat,Santa Poring Hat,Armor,,20,,100,0,0,2,0,1,,1,0,0,False,All,All,Both,Head_Top,"bonus bMdef,2;
bonus2 bAddEle,Ele_Dark,3;
bonus2 bSubEle,Ele_Dark,3;
",,
5382,Bell_Ribbon,Bell Ribbon,Armor,,20,,200,0,0,3,0,1,,1,0,0,True,All,All,Both,Head_Top,"bonus bVit,1;
skill ""AL_ANGELUS"",1;
",,
5383,Hunting_Cap,Hunter's Cap,Armor,,20,,250,0,0,3,0,1,,1,50,0,True,All,All,Both,Head_Top,"bonus bLuk,1;
bonus2 bAddRace,RC_Brute,10;
bonus2 bAddRace,RC_Player_Doram,10;
bonus2 bAddRace,RC_DemiHuman,5;
bonus2 bAddRace,RC_Player_Human,5;
",,
5384,Santa_Hat_1,Twin Pompom By JB,Armor,,20,,200,0,0,1,0,1,,1,20,0,True,All,All,Both,Head_Top,"bonus bLuk,3;
skill ""WZ_ESTIMATION"",1;
bonus3 bAutoSpell,""AL_INCAGI"",1,500;
",,
5385,Yoyo_Hat,Yoyo Hat,Armor,,20,,300,0,0,1,0,0,,1,20,0,True,All,All,Both,Head_Top,"skill ""TF_HIDING"", 1;
",,"sc_end SC_HIDING;
"
5386,Ayam_,Ayam,Armor,,,,70,0,0,7,0,0,,1,1,0,False,All,All,Both,Head_Top,"bonus bMdef,7;
bonus bFlee,7;
bonus2 bAddMonsterDropItem,12198,200;
",,
5387,Neko_Mimi_Kafra,Neko Mimi Kafra,Armor,,20,,200,0,0,1,0,1,,1,30,0,True,All,All,Both,Head_Top,"bonus bMdef,5;
",,
5388,Snake_Head,Snake Head Hat,Armor,,20,,200,0,0,1,0,1,,1,30,0,True,All,All,Both,Head_Top,"skill ""TF_DOUBLE"",5;
",,
5389,Angel_Spirit,Angel Spirit,Armor,,20,,200,0,0,0,0,0,,1,30,0,False,All,All,Both,Head_Mid,"bonus bStr,2;
bonus bHit,15;
",,
5390,Santa_Hat_2,Frozen Twin Pompom,Armor,,20,,100,0,0,2,0,0,,1,0,0,True,All,All,Both,Head_Top,"bonus2 bResEff, Eff_Freeze, 3000;
",,
5391,Toast_C,Toast,Armor,,20,,0,0,0,0,0,0,,1,0,0,False,All,All,Both,Head_Low,"bonus bMaxHP,100;
bonus2 bAddMonsterDropItem,617,10;
",,
5392,Louyang_Cap,Luoyang NewYear Hat,Armor,,20,,300,0,0,3,0,1,,1,0,0,True,All,All,Both,Head_Top,"bonus bLuk,2;
",,
5393,Valentine_Hat,Love Valentine's Hat,Armor,,20,,200,0,0,2,0,0,,1,0,0,False,All,All,Both,Head_Top,"bonus bMaxSPrate, 7;
bonus bMaxHPrate, 7;
",,
5394,Bubblegum_Lower,Bubblegum,Armor,,,,0,0,0,0,0,0,,1,0,0,False,All,All,Both,Head_Low,,,
5395,Tiraya_Bonnet,Striped Hat,Armor,,20,,500,0,0,2,0,1,,1,50,0,True,All,All,Both,Head_Top,"bonus bMaxHP,100+(getrefine()*20);
bonus bLuk,3;
",,
5396,Jasper_Crest,Jasper Crest,Armor,,20,,700,0,0,2,0,1,,1,0,0,True,All,All,Both,Head_Top,"bonus bDex,3;
bonus bVit,1;
",,
5397,Scuba_Mask,Scuba Gear,Armor,,20,,100,0,0,0,0,0,,1,0,0,False,All,All,Both,Head_Mid,"bonus2 bSubEle,Ele_Water, 10;
bonus bUnbreakableHelm, 0;
",,
5398,Bone_Head,Bone Head,Armor,,20,,1200,0,0,5,0,1,,1,85,0,True,"Alchemist, Blacksmith, Crusader, Knight, Merchant, Swordman",Upper,Both,Head_Top,"bonus bStr,2;
bonus bMdef,5;
bonus2 bResEff,Eff_Stun,500;
bonus2 bResEff,Eff_Bleeding,500;
",,
5399,Mandragora_Cap,Mandragora Cap,Armor,,20,,300,0,0,1,0,1,,1,85,0,False,"Alchemist, Assassin, BardDancer, Blacksmith, Crusader, Hunter, Knight, Monk, Priest, Rogue, Sage, SoulLinker, StarGladiator, Wizard",Upper,Both,Head_Top,"bonus bVit,3;
bonus3 bAutoSpellWhenHit,""DC_SCREAM"",5,30;
",,
5400,Fox_Hat,Fox Hat,Armor,,20,,200,0,0,0,0,0,,1,0,0,False,All,All,Both,"Head_Low, Head_Mid, Head_Top","bonus bLuk,1;
",,
5401,Black_Glasses,Black Frame Glasses,Armor,,20,,200,0,0,1,0,0,,1,70,0,False,All,All,Both,Head_Mid,"bonus bInt,1;
bonus bMdef,2;
bonus bUnbreakableHelm, 0;
",,
5402,Mischievous_Fairy,Mischievous Fairy,Armor,,10,,200,0,0,1,0,0,,1,70,0,False,All,All,Both,Head_Mid,"bonus bUnbreakableHelm, 0;
bonus bFlee2, 3;
",,
5403,Fish_In_Mouth,Fish In Mouth,Armor,,10,,200,0,0,0,0,0,,1,30,0,False,All,All,Both,Head_Low,"bonus2 bAddMonsterDropItem,579,500;
bonus2 bAddItemHealRate,579,25;
",,
5404,Blue_Ribbon,Blue Ribbon,Armor,,10,,100,0,0,1,0,1,,1,45,0,True,All,All,Both,Head_Top,"bonus4 bAutoSpellWhenHit,""AC_CONCENTRATION"",2,7,0;
",,
5405,Filir_Hat,Filir Hat,Armor,,10,,200,0,0,0,0,0,,1,80,0,False,All,All,Both,Head_Top,"bonus bShortWeaponDamageReturn, 1;
",,
5406,Academy_Freshman_Hat,Academy Freshman Hat,Armor,,,,500,0,0,2,0,0,,1,0,0,True,All,All,Both,Head_Top,"bonus bMaxHP,80;
bonus bMaxSP,10;
",,
5407,Academy_Graduating_Cap,Academy Completion Hat,Armor,,,,200,0,0,2,0,1,,1,0,0,True,All,All,Both,Head_Top,"bonus bMaxSP,30;
",,
5408,Old_Bandanna,Old Bandana,Armor,,,,0,0,0,5,0,0,,1,0,0,False,All,All,Both,Head_Top,"bonus bInt,2;
bonus bMaxSP,50;
bonus bCastrate,10;
",,
5409,New_Cowboy_Hat,Purple Cowboy Hat,Armor,,20,,500,0,0,4,0,1,,1,0,0,True,All,All,Both,Head_Top,"bonus bInt,2;
bonus bVit,2;
bonus bMaxSP,50;
",,
5410,Bread_Bag2,Brown Paperbag Hat,Armor,,20,,200,0,0,6,0,0,,1,0,0,False,All,All,Both,"Head_Low, Head_Mid, Head_Top","bonus bMaxHP,100;
bonus2 bResEff, Eff_Stun, 400;
bonus2 bSubRace,RC_DemiHuman,4;
bonus2 bSubRace,RC_Player_Human,4;
",,
5411,White_Snake_Hat,White Snake Hat,Armor,,20,,500,0,0,2,0,0,,1,0,0,True,All,All,Both,Head_Top,"bonus bDex,2;
",,
5412,Sweet_Candy,Sweet Candy,Armor,,20,,100,0,0,1,0,0,,1,0,0,False,All,All,Both,Head_Low,"bonus bUnbreakableHelm, 0;
",,
5413,Popcorn_Hat,Pop Corn Hat,Armor,,20,,300,0,0,2,0,0,,1,0,0,False,All,All,Both,Head_Top,"bonus2 bSubEle,Ele_Wind, 10;
",,
5414,Campfire_Hat,Camp Fire Hat,Armor,,20,,300,0,0,2,0,0,,1,0,0,False,All,All,Both,Head_Top,"bonus2 bSubEle,Ele_Fire,10;
bonus4 bAutoSpellWhenHit,""MG_FIREBALL"",5,100,1;
",,
5415,Poring_Cake_Cap,Poring Cake Hat,Armor,,20,,1000,0,0,5,0,0,,1,40,0,True,All,All,Both,Head_Top,"bonus bMdef,5;
bonus bCritical,5;
bonus bFlee,5;
bonus bFlee2,5;
bonus bAspdRate,5;
bonus bCastrate,-5;
bonus bDelayRate,-5;
",,
5416,Beer_Cap,Beer Hat,Armor,,20,,600,0,0,2,0,0,,1,18,0,True,All,All,Both,Head_Top,"bonus bFlee2,5;
skill ""SM_RECOVERY"",3;
skill ""MG_SRECOVERY"",3;
",,
5417,Crown_Parrot,Crown Parrots,Armor,,20,,200,0,0,1,0,1,,1,0,0,False,All,All,Both,Head_Top,"bonus bInt,1;
bonus2 bResEff,Eff_Silence,10000;
bonus3 bAutoSpell,""DC_SCREAM"",1,50;
",,
5418,Soldier_Hat,Legionnaire Hat,Armor,,20,,400,0,0,4,0,1,,1,0,0,True,All,All,Both,Head_Top,"bonus bStr,1;
bonus2 bAddClass,Class_All,3;
bonus bUseSPrate,10;
",,
5419,Evolved_Leaf,Leaves Of Grass,Armor,,20,,100,0,0,0,0,0,,1,0,0,False,All,All,Both,Head_Low,"bonus bVit,1;
bonus2 bSubRace,RC_Plant,5;
",,
5420,Mask_Of_Ifrit,Mask Of Ifrit,Armor,,,,0,0,0,8,0,0,,1,70,0,False,All,All,Both,"Head_Low, Head_Mid, Head_Top","bonus bStr,1;
bonus bInt,1;
bonus bMdef,5;
bonus2 bSubEle,Ele_Fire,10;
bonus2 bSubEle,Ele_Water,-10;
skill ""MG_SIGHT"",1;
bonus3 bAutoSpellWhenHit,""WZ_METEOR"",3,50;
bonus3 bAutoSpell,""MG_FIREBOLT"",3,50;
",,"sc_end SC_SIGHT;
"
5421,Ifrit's_Ear,Ears Of Ifrit,Armor,,20,,0,0,0,0,0,0,,1,70,0,False,All,All,Both,Head_Mid,"bonus bStr,1;
bonus bMdef,3;
bonus2 bSkillAtk,""MG_FIREBOLT"",2;
bonus2 bSkillAtk,""WZ_FIREPILLAR"",2;
bonus2 bSkillAtk,""WZ_METEOR"",2;
bonus2 bSkillAtk,""SM_BASH"",2;
bonus2 bSkillAtk,""SM_MAGNUM"",2;
bonus2 bSkillAtk,""KN_PIERCE"",2;
bonus2 bSubEle,Ele_Fire,5;
bonus2 bSubEle,Ele_Water,-5;
",,
5422,Linguistic_Book_Cap,Linguistic Book Hat,Armor,,20,,70,0,0,0,0,0,,1,0,0,True,All,All,Both,Head_Top,"bonus bInt,1;
bonus bMdef,2;
",,
5423,Lovecap_China,I Love China,Armor,,20,,250,0,0,5,0,0,,1,0,0,False,All,All,Both,Head_Top,"bonus bDex,3;
bonus2 bSubRace,RC_DemiHuman,10;
bonus2 bSubRace,RC_Player_Human,10;
",,
5424,Fanta_Orange_Can,Fanta Orange Can Hat,Armor,,20,,100,0,0,2,0,1,,1,0,0,True,All,All,Both,Head_Top,,,
5425,Fanta_Grape_Can,Fanta Grape Can Hat,Armor,,20,,100,0,0,2,0,1,,1,0,0,True,All,All,Both,Head_Top,,,
5426,Karada_Meguri_Tea_Hat,Karada Meguricha Hat,Armor,,20,,100,0,0,2,0,1,,1,0,0,True,All,All,Both,Head_Top,"bonus bLuk,1;
",,
5427,Royal_Milk_Tea_Hat,Black Tea Kochakaden Hat,Armor,,20,,100,0,0,2,0,1,,1,0,0,True,All,All,Both,Head_Top,"bonus bAgi,1;
",,
5428,Bread_Bag1,RWC Anniversary Bread Envelope,Armor,,,,100,0,0,0,0,0,,1,0,0,True,All,All,Both,"Head_Low, Head_Mid, Head_Top","bonus2 bSubRace,RC_DemiHuman,12;
bonus2 bSubRace,RC_Player_Human,12;
",,
5429,Bogy_Cap,Bogy Cap,Armor,,20,,100,0,0,2,0,1,,1,0,0,True,All,All,Both,Head_Top,"bonus bHPrecovRate, 5;
bonus bSPrecovRate, 5;
",,
5430,Sacred_Torch_Coronet,Torch Cap,Armor,,20,,0,0,0,3,0,0,,1,0,0,False,All,All,Both,Head_Top,"bonus2 bSubEle,Ele_Fire,20;
skill ""MG_FIREBOLT"",5;
",,
5431,Chicken_Hat,Chicken Hat,Armor,,20,,1000,0,0,0,0,1,,1,30,0,True,All,All,Both,Head_Top,"bonus3 bAutoSpell,""MC_LOUD"",1,30;
bonus bAspdRate,5;
",,
5432,Brazil_Baseball_Cap,bRO 4th Anniversary Hat,Armor,,20,,100,0,0,0,0,0,,1,0,0,True,All,All,Both,Head_Top,"if (gettime(DT_MONTH) == SEPTEMBER && gettime(DT_DAYOFMONTH)>=10 && gettime(DT_DAYOFMONTH)<=24)
   bonus bAllStats, 4;
",,
5433,Golden_Wreath,Golden Laurel,Armor,,20,,100,0,0,0,0,0,,1,0,0,True,All,All,Both,Head_Top,,,
5435,Coke_Hat,Red Minstrel Hat,Armor,,20,,100,0,0,1,0,1,,1,40,0,True,All,All,Both,Head_Top,"bonus bInt,1;
bonus bMaxSP,80;
bonus bMdef,3;
if (getrefine()>5) {
   bonus bMdef,getrefine()-5;
   bonus bMaxSP,(getrefine()-5)*10;
}
",,
5436,Bride's_Corolla,Bride's Corolla,Armor,,20,,200,0,0,1,0,0,,1,0,0,True,All,All,Both,Head_Top,"bonus bLuk,3;
bonus bMdef,2;
",,
5437,Flower_Of_Fairy,Fairy Flower,Armor,,20,,200,0,0,1,0,1,,1,0,0,True,All,All,Both,Head_Top,"bonus bInt,1;
bonus bMdef,1;
bonus2 bSubRace,RC_Insect,5;
",,
5438,Fillet_Green,Cute Green Ribbon,Armor,,500,,100,0,0,1,0,0,,1,0,0,False,All,All,Both,Head_Top,"bonus bMaxSP,20;
",,
5439,Fillet_Red,Cute Red Ribbon,Armor,,500,,100,0,0,1,0,0,,1,0,0,False,All,All,Both,Head_Top,"bonus bMaxSP,20;
",,
5440,Fillet_Blue,Cute Blue Ribbon,Armor,,500,,100,0,0,1,0,0,,1,0,0,False,All,All,Both,Head_Top,"bonus bMaxSP,20;
",,
5441,Fillet_White,Cute White Ribbon,Armor,,500,,100,0,0,1,0,0,,1,0,0,False,All,All,Both,Head_Top,"bonus bMaxSP,20;
",,
5442,Necktie,Necktie,Armor,,20,,100,0,0,3,0,1,,1,70,0,True,All,All,Both,Head_Top,"bonus bVit,1;
bonus bHit,-5;
bonus bUseSPrate,5;
",,
5443,Status_Of_Baby_Angel,Statue Of Baby Angel,Armor,,20,,600,0,0,3,0,1,,1,70,0,True,All,All,Both,Head_Top,"bonus bMdef,2;
bonus4 bAutoSpellWhenHit,""PR_STRECOVERY"",1,20,0;
",,
5444,Hair_Brush,Hair Brush,Armor,,20,,100,0,0,0,0,0,,1,0,0,True,All,All,Both,Head_Top,"bonus bCritical,6;
",,
5445,Candy_Cane_In_The_Mouth,Candy Cane In Mouth,Armor,,20,,100,0,0,0,0,0,,1,0,0,False,All,All,Both,Head_Low,"bonus bMaxSP,5;
",,
5446,Cat_Foot_Hairpin,Catfoot Hairpin,Armor,,20,,200,0,0,0,0,1,,1,0,0,True,All,All,Both,Head_Top,"bonus bFlee,5;
bonus bFlee2,3;
",,
5447,Frog_Cap,Frog Hat,Armor,,20,,500,0,0,3,0,0,,1,70,0,True,All,All,Both,Head_Top,"bonus bMdef,1;
bonus2 bAddRace,RC_Insect,12;
bonus2 bMagicAddRace,RC_Insect,12;
",,
5448,Solo_Play_Box1,Soloplay Box1,Armor,,,,300,0,0,0,0,1,,1,0,0,True,All,All,Both,"Head_Low, Head_Mid, Head_Top",,,
5449,Solo_Play_Box2,Soloplay Box2,Armor,,,,300,0,0,0,0,1,,1,0,0,True,All,All,Both,"Head_Low, Head_Mid, Head_Top",,,
5450,Sun_Cap,Solar Hat,Armor,,20,,1000,0,0,0,0,0,,1,20,0,True,All,All,Both,Head_Top,,,
5451,Dragonhelm_Gold,RWC 2008 Dragon Helm Gold,Armor,,20,,2500,0,0,7,0,1,,1,1,0,False,All,All,Both,Head_Top,"bonus bAspdRate,10;
bonus bAllStats,3;
bonus2 bAddRace,RC_DemiHuman,5;
bonus2 bAddRace,RC_Player_Human,5;
",,
5452,Dragonhelm_Silver,RWC 2008 Dragon Helm Silver,Armor,,20,,2500,0,0,5,0,1,,1,1,0,False,All,All,Both,Head_Top,"bonus bAspdRate,7;
bonus bAllStats,2;
bonus2 bAddRace,RC_DemiHuman,3;
bonus2 bAddRace,RC_Player_Human,3;
",,
5453,Dragonhelm_Copper,RWC 2008 Dragon Helm Copper,Armor,,20,,2500,0,0,0,0,1,,1,1,0,False,All,All,Both,Head_Top,"bonus bAspdRate,5;
bonus bAllStats,2;
bonus2 bAddRace,RC_DemiHuman,1;
bonus2 bAddRace,RC_Player_Human,1;
",,
5454,Dog_Cap_,Puppy Hat,Armor,,20,,500,0,0,3,0,1,,1,0,0,True,All,All,Both,Head_Top,"bonus bStr,1;
bonus bInt,1;
autobonus ""{ bonus bCritical,100; }"",10,3000,BF_WEAPON,""{ specialeffect2 EF_ENHANCE; }"";
autobonus ""{ bonus2 bIgnoreMdefClassRate,Class_Normal,100; bonus2 bIgnoreMdefClassRate,Class_Boss,100; }"",10,3000,BF_MAGIC,""{ specialeffect2 EF_MAGICALATTHIT; }"";
",,
5455,Geographer_Band_,Decorative Geographer,Armor,,20,,500,0,0,1,0,1,,1,0,0,True,All,All,Both,Head_Top,"bonus bInt,1;
bonus3 bAutoSpell,""AL_HEAL"",5,50;
bonus3 bAutoSpellWhenHit,""AL_HEAL"",5,30;
",,
5456,Vacation_Hat_,Summer Hat,Armor,,20,,200,0,0,0,0,1,,1,0,0,True,All,All,Both,Head_Top,"bonus bVit,5;
bonus bHPrecovRate,20;
bonus bSPrecovRate,15;
",,
5457,Spring_Rabbit_Hat,Moon Rabbit Hat,Armor,,20,,300,0,0,2,0,1,,1,1,0,True,All,All,Both,Head_Top,"bonus bAgi,3;
bonus bBaseAtk,5;
bonus bMatkRate,5;
if (getrefine()>4) {
   bonus bBaseAtk,getrefine()-4;
   bonus bMatkRate,getrefine()-4;
}
",,
5458,Pinwheel_Cap,Pinwheel Hat,Armor,,20,,200,0,0,2,0,0,,1,0,0,True,All,All,Both,Head_Top,"bonus bMaxHPrate,5;
bonus bMaxSPrate,5;
",,
5459,Drooping_Bunny_Chusuk,Drooping Bunny,Armor,,,,100,0,0,1,0,0,,1,0,0,True,All,All,Both,Head_Top,"bonus bDex,1;
bonus bFlee,2;
",,
5460,Adv_Dragon_Skull,Evolved Dragon Skull Hat,Armor,,20,,1000,0,0,7,0,0,,1,60,0,True,All,All,Both,Head_Top,"bonus bAllStats, 2;
bonus bMaxHPrate, 3;
",,
5461,Adv_Whisper_Mask,Evolved Whisper Mask,Armor,,20,,300,0,0,1,0,0,,1,50,0,True,All,All,Both,"Head_Low, Head_Mid, Head_Top","bonus bDex,3;
bonus2 bSubEle,Ele_Ghost, 20;
",,
5462,Spiked_Scarf,Spiked Scarf,Armor,,20,,100,0,0,1,0,0,,1,90,0,False,All,All,Both,Head_Low,"bonus bVit,1;
bonus2 bAddRace,RC_DemiHuman,1;
bonus2 bAddRace,RC_Player_Human,1;
bonus2 bSubRace,RC_DemiHuman,1;
bonus2 bSubRace,RC_Player_Human,1;
",,
5463,Rainbow_Scarf,Rainbow Scarf,Armor,,20,,100,0,0,1,0,0,,1,90,0,False,All,All,Both,Head_Low,"bonus bInt,1;
bonus bMdef,2;
bonus bMatkRate,1;
",,
5464,Zaha_Doll_Hat,Zaha Doll Hat,Armor,,20,,0,0,0,1,0,0,,1,0,0,False,All,All,Both,Head_Top,"bonus bInt,2;
skill ""PR_MAGNIFICAT"", 3;
",,
5476,Hairband_Of_Grandpeco,Grand Peco Hairband,Armor,,20,,800,0,0,2,0,0,,1,30,0,True,All,All,Both,"Head_Mid, Head_Top","bonus bStr,2;
bonus bMaxHPrate,-10;
bonus2 bAddRace2,RC2_Orc,15;
",,
5477,Bro_Flag,Brazilian Flag Hat,Armor,,20,,100,0,0,1,0,1,,1,30,0,True,All,All,Both,Head_Top,"skill ""SM_BASH"", 1;
",,
5478,Classic_Hat,Classic Hat,Armor,,20,,500,0,0,3,0,0,,1,0,0,True,All,All,Both,Head_Top,"bonus bStr,2;
bonus bMaxHP,300;
",,
5479,Shaman's_Hair_Ornament,Shaman's Hair Decoration,Armor,,20,,300,0,0,1,0,0,,1,30,0,True,All,All,Both,Head_Top,"bonus bMdef,3;
bonus bMaxHP,50;
bonus2 bSubEle,Ele_Neutral,5;
",,
5480,Bizofnil_Wing_Deco,Bijofnil Wings,Armor,,20,,1000,0,0,3,0,0,,1,30,0,True,All,All,Both,Head_Top,"bonus bAllStats,2;
bonus3 bAutoSpell,""PR_IMPOSITIO"",3,3;
",,
5481,Hermose_Cap,Hermode Cap,Armor,,20,,1000,0,0,1,0,1,,1,1,0,True,All,All,Both,Head_Top,"bonus bAspdRate,10;
bonus bBaseAtk,-20;
bonus bMatkRate,-10;
",,
5482,Dark_Knight_Mask,Dark Knight Mask,Armor,,,,3000,0,0,5,0,0,,1,80,0,True,All,All,Both,"Head_Low, Head_Mid, Head_Top","bonus bStr,3;
",,
5483,Odin_Mask,Odin Mask,Armor,,20,,100,0,0,1,0,0,,1,50,0,False,All,All,Both,"Head_Low, Head_Mid","bonus bHit,-10;
bonus2 bAddRace,RC_DemiHuman,6;
bonus2 bAddRace,RC_Player_Human,6;
",,
5485,Tiger_Face,Tiger Face,Armor,,20,,1000,0,0,3,0,0,,1,60,0,True,All,All,Both,"Head_Low, Head_Mid, Head_Top","bonus2 bSubRace,RC_Brute,5;
bonus2 bAddRace,RC_Brute,5;
bonus2 bMagicAddRace,RC_Brute,5;
bonus2 bSubRace,RC_Player_Doram,5;
bonus2 bAddRace,RC_Player_Doram,5;
bonus2 bMagicAddRace,RC_Player_Doram,5;
",,
5486,J_Anniversary_Hat,Anniversary Hat,Armor,,20,,300,0,0,3,0,0,,1,0,0,True,All,All,Both,Head_Top,"bonus bAllStats, 2;
",,
5487,J_Poringcake_Hat,Poring Cake Hat,Armor,,20,,500,0,0,1,0,0,,1,0,0,True,All,All,Both,Head_Top,"bonus bLuk,2;
",,
5488,J_Twin_Santahat,Twin Santa Hat,Armor,,20,,100,0,0,1,0,0,,1,0,0,True,All,All,Both,Head_Top,"bonus bLuk,1;
bonus bMdef,1;
",,
5489,Love_Daddy,Love Daddy Hat,Armor,,20,,100,0,0,0,0,0,,1,0,0,True,All,All,Both,Head_Top,"bonus bDex,2;
",,
5490,Anubis_Helm,Anubis Helm,Armor,,20,,0,0,0,3,0,0,,1,70,0,False,All,All,Both,Head_Top,"bonus bMdef,5;
bonus2 bSubClass,Class_Boss,10;
bonus bHealpower2,10;
bonus bAddItemHealRate,10;
",,
5491,Hat_Of_Outlaw,Bandit Hat,Armor,,20,,800,0,0,3,0,1,,1,0,0,True,All,All,Both,Head_Top,"bonus bStr,2;
bonus2 bSubEle,Ele_Fire, 10;
",,
5492,Boy's_Cap_I,Student Cap,Armor,,,,0,0,0,5,0,0,,1,0,0,False,All,All,Both,Head_Top,"bonus bMdef,3;
bonus2 bAddRace,RC_DemiHuman,5;
bonus2 bAddRace,RC_Player_Human,5;
",,
5493,Ulle_Cap_I,Ulle's Cap,Armor,,,,0,0,0,3,0,0,,1,0,0,False,All,All,Both,Head_Top,"bonus bDex,2;
bonus bAgi,1;
",,
5494,Spinx_Helm_I,Sphinx Hat,Armor,,,,0,0,0,5,0,0,,1,0,0,False,"Crusader, Knight, Swordman",All,Both,"Head_Low, Head_Top","bonus bStr,5;
",,
5495,Power_Of_Thor,Power Of Thor,Armor,,20,,100,0,0,6,0,1,,1,75,0,True,All,All,Both,Head_Top,"bonus bInt,1;
bonus bDex,1;
bonus bMdef,3;
bonus bFlee,5;
",,
5496,Dice_Hat,Dice Hat,Armor,,20,,300,0,0,3,0,0,,1,50,0,False,All,All,Both,Head_Top,"bonus bLuk,4;
",,
5497,King_Tiger_Doll_Hat,King Tiger Doll Hat,Armor,,20,,400,0,0,3,0,1,,1,30,0,True,All,All,Both,Head_Top,"bonus bStr,2;
",,
5498,Wondering_Wolf_Helm,Wandering Wolf Helm,Armor,,20,,600,0,0,5,0,0,,1,50,0,True,All,All,Both,"Head_Mid, Head_Top","bonus bVit,5;
bonus bFlee,10;
",,
5499,Pizza_Hat,Pizza Hat,Armor,,20,,600,0,0,0,0,0,,1,0,0,False,All,All,Both,Head_Top,"skill ""SM_PROVOKE"", 1;
",,
5500,Icecream_Hat,Icecream Hat,Armor,,,,300,0,0,6,0,0,,1,30,0,True,All,All,Both,Head_Top,"bonus bMdef,3;
skill ""MG_FROSTDIVER"",3;
",,
5501,Pirate's_Pride,Pirate's Pride,Armor,,,,100,0,0,6,0,0,,1,10,0,False,All,All,Both,Head_Top,"bonus2 bAddRace2,RC2_Ninja,5;
bonus2 bSubRace2,RC2_Ninja,5;
",,
5502,Necromencer's_Hood,Necromancer's Hood,Armor,,,,500,0,0,2,0,0,,1,1,0,True,All,All,Both,"Head_Mid, Head_Top","bonus5 bAutoSpellWhenHit,""NPC_DARKSTRIKE"",5,5,BF_WEAPON|BF_MAGIC,1;
",,
5503,Rabbit_Magic_Hat,Magic Rabit Hat,Armor,,,,800,0,0,2,0,0,,1,0,0,True,All,All,Both,Head_Top,"bonus bDex,2;
bonus bAgi,2;
bonus bMdef,1;
bonus bMaxSP,50;
bonus3 bAutoSpellWhenHit,""MG_FIREBOLT"",1,20;
bonus3 bAutoSpellWhenHit,""MG_COLDBOLT"",1,20;
bonus3 bAutoSpellWhenHit,""MG_LIGHTNINGBOLT"",1,20;
",,
5504,China_Wedding_Veil,Wedding Weil,Armor,,20,,500,0,0,5,0,0,,1,70,0,True,All,All,Both,"Head_Mid, Head_Top","bonus bMdef,10;
",,
5505,Asara_Fairy_Hat,Asara Fairy Hat,Armor,,,,500,0,0,2,0,0,,1,50,0,True,All,All,Both,"Head_Mid, Head_Top","skill ""DC_DONTFORGETME"",1;
bonus bDex,2;
bonus bLuk,2;
",,
5506,Blue_Pajamas_Hat,Blue Night Cap,Armor,,,,100,0,0,4,0,0,,1,0,0,True,All,All,Both,Head_Top,"bonus bBaseAtk,5;
bonus bMatkRate,5;
",,
5507,Pink_Pajamas_Hat,Pink Night Cap,Armor,,,,100,0,0,4,0,0,,1,0,0,True,All,All,Both,Head_Top,"bonus bBaseAtk,5;
bonus bMatkRate,5;
",,
5508,Shark_Hat,Shark Hat,Armor,,20,,500,0,0,3,0,0,,1,0,0,True,All,All,Both,Head_Top,"bonus bStr,1;
bonus bAgi,2;
bonus bMdef,1;
bonus2 bAddEle,Ele_Water,5;
bonus2 bSubEle,Ele_Water,10;
",,
5509,Sting_Hat,Sting hat,Armor,,20,,1000,0,0,5,0,0,,1,0,0,True,All,All,Both,Head_Top,"bonus bStr,2;
bonus bVit,1;
bonus bMdef,3;
bonus2 bAddEle,Ele_Fire,5;
bonus2 bSubEle,Ele_Earth,5;
bonus3 bAutoSpell,""WZ_EARTHSPIKE"",1,10;
",,
5510,Shower_Cap,Shower Cap,Armor,,20,,0,0,0,4,0,0,,1,0,0,True,All,All,Both,Head_Top,"bonus bMdef,3;
bonus bFlee,3;
bonus2 bAddEle,Ele_Water,10;
bonus2 bSubRace,RC_Fish,10;
",,
5511,Samambaia,Samambaia,Armor,,20,,200,0,0,5,0,1,,1,30,0,True,All,All,Both,"Head_Mid, Head_Top","bonus bSPrecovRate,8;
",,
5512,Aquarius_Diadem,Aquarius Diadem,Armor,,20,,300,0,0,6,0,0,,1,70,0,True,All,All,Both,Head_Top,"bonus bStr,2;
bonus bFlee,10;
bonus2 bSubEle,Ele_Wind, 5;
if (getrefine()>6) {
   bonus bDef, 1;
   bonus bBaseAtk,15;
}
",,
5513,Aquarius_Crown,Aquarius Crown,Armor,,20,,300,0,0,6,0,0,,1,70,0,True,All,All,Both,Head_Top,"bonus bStr,2;
bonus bFlee,10;
bonus2 bSubEle,Ele_Wind, 5;
if (getrefine()>6) {
   bonus bDef, 1;
   bonus bBaseAtk,15;
}
",,
5514,Pisces_Diadem,Pisces Diadem,Armor,,20,,300,0,0,6,0,0,,1,70,0,True,All,All,Both,Head_Top,"bonus bInt,2;
bonus bMdef,5;
bonus2 bSubEle,Ele_Water, 5;
if (getrefine()>6) {
   bonus bDef, 1;
   bonus bMatkRate,2;
}
",,
5515,Pisces_Crown,Pisces Crown,Armor,,20,,300,0,0,6,0,0,,1,70,0,True,All,All,Both,Head_Top,"bonus bInt,2;
bonus bMdef,5;
bonus2 bSubEle,Ele_Water, 5;
if (getrefine()>6) {
   bonus bDef, 1;
   bonus bMatkRate,2;
}
",,
5516,Hawk_Eyes01,hawk Eyes,Armor,,10,,100,0,0,0,0,0,,1,60,0,False,Hunter,Upper,Both,Head_Mid,"bonus bDex,1;
",,
5517,Hawk_Eyes02,Hawk Eyes,Armor,,10,,100,0,0,0,0,0,,1,60,0,False,"Archer, BardDancer, Hunter",All,Both,Head_Mid,"bonus bDex,1;
",,
5518,L_Magestic_Goat2,Gigantic Majestic Goat,Armor,,20,,800,0,0,5,0,0,,1,50,0,True,All,All,Both,Head_Top,"bonus2 bSubRace,RC_DemiHuman,12;
bonus2 bSubRace,RC_Player_Human,12;
bonus bBaseAtk,(JobLevel*2)/7;
",,
5519,Peacock_Feather,Peacock Feather,Armor,,20,,800,0,0,4,0,1,,1,1,0,True,All,All,Both,Head_Top,"bonus bInt,2;
",,
5520,Rabbit_Earplug,Rabbit Earplugs,Armor,,,,400,0,0,0,0,1,,1,1,0,True,All,All,Both,"Head_Mid, Head_Top","bonus2 bAddClass,Class_All,4;
bonus bMatkRate,4;
",,
5521,Angry_Mouth_C,Angry Mouth,Armor,,,,0,0,0,0,0,0,,1,0,0,False,All,All,Both,Head_Low,"bonus bDelayRate,-3;
",,
5522,Fanta_Zero_Lemon_Hat,Fanta Zero Lemon Hat,Armor,,20,,100,0,0,4,0,1,,1,0,0,True,All,All,Both,Head_Top,,,
5523,Sakura_Mist_Hat,Sakura Mist Hat,Armor,,20,,100,0,0,4,0,1,,1,0,0,True,All,All,Both,Head_Top,"bonus bDex,1;
",,
5524,Sakura_Milk_Tea_Hat,Sakura Milk Tea Hat,Armor,,20,,100,0,0,4,0,1,,1,0,0,True,All,All,Both,Head_Top,"bonus bVit,1;
",,
5525,First_Leaf_Tea_Hat,Flower Hat,Armor,,20,,100,0,0,4,0,1,,1,0,0,True,All,All,Both,Head_Top,"bonus bMaxHP,80;
bonus bMaxSP,20;
",,
5526,Lady_Tanee_Doll,Tanigumi Girl Doll,Armor,,20,,300,0,0,4,0,0,,1,60,0,False,All,All,Both,Head_Top,"bonus bAgi,2;
bonus bFlee,3;
bonus2 bSubEle,Ele_Wind, 5;
bonus2 bAddMonsterDropItem, 513, 200;
",,
5527,Lunatic_Hat,Lunatic Hat,Armor,,20,,300,0,0,2,0,0,,1,1,0,True,All,All,Both,Head_Top,"bonus bLuk,5;
bonus bMdef,2;
bonus bFlee2,5;
bonus2 bAddMonsterDropItem,622,50;
",,
5528,King_Frog_Hat,Frog King Hat,Armor,,20,,500,0,0,4,0,1,,1,30,0,False,All,All,Both,Head_Top,"bonus bAgi,1;
",,
5529,Evil's_Bone_Hat,Satanic Bone Helm,Armor,,20,,600,0,0,6,0,1,,1,70,0,True,All,All,Both,"Head_Mid, Head_Top","bonus bDex,3;
bonus2 bSubEle,Ele_Neutral,5;
skill ""WZ_FROSTNOVA"",1;
",,
5530,Raven_Cap,Raven Cap,Armor,,20,,100,0,0,6,0,1,,1,30,0,True,All,All,Both,Head_Top,,,
5531,B_Dragon_Hat,Baby Dragon Hat,Armor,,45000,,100,0,0,1,0,1,,1,0,0,True,All,All,Both,Head_Top,"bonus bDex,2;
skill ""TF_DOUBLE"",5;
",,
5532,Pirate_Dagger_J,Pirate Dagger,Armor,,20,,100,0,0,0,0,0,,1,0,0,True,All,All,Both,Head_Low,"bonus bShortWeaponDamageReturn,1;
",,
5533,Emperor_Wreath_J,Emperor Wreath,Armor,,20,,800,0,0,3,0,1,,1,80,0,True,All,All,Both,Head_Top,"bonus bAllStats,1;
",,
5535,Side_Cap,Side Cap,Armor,,,,500,0,0,3,0,0,,1,0,0,True,All,All,Both,Head_Top,"bonus bVit,1;
bonus bDex,1;
bonus bMdef,3;
bonus2 bSubRace,RC_DemiHuman,5;
bonus2 bSubRace,RC_Player_Human,5;
bonus2 bAddRace,RC_DemiHuman,3;
bonus2 bAddRace,RC_Player_Human,3;
",,
5536,Spare_Card,Spare Card,Armor,,20,,10,0,0,1,0,0,,1,1,0,False,All,All,Both,Head_Low,"bonus2 bAddMonsterDropItem,6187,1000;
",,
5537,Quati_Hat,Kwati Hat,Armor,,20,,700,0,0,2,0,1,,1,45,0,False,All,All,Both,Head_Top,"bonus bAgi,3;
",,
5538,Tucan_Hat,Tucan Hat,Armor,,20,,600,0,0,2,0,1,,1,45,0,False,All,All,Both,"Head_Mid, Head_Top","bonus bDex,3;
",,
5539,Jaguar_Hat,Jaguar Hat,Armor,,20,,400,0,0,4,0,1,,1,25,0,True,All,All,Both,"Head_Low, Head_Mid, Head_Top","bonus bMdef,2;
skill ""MC_LOUD"", 1;
",,
5540,Freyja_SCirclet7,Freyja SCirclet7,Armor,,20,,700,0,0,8,0,0,,1,20,0,False,All,All,Both,Head_Top,"bonus bStr,1;
bonus bInt,1;
bonus bDex,1;
",,
5541,Freyja_SCirclet30,Freyja SCirclet30,Armor,,20,,700,0,0,8,0,0,,1,20,0,False,All,All,Both,Head_Top,"bonus bStr,1;
bonus bInt,1;
bonus bDex,1;
",,
5542,Freyja_SCirclet60,Freyja SCirclet60,Armor,,20,,700,0,0,8,0,0,,1,20,0,False,All,All,Both,Head_Top,"bonus bStr,1;
bonus bInt,1;
bonus bDex,1;
",,
5543,Freyja_SCirclet90,Freyja SCirclet90,Armor,,20,,700,0,0,8,0,0,,1,20,0,False,All,All,Both,Head_Top,"bonus bStr,1;
bonus bInt,1;
bonus bDex,1;
",,
5544,Time_Keeper_Hat,Time Keeper Hat,Armor,,30000,,0,0,0,6,0,0,,1,1,0,True,All,All,Both,Head_Top,"bonus bInt,2;
bonus bMaxSP,50;
",,
5545,Aries_Diadem,Aries Diadem,Armor,,20,,400,0,0,3,0,0,,1,70,0,True,All,All,Both,Head_Top,"bonus bVit,2;
bonus2 bSubEle,Ele_fire,5;
if (getrefine()>6) {
   bonus bDef,1;
   bonus bVit,1;
}
",,
5546,Aries_Crown,Aries Crown,Armor,,20,,400,0,0,3,0,0,,1,70,0,True,All,All,Both,Head_Top,"bonus bVit,2;
bonus2 bSubEle,Ele_fire,5;
if (getrefine()>6) {
   bonus bDef,1;
   bonus bVit,1;
}
",,
5547,RJC_Katusa,RJC Katusa Flower,Armor,,20,,200,0,0,1,0,1,,1,0,0,True,All,All,Both,Head_Top,"bonus2 bSkillAtk, ""WZ_HEAVENDRIVE"", 15 + getequiprefinerycnt(EQI_HAND_R);
bonus2 bSkillAtk, ""WZ_EARTHSPIKE"", 15 + getequiprefinerycnt(EQI_HAND_R);
bonus2 bCastrate, ""WZ_HEAVENDRIVE"", -25;
bonus2 bCastrate, ""WZ_EARTHSPIKE"", -25;
;
",,
5548,Scarlet_Rose,Scarlet Rose,Armor,,20,,100,0,0,0,0,0,,1,50,0,True,All,All,Both,Head_Low,"bonus bLuk,1;
",,
5549,Taurus_Diadem,Taurus Diadem,Armor,,20,,300,0,0,3,0,0,,1,70,0,True,All,All,Both,Head_Top,"bonus bDex,2;
bonus bDelayRate,-2;
bonus2 bSubEle,Ele_earth,5;
if (getrefine()>6) {
   bonus bDex,1;
   bonus bMatkRate,1;
}
",,
5550,Taurus_Crown,Taurus Crown,Armor,,20,,300,0,0,3,0,0,,1,70,0,True,All,All,Both,Head_Top,"bonus bDex,2;
bonus bDelayRate,-2;
bonus2 bSubEle,Ele_earth,5;
if (getrefine()>6) {
   bonus bDex,1;
   bonus bMatkRate,1;
}
",,
5552,Fest_Lord_Circlet,Festival Grand Circlet,Armor,,,,0,0,0,8,0,0,,1,0,0,False,All,All,Both,Head_Top,"bonus bStr,3;
bonus bInt,3;
bonus bMdef,3;
",,
5553,Fest_Bunny_Band,Festival Bunny Band,Armor,,,,0,0,0,7,0,0,,1,0,0,False,All,All,Both,Head_Top,"bonus bMdef,4;
bonus2 bSubRace,RC_DemiHuman,9;
bonus2 bSubRace,RC_Player_Human,9;
",,
5554,Octopus_Hat,Octopus Hat,Armor,,20,,200,0,0,3,0,0,,1,20,0,True,All,All,Both,Head_Top,"bonus3 bAutoSpell,""SM_PROVOKE"",5,10;
bonus bUnbreakableHelm;
",,
5555,Leaf_Cat_Hat,Leaf Cat Hat,Armor,,20,,100,0,0,3,0,0,,1,0,0,True,All,All,Both,Head_Top,"bonus bAgi,1;
bonus3 bAutoSpellWhenHit,""AL_HEAL"",3,10;
",,
5556,Fur_Seal_Hat,Seal Hat,Armor,,20,,500,0,0,3,0,0,,1,55,0,True,All,All,Both,"Head_Low, Head_Mid, Head_Top","bonus bInt,1;
bonus3 bAutoSpell,""WZ_FROSTNOVA"",1,30;
",,
5557,Wild_Rose_Hat,Wild Rose Hat,Armor,,20,,500,0,0,6,0,1,,1,20,0,True,All,All,Both,Head_Top,"bonus bAgi,3;
",,
5558,Saci_Hat,Luxury Hat,Armor,,20,,100,0,0,6,0,1,,1,30,0,True,All,All,Both,Head_Top,"bonus3 bAddMonsterDropItem,510,RC_Plant,500;
",,
5559,Piece_Of_White_Cloth_E,Piece Of White Cloth,Armor,,,,0,0,0,1,0,0,,1,0,0,True,All,All,Both,Head_Top,,,
5560,Bullock_Helm_J,Bullock Helm,Armor,,20,,3000,0,0,3,0,0,,1,75,0,True,All,All,Both,Head_Top,"bonus bMaxHP,100;
bonus bNoKnockback;
bonus2 bSubEle,Ele_Neutral,-20;
bonus2 bSubEle,Ele_Fire,-20;
bonus2 bSubEle,Ele_Water,-20;
bonus2 bSubEle,Ele_Wind,-20;
bonus2 bSubEle,Ele_Earth,-20;
bonus2 bSubEle,Ele_Dark,-20;
bonus2 bSubEle,Ele_Holy,-20;
bonus2 bSubEle,Ele_Ghost,-20;
",,
5561,Rabbit_Magic_Hat_J,Magic Rabbit Hat,Armor,,,,800,0,0,1,0,0,,1,0,0,True,All,All,Both,Head_Top,"bonus bInt,1;
bonus bMaxSP,50;
bonus4 bAutoSpellWhenHit,""MG_FIREBOLT"",3,10,3;
bonus4 bAutoSpellWhenHit,""MG_COLDBOLT"",3,10,3;
bonus4 bAutoSpellWhenHit,""MG_LIGHTNINGBOLT"",3,10,3;
bonus3 bAutoSpellWhenHit,""AL_HEAL"",1,10;
",,
5562,Good_Wedding_Veil_J,Luxurious Wedding Veil,Armor,,,,500,0,0,0,0,1,,1,45,0,False,All,All,Both,"Head_Mid, Head_Top","bonus bMdef,10;
bonus bCastRate,-3;
bonus bUseSPrate,-5;
",,
5564,Crown_Of_Deceit,Crown of Deceit,Armor,,20,,300,0,0,3,0,1,,1,85,0,True,All,All,Both,"Head_Mid, Head_Top","bonus bInt,4;
bonus bCastRate,-10;
",,
5565,Dragon_Arhat_Mask,Dragon Arhat Mask,Armor,,,,0,0,0,5,0,0,,1,1,0,False,All,All,Both,"Head_Low, Head_Mid","bonus2 bAddRace,RC_DemiHuman,10;
bonus2 bAddRace,RC_Player_Human,10;
",,
5566,Tiger_Arhat_Mask,Tiger Arhat Mask,Armor,,,,0,0,0,1,0,0,,1,1,0,False,All,All,Both,"Head_Low, Head_Mid","bonus2 bAddRace,RC_DemiHuman,2;
bonus2 bAddRace,RC_Player_Human,2;
",,
5567,Bright_Fury,Bright Fury,Armor,,20,,300,0,0,1,0,1,,1,1,0,True,All,All,Both,Head_Top,"bonus bStr,1;
bonus2 bAddClass,Class_All,2;
bonus bAspdRate,2;
",,
5568,Rabbit_Bonnet,Rabbit Bonnet,Armor,,20,,1000,0,0,1,0,1,,1,0,0,True,All,All,Both,"Head_Mid, Head_Top","bonus bInt,2;
",,
5569,Gemini_Diadem,Gemini Diadem,Armor,,20,,300,0,0,4,0,0,,1,70,0,True,All,All,Both,Head_Top,"bonus bAgi,2;
bonus bMatkRate,2;
if (getrefine()>6) {
   bonus bMdef,7;
   bonus bMAtkRate,8;
   bonus2 bSubEle,Ele_Wind,5;
}
",,
5570,Gemini_Crown,Gemini Crown,Armor,,20,,300,0,0,4,0,0,,1,70,0,True,All,All,Both,Head_Top,"bonus bAgi,2;
bonus bBaseAtk,2;
bonus bMdef,5;
if (getrefine()>6) {
   bonus bDef,1;
   bonus bMatk,15;
   bonus bFlee,10;
   bonus2 bSubEle,Ele_Wind,5;
}
",,
5572,Savage_Baby_Hat,Savage Babe Hat,Armor,,20,,100,0,0,1,0,1,,1,1,0,True,All,All,Both,Head_Top,"bonus bVit,2;
",,
5573,Bogy_Horn,Dokebi Horn,Armor,,20,,100,0,0,1,0,1,,1,0,0,True,All,All,Both,Head_Top,,,
5574,Pencil_In_Mouth,Well-Chewed Pencil,Armor,,20,,100,0,0,0,0,0,,1,10,0,False,All,All,Both,Head_Low,"bonus bdex,2;
bonus bHitRate,3;
",,
5575,Onigiri_Hat,Rice Ball Hat,Armor,,20,,100,0,0,6,0,1,,1,30,0,False,All,All,Both,Head_Top,,,
5577,Dark_Knight_MaskB,Dark Knight Mask,Armor,,,,3000,0,0,5,0,0,,1,80,0,True,All,All,Both,"Head_Low, Head_Mid, Head_Top","bonus bStr,3;
",,
5578,Voyage_Hat,Voyage_Hat,Armor,,200,,10,0,0,1,0,0,,1,0,0,True,All,All,Both,Head_Top,"bonus bAgi,2;
",,
5579,Wanderer's_Sakkat,Wanderer's Sakkat,Armor,,20,,300,0,0,2,0,1,,1,70,0,True,All,All,Both,"Head_Mid, Head_Top","bonus bAgi,2;
",,
5581,Cancer_Diadem,Cancer Diadem,Armor,,20,,300,0,0,3,0,0,,1,70,0,True,All,All,Both,Head_Top,"bonus bInt,2;
bonus2 bSubEle,Ele_water, 5;
if (getrefine()>6) {
   bonus bMdef,1;
   bonus bHealPower, 3;
   bonus bMatkRate,2;
}
",,
5582,Cancer_Crown,Cancer Crown,Armor,,20,,300,0,0,3,0,0,,1,70,0,True,All,All,Both,Head_Top,"bonus bStr,2;
bonus2 bSubEle,Ele_water, 5;
if (getrefine()>6) {
   bonus bDef, 1;
   bonus bBaseAtk,15;
   bonus bFlee,10;
}
",,
5583,Para_Team_Hat,Eden Team Hat,Armor,,,,0,0,0,1,0,0,,1,12,0,True,All,All,Both,Head_Top,,,
5584,Majestic_Evil_Horn,Majestic Evil Horns,Armor,,,,400,0,0,1,0,0,,1,1,0,True,All,All,Both,Head_Top,"bonus2 bSubRace,RC_Demon,3;
bonus2 bHPDrainRate,3,15;
bonus2 bSPDrainRate,1,7;
",,
5585,Rune_Hairband,Rune Cloth Circlet,Armor,,20,,400,0,0,1,0,1,,1,1,0,True,All,All,Both,"Head_Mid, Head_Top",,,
5586,Mosquito_Coil,Mosquito Coil,Armor,,20,,100,0,0,1,0,1,,1,1,0,True,All,All,Both,Head_Top,,,
5587,Mosquito_Coil_1Use,Mosquito Coil,Armor,,,,100,0,0,1,0,0,,1,1,0,True,All,All,Both,Head_Top,,,
5590,K_Poring_Cake_Cap,Poring Cake Hat,Armor,,20,,200,0,0,1,0,0,,1,0,0,True,All,All,Both,Head_Top,,,
5592,Sigrun's_Wing,Sigrun's Wings,Armor,,20,,100,0,0,2,0,0,,1,80,0,False,All,All,Both,Head_Mid,"if (BaseClass == Job_Swordman || BaseClass == Job_Merchant || BaseClass == Job_Thief || (BaseJob == Job_Taekwon && Class!=Job_Soul_Linker))
   bonus bStr,1;
else if (BaseClass == Job_Mage || BaseClass == Job_Acolyte || class == Job_Ninja || class == Job_Soul_Linker)
   bonus bInt,1;
else if (BaseClass == Job_Archer || BaseClass == Job_Gunslinger)
   bonus bDex,1;
else if (BaseJob == Job_Novice || BaseJob == Job_SuperNovice) {
   bonus bMaxHP,80;
   bonus bMaxSP,30;
}
",,
5593,K_Rabbit_Bonnet,Rabbit Bonnet,Armor,,20,,200,0,0,1,0,1,,1,1,0,True,All,All,Both,"Head_Mid, Head_Top",,,
5594,Donut_In_Mouth,Donut In Mouth,Armor,,20,,50,0,0,1,0,0,,1,1,0,False,All,All,Both,Head_Low,,,
5596,4Leaf_Clover_In_Mouth,4Leaf Clover In Mouth,Armor,,20,,0,0,0,2,0,0,,1,1,0,False,All,All,Both,Head_Low,"bonus bMdef,2;
",,
5597,Bubble_Gum_In_Mouth,Bubble Gum In Mouth,Armor,,20,,0,0,0,2,0,0,,1,1,0,False,All,All,Both,Head_Low,"bonus bMdef,2;
",,
5600,Br_Twin_Ribbon,Brazil Twin Ribbon,Armor,,20,,100,0,0,1,0,0,,1,1,0,True,All,All,Both,Head_Top,"bonus bAllStats,3;
bonus bMdef,1;
",,
5603,RTC_Winner_Only,RTC First Place,Armor,,,,250,0,0,8,0,1,,1,1,0,True,All,All,Both,Head_Top,"bonus bAllStats, 3;
",,
5604,RTC_Second_Best,RTC Second Place,Armor,,,,250,0,0,6,0,1,,1,1,0,True,All,All,Both,Head_Top,"bonus bAllStats, 2;
",,
5605,RTC_Third_Best,RTC Third Place,Armor,,,,250,0,0,4,0,1,,1,1,0,True,All,All,Both,Head_Top,"bonus bAllStats, 1;
",,
5653,Darkness_Helm_J,Darkness Helm,Armor,,20,,500,0,0,3,0,1,,1,70,0,True,All,All,Both,Head_Top,,,
5654,Holy_Marching_Hat_J,Holy Marching Hat,Armor,,20,,200,0,0,2,0,1,,1,10,0,True,All,All,Both,Head_Top,"bonus bStr,2;
bonus3 bAutoSpell,""PR_ASPERSIO"",2,30;
",,
5658,Imp_Hat,Imp Hat,Armor,,20,,400,0,0,1,0,0,,1,1,0,True,All,All,Both,Head_Top,"bonus3 bAutoSpell,""SA_FLAMELAUNCHER"",1,5;
",,
5659,Sleepr_Hat,Sleeper Hat,Armor,,20,,400,0,0,1,0,0,,1,1,0,True,All,All,Both,Head_Top,"bonus3 bAutoSpell,""SA_SEISMICWEAPON"",1,5;
",,
5660,Gryphon_Hat,Gryphon Hat,Armor,,20,,400,0,0,1,0,0,,1,1,0,True,All,All,Both,Head_Top,"bonus3 bAutoSpell,""SA_LIGHTNINGLOADER"",1,5;
",,
5664,Filir_Wing,Filir's Pinions,Armor,,20,,100,0,0,1,0,0,,1,70,0,False,All,All,Both,Head_Mid,"bonus bAspdRate,2;
bonus bCastRate,-2;
",,
5665,Shaman_Hat,Shaman Hat,Armor,,20,,400,0,0,1,0,1,,1,1,0,True,All,All,Both,Head_Top,"bonus2 bSubEle,Ele_Neutral,3;
bonus2 bSubEle,Ele_Water,3;
bonus2 bSubEle,Ele_Earth,3;
bonus2 bSubEle,Ele_Fire,3;
bonus2 bSubEle,Ele_Wind,3;
bonus2 bSubEle,Ele_Poison,3;
bonus2 bSubEle,Ele_Holy,3;
bonus2 bSubEle,Ele_Dark,3;
bonus2 bSubEle,Ele_Ghost,3;
bonus2 bSubEle,Ele_Undead,3;
",,
5666,Golden_Crown,Golden Crown,Armor,,20,,500,0,0,8,0,1,,1,1,0,True,All,All,Both,Head_Top,"bonus bInt,1;
bonus bDex,1;
bonus bLuk,1;
",,
5667,Skull_Hood,Skull Hood,Armor,,20,,100,0,0,1,0,1,,1,30,0,True,All,All,Both,"Head_Mid, Head_Top",,,
5668,Weird_Pumpkin_Hat,Weird Pumpkin Hat,Armor,,20,,0,0,0,5,0,0,,1,1,0,True,All,All,Both,Head_Top,"bonus bMdef,5;
",,
5671,Drooping_Morocc_Minion,Drooping Morocc Minion,Armor,,20,,300,0,0,0,0,1,,1,70,0,False,All,All,Both,Head_Top,,,
5681,F_Ribbon_Green,Green Ribbon,Armor,,800,,100,0,0,1,0,0,,1,0,0,True,All,All,Both,Head_Top,"bonus bMdef,3;
",,
5682,Triangle_Rune_Cap,Triangle Rune Cap,Armor,,20,,300,0,0,5,0,1,,1,1,0,True,All,All,Both,Head_Top,"bonus bHealPower,2;
if (getrefine() > 6) {
   bonus bMatk,10;
   bonus5 bAutoSpellWhenHit,""NPC_MAGICMIRROR"",8,150,BF_MAGIC,0;
}
else {
   bonus5 bAutoSpellWhenHit,""NPC_MAGICMIRROR"",7,150,BF_MAGIC,0;
}
",,
5683,Majestic_Goat_Repl,Baphomet Horns,Armor,,20,,100,0,0,5,0,0,,1,1,0,True,All,All,Both,Head_Top,,,
5684,Jewel_Crown_Repl,Ornate Crown,Armor,,20,,100,0,0,5,0,0,,1,1,0,True,All,All,Both,Head_Top,,,
5685,Prontera_Army_Cap_Repl,Army Cap,Armor,,20,,100,0,0,5,0,0,,1,1,0,True,All,All,Both,Head_Top,,,
5686,Feather_Bonnet_Repl,Nice Hat Feather,Armor,,20,,100,0,0,5,0,0,,1,1,0,True,All,All,Both,Head_Top,,,
5687,Viking_Helm_Repl,Orc Helm,Armor,,20,,100,0,0,5,0,0,,1,1,0,True,All,All,Both,Head_Top,,,
5690,Red_Wing_Hat,Red Wing Hat,Armor,,20,,600,0,0,2,0,1,,1,50,0,True,All,All,Both,Head_Top,"if (getrefine()>6) {
   bonus2 bAddClass,Class_All,2;
   bonus bMatkRate,2;
}
if (getrefine()>8) {
   bonus2 bAddClass,Class_All,2;
   bonus bMatkRate,2;
}
",,
5691,Catain_Bandanna,Sailor's Bandana,Armor,,20,,10,0,0,1,0,0,,1,1,0,True,All,All,Both,Head_Top,"bonus bDex,1;
bonus2 bSubEle,Ele_Poison,20;
",,
5692,Sea_Cat_Hat,Sea Cat Hat,Armor,,20,,10,0,0,1,0,0,,1,1,0,True,All,All,Both,Head_Top,"bonus bDex,1;
",,
5738,Snowman_Hat,Snowman Hat,Armor,,20,,300,0,0,4,0,1,,1,1,0,True,All,All,Both,Head_Top,"bonus bStr,1;
bonus bInt,1;
bonus bMdef,3;
bonus2 bSubEle,Ele_Water,7;
bonus2 bAddMonsterDropItem,530,100;
bonus2 bAddMonsterDropItem,12354,300;
if (getrefine()>7) {
   bonus5 bAutoSpellwhenhit,""BA_FROSTJOKER"",5,20,BF_WEAPON|BF_MAGIC,0;
}
else {
   bonus5 bAutoSpellwhenhit,""BA_FROSTJOKER"",1,20,BF_WEAPON|BF_MAGIC,0;
}
",,
5741,Im_Egg_Shell_Hat,Eternal Egg Shell,Armor,,20,,0,0,0,1,0,0,,1,10,0,True,All,All,Both,Head_Top,,,
5742,Rudolf_Santa_Hat,Rudolph Santa Hat,Armor,,20,,400,0,0,5,0,0,,1,10,0,True,All,All,Both,Head_Top,"bonus bLuk,1;
",,
5770,Splash_Hat,Splash Hat,Armor,,20,,100,0,0,3,0,1,,1,1,0,True,All,All,Both,Head_Top,"autobonus ""{ sc_start SC_WINDWEAPON, 180000, 1; }"", 3, 180000, BF_WEAPON, ""{ specialeffect2 EF_ENHANCE; }"";
",,
5771,Family_Hat,Family Hat,Armor,,20,,100,0,0,3,0,1,,1,1,0,True,All,All,Both,Head_Top,"bonus bDex,1;
bonus bMdef,1;
",,
5775,Choco_Donut_In_Mouth,Choco Donut In Mouth,Armor,,20,,50,0,0,1,0,0,,1,1,0,False,All,All,Both,Head_Low,,,
5781,Persika,Persika,Armor,,20,,100,0,0,0,0,1,,1,0,0,False,All,All,Both,Head_Top,,,
5786,Ancient_Elven_Ear,Ancient Elven Ear,Armor,,10,,200,0,0,1,0,0,,1,1,0,False,All,All,Both,Head_Mid,"bonus bLuk,1;
",,
5788,3D_Glasses,3D Glasses,Armor,,20,,100,0,0,1,0,0,,1,1,0,False,All,All,Both,Head_Mid,,,
5792,Fish_Pin,Fish Pin,Armor,,20,,100,0,0,3,0,0,,1,1,0,True,All,All,Both,Head_Top,,,
5793,Ribbon_Of_Life,Ribbon Of Life,Armor,,20,,0,0,0,2,0,0,,1,1,0,False,All,All,Both,Head_Mid,"bonus bInt,1;
bonus bMdef,2;
",,
5794,3D_Glasses_,3D Glasses,Armor,,20,,0,0,0,1,0,0,,1,1,0,False,All,All,Both,Head_Mid,,,
5796,Cheer_Scarf,Cheer Scarf,Armor,,,,0,0,0,0,0,0,,1,1,0,False,All,All,Both,Head_Low,,,
5797,Cheer_Scarf2,Cheer Scarf2,Armor,,,,0,0,0,0,0,0,,1,1,0,False,All,All,Both,Head_Low,,,
5798,Cheer_Scarf3,Cheer Scarf3,Armor,,,,0,0,0,0,0,0,,1,1,0,False,All,All,Both,Head_Low,,,
5799,Cheer_Scarf4,Cheer Scarf4,Armor,,,,0,0,0,0,0,0,,1,1,0,False,All,All,Both,Head_Low,,,
5800,Blush_Of_Groom,Blush of Groom,Armor,,20,,50,0,0,0,0,0,,1,0,0,False,All,All,Both,Head_Mid,"bonus2 bSubRace,RC_DemiHuman,3;
bonus2 bSubRace,RC_Player_Human,3;
",,
5801,Ribbon_Of_Bride,Red Tailed Ribbon,Armor,,20,,100,0,0,5,0,0,,1,0,0,True,All,All,Both,Head_Top,"bonus bAllStats,2;
bonus2 bSubRace,RC_DemiHuman,10;
bonus2 bSubRace,RC_Player_Human,10;
if (getskilllv(""AL_HEAL"") == 10) {
   bonus3 bAutoSpellWhenHit,""AL_HEAL"",10,20;
}
else {
   bonus3 bAutoSpellWhenHit,""AL_HEAL"",5,20;
}
",,
5802,Upgrade_Elephant_Hat,Upgraded Elephant Hat,Armor,,,,500,0,0,3,0,1,,1,0,0,True,All,All,Both,Head_Top,,,
5803,Flower_Love_Hat,Love Flower Hat,Armor,,20,,100,0,0,2,0,0,,1,0,0,True,All,All,Both,Head_Top,"bonus2 bAddMonsterDropItem,608,100;
",,
5804,Pirate_Eyepatch,Pirate Eye Bandage,Armor,,1000,,100,0,0,0,0,0,,1,0,0,False,All,All,Both,Head_Mid,,,
5805,Victorious_Coronet,Victorious Coronet,Armor,,,,150,0,0,1,0,0,,1,70,0,False,All,All,Both,Head_Top,"bonus bMaxHPrate,15;
bonus bSPrecovRate,5;
",,
5806,Poem_Natalia_Hat,Poet Natalie's Hat,Armor,,20,,300,0,0,5,0,0,,1,0,0,False,All,All,Both,Head_Top,,,
5807,October_Fest_Cap,October Fest Cap,Armor,,20,,100,0,0,1,0,0,,1,50,0,True,All,All,Both,Head_Top,,,
5808,Diabolus_Helmet,Dark Bacilium,Armor,,20,,250,0,0,5,0,1,,1,0,0,True,"Alchemist, Assassin, BardDancer, Blacksmith, Crusader, Hunter, Knight, Monk, Priest, Rogue, Sage, Wizard",Upper,Both,"Head_Low, Head_Mid, Head_Top","bonus2 bResEff,Eff_Stone,2000+(getrefine()*200);
bonus2 bResEff,Eff_Freeze,2000+(getrefine()*200);
bonus2 bResEff,Eff_Stun,2000+(getrefine()*200);
",,
5809,Boom_Boom_Hat,Boom Boom Hat,Armor,,,,100,0,0,6,0,0,,1,0,0,False,All,All,Both,Head_Top,"bonus bAllStats,5;
",,
5810,Ph.D_Hat_V,Ph.D Hat V,Armor,,20,,100,0,0,3,0,0,,1,0,0,True,All,All,Both,Head_Top,"bonus bInt,5;
bonus bVit,3;
bonus bDex,3;
",,
5811,Santa_Beard,Santa's Beard,Armor,,20,,100,0,0,5,0,0,,1,0,0,False,All,All,Both,Head_Low,,,
5812,Hat_Of_Expert,Hat Of Expert,Armor,,,,0,0,0,2,0,0,,1,0,0,True,All,All,Both,Head_Top,,,
5815,Classic_Hat_J,Classic Hat,Armor,,20,,500,0,0,2,0,0,,1,0,0,True,All,All,Both,Head_Top,"bonus bStr,1;
bonus2 bSubSize, 0, 5;
bonus2 bSubSize, 1, 5;
bonus2 bSubSize, 2, 5;
",,
5816,Cowboy_Hat_J,Purple Cowboy Hat,Armor,,20,,500,0,0,0,0,0,,1,0,0,True,All,All,Both,Head_Top,"bonus bBaseAtk,15;
bonus bFlee,-5;
",,
5817,Valentine_Pledge,Valentine Pledge,Armor,,20,,0,0,0,3,0,0,,1,0,0,False,All,All,Both,Both_Accessory,"bonus bAllStats,2;
bonus bMdef,3;
",,
5818,Carnival_Hat,Carnival Hat,Armor,,,,0,0,0,6,0,0,,1,0,0,True,All,All,Both,Head_Top,"bonus bAllStats, 3;
",,
5819,Carnival_Circlet,Carnival Circlet,Armor,,,,0,0,0,6,0,0,,1,0,0,True,All,All,Both,Head_Top,"bonus bAllStats, 3;
",,
5821,Gold_Tulip_Hairpin,Gold Tulip Hairpin,Armor,,10,,100,0,0,2,0,0,,1,0,0,True,All,All,Both,Head_Top,"bonus2 bExpAddClass,Class_All,5;
",,
5822,Love_Chick_Hat,Love Chick Hat,Armor,,10000,,100,0,0,4,0,0,,1,0,0,True,All,All,Both,Head_Top,"bonus bLuk,4;
bonus bMaxHP,100;
bonus bMaxSP,100;
bonus2 bSubRace,RC_DemiHuman,7;
bonus2 bSubRace,RC_Player_Human,7;
bonus2 bSubRace,RC_Undead,7;
",,
5824,Fools_Day_Hat,Fools Day Hat,Armor,,20,,300,0,0,6,0,1,,1,30,0,True,All,All,Both,Head_Top,,,
5826,Valkyrie_Helmet,Valkyrie Helmet,Armor,,,,0,0,0,10,0,0,,1,0,0,False,All,All,Both,Head_Top,"bonus bStr,2;
bonus bInt,2;
bonus bDex,2;
bonus bAgi,2;
bonus bMdef,5;
",,
5827,Book_File_Hat,Book File Hat,Armor,,20,,100,0,0,1,0,0,,1,1,0,True,All,All,Both,Head_Top,,,
5828,Honor_Gold_Ring,Honor Gold Ring,Armor,,,,50,0,0,0,0,0,,1,1,0,False,All,All,Both,Both_Accessory,"bonus bAllStats,1;
bonus bMdef,5;
",,
5844,Loyal_Ring3,Loyal Ring3,Armor,,,,0,0,0,0,0,0,,1,1,0,False,All,All,Both,Both_Accessory,"bonus bAllStats,3;
",,
5846,Buzzy_Ball_Gum,Buzzy Ball Gum,Armor,,50,,100,0,0,1,0,0,,1,1,0,False,All,All,Both,Head_Low,"bonus bMdef,5;
",,
5851,Summer_Knight,Summer Knight,Armor,,20,,0,0,0,1,0,0,,1,60,0,False,All,All,Both,"Head_Mid, Head_Top",,,
5856,Passion_FB_Hat,Passion FB Hat,Armor,,20,,600,0,0,2,0,1,,1,1,0,True,All,All,Both,Head_Top,"bonus bStr,2;
bonus bDex,2;
",,
5857,Cool_FB_Hat,Cool FB Hat,Armor,,20,,600,0,0,2,0,1,,1,1,0,True,All,All,Both,Head_Top,"bonus bInt,2;
bonus bVit,2;
",,
5858,Victory_FB_Hat,Victory FB Hat,Armor,,20,,600,0,0,2,0,1,,1,1,0,True,All,All,Both,Head_Top,"bonus bInt,2;
bonus bDex,2;
",,
5859,Glory_FB_Hat,Glory FB Hat,Armor,,20,,600,0,0,2,0,1,,1,1,0,True,All,All,Both,Head_Top,"bonus bAllStats,1;
",,
9001,Poring_Egg,Poring Egg,Petegg,,20,,0,0,0,0,0,0,,,0,0,False,All,All,Both,,,,
9002,Drops_Egg,Drops Egg,Petegg,,20,,0,0,0,0,0,0,,,0,0,False,All,All,Both,,,,
9003,Poporing_Egg,Poporing Egg,Petegg,,20,,0,0,0,0,0,0,,,0,0,False,All,All,Both,,,,
9004,Lunatic_Egg,Lunatic Egg,Petegg,,20,,0,0,0,0,0,0,,,0,0,False,All,All,Both,,,,
9005,Picky_Egg,Picky Egg,Petegg,,20,,0,0,0,0,0,0,,,0,0,False,All,All,Both,,,,
9006,Chonchon_Egg,Chonchon Egg,Petegg,,20,,0,0,0,0,0,0,,,0,0,False,All,All,Both,,,,
9007,Steel_Chonchon_Egg,Steel Chonchon Egg,Petegg,,20,,0,0,0,0,0,0,,,0,0,False,All,All,Both,,,,
9008,Hunter_Fly_Egg,Hunter Fly Egg,Petegg,,20,,0,0,0,0,0,0,,,0,0,False,All,All,Both,,,,
9009,Savage_Bebe_Egg,Savage Babe Egg,Petegg,,20,,0,0,0,0,0,0,,,0,0,False,All,All,Both,,,,
9010,Baby_Desert_Wolf_Egg,Baby Desert Wolf Egg,Petegg,,20,,0,0,0,0,0,0,,,0,0,False,All,All,Both,,,,
9011,Rocker_Egg,Rocker Egg,Petegg,,20,,0,0,0,0,0,0,,,0,0,False,All,All,Both,,,,
9012,Spore_Egg,Spore Egg,Petegg,,20,,0,0,0,0,0,0,,,0,0,False,All,All,Both,,,,
9013,Poison_Spore_Egg,Poison Spore Egg,Petegg,,20,,0,0,0,0,0,0,,,0,0,False,All,All,Both,,,,
9014,PecoPeco_Egg,Peco Peco Egg,Petegg,,20,,0,0,0,0,0,0,,,0,0,False,All,All,Both,,,,
9015,Smokie_Egg,Smokie Egg,Petegg,,20,,0,0,0,0,0,0,,,0,0,False,All,All,Both,,,,
9016,Yoyo_Egg,Yoyo Egg,Petegg,,20,,0,0,0,0,0,0,,,0,0,False,All,All,Both,,,,
9017,Orc_Warrior_Egg,Orc Warrior Egg,Petegg,,20,,0,0,0,0,0,0,,,0,0,False,All,All,Both,,,,
9018,Munak_Egg,Munak Egg,Petegg,,20,,0,0,0,0,0,0,,,0,0,False,All,All,Both,,,,
9019,Dokkaebi_Egg,Dokebi Egg,Petegg,,20,,0,0,0,0,0,0,,,0,0,False,All,All,Both,,,,
9020,Sohee_Egg,Sohee Egg,Petegg,,20,,0,0,0,0,0,0,,,0,0,False,All,All,Both,,,,
9021,Isis_Egg,Isis Egg,Petegg,,20,,0,0,0,0,0,0,,,0,0,False,All,All,Both,,,,
9022,Green_Petite_Egg,Green Petite Egg,Petegg,,20,,0,0,0,0,0,0,,,0,0,False,All,All,Both,,,,
9023,Deviruchi_Egg,Deviruchi Egg,Petegg,,20,,0,0,0,0,0,0,,,0,0,False,All,All,Both,,,,
9024,Bapho_Jr._Egg,Bapho Jr. Egg,Petegg,,20,,0,0,0,0,0,0,,,0,0,False,All,All,Both,,,,
9025,Bongun_Egg,Bongun Egg,Petegg,,20,,0,0,0,0,0,0,,,0,0,False,All,All,Both,,,,
9026,Zherlthsh_Egg,Zealotus Egg,Petegg,,20,,0,0,0,0,0,0,,,0,0,False,All,All,Both,,,,
9027,Alice_Egg,Alice Egg,Petegg,,20,,0,0,0,0,0,0,,,0,0,False,All,All,Both,,,,
9028,Rice_Cake_Egg,Hard Rice Cake,Petegg,,20,,0,0,0,0,0,0,,,0,0,False,All,All,Both,,,,
9029,Santa_Goblin_Egg,Christmas Goblin's Egg,Petegg,,20,,0,0,0,0,0,0,,,0,0,False,All,All,Both,,,,
9030,Chung_E_Egg,Green Maiden Egg,Petegg,,20,,0,0,0,0,0,0,,,0,0,False,All,All,Both,,,,
9031,Spring_Rabbit_Egg,Spring Rabbit Egg,Petegg,,20,,0,0,0,0,0,0,,,0,0,False,All,All,Both,,,,
9032,Knife_Goblin_Egg,Knife Goblin Egg,Petegg,,20,,0,0,0,0,0,0,,,0,0,False,All,All,Both,,,,
9033,Flail_Goblin_Egg,Flail Goblin Egg,Petegg,,20,,0,0,0,0,0,0,,,0,0,False,All,All,Both,,,,
9034,Hammer_Goblin_Egg,Hammer Goblin Egg,Petegg,,20,,0,0,0,0,0,0,,,0,0,False,All,All,Both,,,,
9035,Red_Deleter_Egg,Red Deleter Egg,Petegg,,20,,0,0,0,0,0,0,,,0,0,False,All,All,Both,,,,
9036,Diabolic_Egg,Diabolic Egg,Petegg,,20,,0,0,0,0,0,0,,,0,0,False,All,All,Both,,,,
9037,Wanderer_Egg,Wanderer Egg,Petegg,,20,,0,0,0,0,0,0,,,0,0,False,All,All,Both,,,,
9038,New_Year_Doll_Egg,New Year Doll Egg,Petegg,,20,,0,0,0,0,0,0,,,0,0,False,All,All,Both,,,,
9039,Bacsojin_Egg,Bacsojin Egg,Petegg,,20,,0,0,0,0,0,0,,,0,0,False,All,All,Both,,,,
9040,Civil_Servant_Egg,Civil Servant Egg,Petegg,,20,,0,0,0,0,0,0,,,0,0,False,All,All,Both,,,,
9041,Leaf_Cat_Egg,Leaf Cat Egg,Petegg,,20,,0,0,0,0,0,0,,,0,0,False,All,All,Both,,,,
9042,Loli_Ruri_Egg,Loli Ruri Egg,Petegg,,20,,0,0,0,0,0,0,,,0,0,False,All,All,Both,,,,
9043,Marionette_Egg,Marionette Egg,Petegg,,20,,0,0,0,0,0,0,,,0,0,False,All,All,Both,,,,
9044,Shinobi_Egg,Shinobi Egg,Petegg,,20,,0,0,0,0,0,0,,,0,0,False,All,All,Both,,,,
9045,Whisper_Egg,Whisper Egg,Petegg,,20,,0,0,0,0,0,0,,,0,0,False,All,All,Both,,,,
9046,Goblin_Leader_Egg,Goblin Leader Egg,Petegg,,20,,0,0,0,0,0,0,,,0,0,False,All,All,Both,,,,
9047,Wicked_Nymph_Egg,Wicked Nymph Egg,Petegg,,20,,0,0,0,0,0,0,,,0,0,False,All,All,Both,,,,
9048,Miyabi_Ningyo_Egg,Miyabi Ningyo Egg,Petegg,,20,,0,0,0,0,0,0,,,0,0,False,All,All,Both,,,,
9049,Dullahan_Egg,Dullahan Egg,Petegg,,20,,0,0,0,0,0,0,,,0,0,False,All,All,Both,,,,
9050,Medusa_Egg,Medusa Egg,Petegg,,20,,0,0,0,0,0,0,,,0,0,False,All,All,Both,,,,
9051,Stone_Shooter_Egg,Stone Shooter Egg,Petegg,,20,,0,0,0,0,0,0,,,0,0,False,All,All,Both,,,,
9052,Incubus_Egg,Incubus Egg,Petegg,,20,,0,0,0,0,0,0,,,0,0,False,All,All,Both,,,,
9053,Golem_Egg,Golem Egg,Petegg,,20,,0,0,0,0,0,0,,,0,0,False,All,All,Both,,,,
9054,Nightmare_Terror_Egg,Nightmare Terror Egg,Petegg,,20,,0,0,0,0,0,0,,,0,0,False,All,All,Both,,,,
9055,Succubus_Egg,Succubus Egg,Petegg,,20,,0,0,0,0,0,0,,,0,0,False,All,All,Both,,,,
9056,Imp_Egg,Imp Egg,Petegg,,20,,0,0,0,0,0,0,,,0,0,False,All,All,Both,,,,
10001,Skull_Helm,Skull Helm,Petarmor,,20,,0,0,0,0,0,0,,,0,0,False,All,All,Both,,,,
10002,Monster_Oxygen_Mask,Monster Oxygen Mask,Petarmor,,20,,0,0,0,0,0,0,,,0,0,False,All,All,Both,,,,
10003,Transparent_Headgear,Transparent Head Protector,Petarmor,,20,,0,0,0,0,0,0,,,0,0,False,All,All,Both,,,,
10004,Pacifier,Pacifier,Petarmor,,20,,0,0,0,0,0,0,,,0,0,False,All,All,Both,,,,
10005,Wig,Wig,Petarmor,,20,,0,0,0,0,0,0,,,0,0,False,All,All,Both,,,,
10006,Queen's_Hair_Ornament,Queen's Hair Ornament,Petarmor,,20,,0,0,0,0,0,0,,,0,0,False,All,All,Both,,,,
10007,Silk_Ribbon,Silk Ribbon,Petarmor,,20,,0,0,0,0,0,0,,,0,0,False,All,All,Both,,,,
10008,Punisher,Punisher,Petarmor,,20,,0,0,0,0,0,0,,,0,0,False,All,All,Both,,,,
10009,Wild_Flower,Wild Flower,Petarmor,,20,,0,0,0,0,0,0,,,0,0,False,All,All,Both,,,,
10010,Battered_Pot,Battered Pot,Petarmor,,20,,0,0,0,0,0,0,,,0,0,False,All,All,Both,,,,
10011,Stellar_Hairpin,Stellar Hairpin,Petarmor,,20,,0,0,0,0,0,0,,,0,0,False,All,All,Both,,,,
10012,Tiny_Egg_Shell,Tiny Egg Shell,Petarmor,,20,,0,0,0,0,0,0,,,0,0,False,All,All,Both,,,,
10013,Backpack,Backpack,Petarmor,,1500,,0,0,0,0,0,0,,,0,0,False,All,All,Both,,,,
10014,Rocker_Glasses,Rocker Glasses,Petarmor,,2000,,0,0,0,0,0,0,,,0,0,False,All,All,Both,,,,
10015,Green_Lace,Green Lace,Petarmor,,20,,0,0,0,0,0,0,,,0,0,False,All,All,Both,,,,
10016,Golden_Bell,Golden Bell,Petarmor,,20,,0,0,0,0,0,0,,,0,0,False,All,All,Both,,,,
10017,Bark_Shorts,Bark Shorts,Petarmor,,20,,0,0,0,0,0,0,,,0,0,False,All,All,Both,,,,
10018,Monkey_Circlet,Monkey Circlet,Petarmor,,20,,0,0,0,0,0,0,,,0,0,False,All,All,Both,,,,
10019,Red_Muffler,Red Scarf,Petarmor,,20,,0,0,0,0,0,0,,,0,0,False,All,All,Both,,,,
10020,Sword_Of_Grave_Keeper,Grave Keeper's Sword,Petarmor,,20,,0,0,0,0,0,0,,,0,0,False,All,All,Both,,,,
10021,Round_Hair_Ornament,Circular Headgear,Petarmor,,20,,0,0,0,0,0,0,,,0,0,False,All,All,Both,,,,
10022,Golden_Earing,Gold Earring,Petarmor,,20,,0,0,0,0,0,0,,,0,0,False,All,All,Both,,,,
10023,Green_Lucky_Bag,Green Jewel Bag,Petarmor,,20,,0,0,0,0,0,0,,,0,0,False,All,All,Both,,,,
10024,Fashionable_Glasses,Fashion Glasses,Petarmor,,20,,0,0,0,0,0,0,,,0,0,False,All,All,Both,,,,
10025,Star_Hairband,Hairband Of Stars,Petarmor,,20,,0,0,0,0,0,0,,,0,0,False,All,All,Both,,,,
10026,Wine_On_Sleeve,Tassel for Durumagi,Petarmor,,20,,0,0,0,0,0,0,,,0,0,False,All,All,Both,,,,
10027,Spirit_Chain_,Pet Soul Ring,Petarmor,,20,,0,0,0,0,0,0,,,0,0,False,All,All,Both,,,,
10028,Nice_Badge,Beautiful Badges,Petarmor,,20,,0,0,0,0,0,0,,,0,0,False,All,All,Both,,,,
10029,Jade_Trinket,Jade Trinket,Petarmor,,20,,0,0,0,0,0,0,,,0,0,False,All,All,Both,,,,
10030,Summer_Fan,Summer Fan,Petarmor,,20,,0,0,0,0,0,0,,,0,0,False,All,All,Both,,,,
10031,Death_Coil,Ring Of Death,Petarmor,,20,,0,0,0,0,0,0,,,0,0,False,All,All,Both,,,,
10032,Queen's_Coronet,Queen's Coronet,Petarmor,,20,,0,0,0,0,0,0,,,0,0,False,All,All,Both,,,,
10033,Apro_Hair,Afro,Petarmor,,20,,0,0,0,0,0,0,,,0,0,False,All,All,Both,,,,
10034,Ball_Mask,Masked Ball,Petarmor,,20,,0,0,0,0,0,0,,,0,0,False,All,All,Both,,,,
10035,Windup_Spring,Spring,Petarmor,,20,,0,0,0,0,0,0,,,0,0,False,All,All,Both,,,,
10036,Hell_Horn,Horn Of Hell,Petarmor,,20,,0,0,0,0,0,0,,,0,0,False,All,All,Both,,,,
10037,Black_Butterfly_Mask,Black Butterfly Mask,Petarmor,,20,,0,0,0,0,0,0,,,0,0,False,All,All,Both,,,,
10038,Horn_Protector,Horn Barrier,Petarmor,,20,,0,0,0,0,0,0,,,0,0,False,All,All,Both,,,,
13000,Jujube_Dagger,Jujube Dagger,Weapon,Dagger,10000,,600,39,0,0,1,0,1,,1,0,True,"Alchemist, Archer, Assassin, BardDancer, Blacksmith, Crusader, Hunter, Knight, Mage, Merchant, Ninja, Novice, Rogue, Sage, SoulLinker, SuperNovice, Swordman, Thief, Wizard",All,Both,Right_Hand,"bonus bAtkEle,Ele_Wind;
",,
13001,Dragon_Killer,Dragon Killer,Weapon,Dagger,20,,900,110,0,0,1,0,4,,60,0,True,"Alchemist, Archer, Assassin, BardDancer, Blacksmith, Crusader, Hunter, Knight, Mage, Merchant, Ninja, Novice, Rogue, Sage, SoulLinker, SuperNovice, Swordman, Thief, Wizard",All,Both,Right_Hand,"bonus bIgnoreDefRace,RC_Dragon;
bonus2 bExpAddRace,RC_Dragon,10;
",,
13002,Ginnungagap,Ginnungagap,Weapon,Dagger,20,,700,148,0,0,1,0,4,,70,0,True,"Alchemist, Archer, Assassin, BardDancer, Blacksmith, Crusader, Hunter, Knight, Mage, Merchant, Ninja, Novice, Rogue, Sage, SoulLinker, SuperNovice, Swordman, Thief, Wizard",All,Both,Right_Hand,"bonus bAtkEle,Ele_Dark;
bonus2 bAddEff,Eff_Blind,500;
bonus2 bAddEff2,Eff_Blind,50;
",,
13003,Coward,Cowardice Blade,Weapon,Dagger,52000,,700,80,0,0,1,1,3,,55,0,True,"Assassin, Ninja, Rogue, Thief",All,Both,Right_Hand,"bonus bDef,5;
",,
13004,Coward_,Cowardice Blade,Weapon,Dagger,52000,,700,80,0,0,1,2,3,,55,0,True,"Assassin, Ninja, Rogue, Thief",All,Both,Right_Hand,"bonus bDef,5;
",,
13005,Angelwing_Short_Sword,Angelic Wing Dagger,Weapon,Dagger,20,,600,120,0,0,1,2,4,,50,0,True,"Novice, SuperNovice",All,Both,Right_Hand,,,
13006,Khukri,Khukri,Weapon,Dagger,240000,,600,150,0,0,1,0,3,,65,0,True,Ninja,All,Both,Right_Hand,"bonus bAtkEle,Ele_Dark;
bonus2 bAddEff,Eff_Curse,1000;
",,
13007,Jitte,Jitte,Weapon,Dagger,20000,,400,70,0,0,1,0,2,,35,0,True,Ninja,All,Both,Right_Hand,"bonus bBreakWeaponRate,200;
",,
13008,Jitte_,Jitte,Weapon,Dagger,20000,,400,70,0,0,1,1,2,,35,0,True,Ninja,All,Both,Right_Hand,"bonus bBreakWeaponRate,200;
",,
13009,Kamaitachi,Kamaitachi,Weapon,Dagger,48000,,900,125,0,0,2,0,4,,70,0,True,Ninja,All,Both,Right_Hand,"bonus bAtkEle,Ele_Wind;
bonus bCritical,3;
bonus bAspdRate,3;
",,
13010,Asura,Asura,Weapon,Dagger,3000,,600,50,0,0,1,2,1,,12,0,True,Ninja,All,Both,Right_Hand,"bonus bMatkRate,10;
",,
13011,Asura_,Asura,Weapon,Dagger,3000,,600,50,0,0,1,3,1,,12,0,True,Ninja,All,Both,Right_Hand,"bonus bMatkRate,10;
",,
13012,Murasame,Murasame,Weapon,Dagger,20,,700,95,0,0,1,1,2,,24,0,True,Ninja,All,Both,Right_Hand,"bonus bAtkEle,Ele_Water;
bonus2 bCriticalAddRace,RC_DemiHuman,10;
bonus2 bCriticalAddRace,RC_Player_Human,10;
",,
13013,Murasame_,Murasame,Weapon,Dagger,20,,700,95,0,0,1,2,2,,24,0,True,Ninja,All,Both,Right_Hand,"bonus bAtkEle,Ele_Water;
bonus2 bCriticalAddRace,RC_DemiHuman,10;
bonus2 bCriticalAddRace,RC_Player_Human,10;
",,
13014,Hakujin,Hakujin,Weapon,Dagger,20,,800,120,0,0,1,0,3,,42,0,True,Ninja,All,Both,Right_Hand,"bonus bInt,2;
bonus3 bAutoSpell,""AL_HEAL"",1,10;
",,
13015,Hakujin_,Hakujin,Weapon,Dagger,20,,800,120,0,0,1,1,3,,42,0,True,Ninja,All,Both,Right_Hand,"bonus bInt,2;
bonus3 bAutoSpell,""AL_HEAL"",1,10;
",,
13016,Poison_Knife_,Poison Knife,Weapon,Dagger,20,,800,64,0,0,1,2,3,,65,0,True,"Alchemist, Archer, Assassin, BardDancer, Blacksmith, Crusader, Hunter, Knight, Mage, Merchant, Ninja, Rogue, Sage, SoulLinker, Swordman, Thief, Wizard",All,Both,Right_Hand,"bonus bAtkEle,Ele_Poison;
bonus2 bAddEff,Eff_Poison,3000;
",,
13017,House_Auger_,Ice Pick,Weapon,Dagger,20,,600,70,0,0,1,1,4,,36,0,True,"Alchemist, Archer, Assassin, BardDancer, Blacksmith, Crusader, Hunter, Knight, Mage, Merchant, Ninja, Rogue, Sage, SoulLinker, Swordman, Thief, Wizard",All,Both,Right_Hand,"bonus bDefRatioAtkClass,Class_All;
",,
13018,Sucsamad_,Sucsamad,Weapon,Dagger,20,,800,140,0,0,1,1,4,,36,0,True,"Alchemist, Archer, Assassin, BardDancer, Blacksmith, Crusader, Hunter, Knight, Mage, Merchant, Ninja, Rogue, Sage, SoulLinker, Swordman, Thief, Wizard",All,Both,Right_Hand,"bonus2 bAddEle,Ele_Earth,10;
bonus2 bAddEle,Ele_Wind,10;
bonus bUnbreakableWeapon;
",,
13019,Ginnungagap_,Ginnungagap,Weapon,Dagger,20,,700,148,0,0,1,1,4,,70,0,True,"Alchemist, Archer, Assassin, BardDancer, Blacksmith, Crusader, Hunter, Knight, Mage, Merchant, Ninja, Novice, Rogue, Sage, SoulLinker, SuperNovice, Swordman, Thief, Wizard",All,Both,Right_Hand,"bonus bAtkEle,Ele_Dark;
bonus2 bAddEff,Eff_Blind,500;
bonus2 bAddEff2,Eff_Blind,50;
",,
13020,Warrior_Balmung_,Warrior's Balmung,Weapon,Dagger,20,,1000,170,0,0,1,0,4,,48,0,True,All,All,Both,Right_Hand,"bonus bAllStats,5;
",,
13021,Combat_Knife_C,Combat Knife,Weapon,Dagger,1,,0,129,0,0,1,0,4,,1,0,False,"Alchemist, Archer, Assassin, BardDancer, Blacksmith, Crusader, Hunter, Knight, Mage, Merchant, Ninja, Rogue, Sage, SoulLinker, Swordman, Thief, Wizard",All,Both,Right_Hand,"bonus bIgnoreDefRace,RC_DemiHuman;
bonus bIgnoreDefRace,RC_Player_Human;
bonus2 bSubRace,RC_DemiHuman,10;
bonus2 bSubRace,RC_Player_Human,10;
bonus2 bSubRace,RC_Demon,-10;
bonus bMaxSPrate,10;
bonus bSPDrainValue,3;
",,
13022,Counter_Dagger_C,Dagger of Counter,Weapon,Dagger,1,,0,209,0,0,1,0,4,,1,0,False,"Mage, Sage, SoulLinker, Wizard",All,Both,Right_Hand,"bonus bCritical,90;
",,
13023,Asura_C,Ashura,Weapon,Dagger,1,,0,120,0,0,1,0,1,,1,0,False,Ninja,All,Both,Right_Hand,"bonus bMatkRate,15;
",,
13024,Sword_Breaker_C,Refined Swordbreaker,Weapon,Dagger,2,,0,105,0,0,1,0,4,,0,0,False,"Alchemist, Archer, Assassin, BardDancer, Blacksmith, Crusader, Hunter, Knight, Mage, Merchant, Ninja, Rogue, Sage, SoulLinker, Swordman, Thief, Wizard",All,Both,Right_Hand,"bonus bBreakWeaponRate,500;
",,
13025,Mail_Breaker_C,Refined Mailbreaker,Weapon,Dagger,2,,0,105,0,0,1,0,4,,0,0,False,"Alchemist, Archer, Assassin, BardDancer, Blacksmith, Crusader, Hunter, Knight, Mage, Merchant, Ninja, Rogue, Sage, SoulLinker, Swordman, Thief, Wizard",All,Both,Right_Hand,"bonus bBreakArmorRate,500;
",,
13026,Moonlight_Sword_C,Moonlight Dagger,Weapon,Dagger,2,,0,85,0,0,1,0,4,,0,0,False,"Alchemist, Archer, Assassin, BardDancer, Blacksmith, Crusader, Hunter, Knight, Mage, Merchant, Ninja, Rogue, Sage, SoulLinker, Swordman, Thief, Wizard",All,Both,Right_Hand,"bonus bMaxSPrate,10;
bonus bSPDrainValue,3;
",,
13027,Scalpel,Scalpel,Weapon,Dagger,20,,500,120,0,0,1,3,4,,55,0,True,"Alchemist, Archer, Assassin, BardDancer, Blacksmith, Crusader, Hunter, Knight, Mage, Merchant, Ninja, Rogue, Sage, SoulLinker, Swordman, Thief, Wizard",Upper,Both,Right_Hand,"bonus2 bAddEff,Eff_Bleeding,500;
",,
13028,Tooth_Blade,Tooth Blade,Weapon,Dagger,20,,700,130,0,0,1,1,4,,55,0,True,"Alchemist, Archer, Assassin, BardDancer, Blacksmith, Crusader, Hunter, Knight, Mage, Merchant, Ninja, Rogue, Sage, SoulLinker, Swordman, Thief, Wizard",Upper,Both,Right_Hand,"if (getrefine()>=9) {
   bonus3 bAutoSpell,""NPC_SLOWCAST"",2,70;
} else
   bonus3 bAutoSpell,""NPC_SLOWCAST"",1,50;
",,
13029,Prinsence_Knife,Prinsense Knife,Weapon,Dagger,20,,0,120,0,0,1,0,1,,0,0,False,"Alchemist, Archer, Assassin, BardDancer, Blacksmith, Crusader, Hunter, Knight, Mage, Merchant, Ninja, Rogue, Sage, SoulLinker, Swordman, Thief, Wizard",All,Both,Right_Hand,"bonus2 bAddClass,Class_All,50;
",,
13030,Dragon_Killer_,Dragon Killer,Weapon,Dagger,20,,900,110,0,0,1,2,4,,60,0,True,"Alchemist, Archer, Assassin, BardDancer, Blacksmith, Crusader, Hunter, Knight, Mage, Merchant, Ninja, Novice, Rogue, Sage, SoulLinker, SuperNovice, Swordman, Thief, Wizard",All,Both,Right_Hand,"bonus bIgnoreDefRace,RC_Dragon;
bonus2 bExpAddRace,RC_Dragon,10;
",,
13031,Sword_Breaker_,Swordbreaker,Weapon,Dagger,20,,1000,70,0,0,1,3,4,,36,0,True,"Alchemist, Archer, Assassin, BardDancer, Blacksmith, Crusader, Hunter, Knight, Mage, Merchant, Ninja, Rogue, Sage, SoulLinker, Swordman, Thief, Wizard",All,Both,Right_Hand,"bonus bBreakWeaponRate,500;
",,
13032,Mail_Breaker_,Mailbreaker,Weapon,Dagger,20,,1000,70,0,0,1,3,4,,36,0,True,"Alchemist, Archer, Assassin, BardDancer, Blacksmith, Crusader, Hunter, Knight, Mage, Merchant, Ninja, Rogue, Sage, SoulLinker, Swordman, Thief, Wizard",All,Both,Right_Hand,"bonus bBreakArmorRate,500;
",,
13033,Assasin_Dagger_,Assassin Dagger,Weapon,Dagger,20,,600,140,0,0,1,1,4,,36,0,True,Assassin,All,Both,Right_Hand,"bonus bMaxHPrate,20;
bonus bMaxSPrate,15;
bonus bAspdRate,2;
bonus bAtkEle,Ele_Dark;
",,
13034,Twilight_Desert,Desert Twilight,Weapon,Dagger,20,,600,130,0,0,1,2,2,,70,0,True,Assassin,Upper,Both,Right_Hand,,,
13035,Sandstorm,Sandstorm,Weapon,Dagger,20,,600,50,0,0,1,4,2,,70,0,True,Assassin,Upper,Both,Right_Hand,,,
13036,BF_Dagger1,Brave Assassin's Damascus,Weapon,Dagger,20,,0,120,0,0,1,0,3,,80,0,True,"Alchemist, Archer, Assassin, BardDancer, Blacksmith, Crusader, Hunter, Knight, Mage, Merchant, Ninja, Novice, Rogue, Sage, SoulLinker, SuperNovice, Swordman, Thief, Wizard",All,Both,Right_Hand,"bonus bStr,1;
bonus bAgi,1;
bonus2 bAddRace,RC_DemiHuman,75;
bonus2 bAddRace,RC_Player_Human,75;
bonus2 bIgnoreDefRaceRate,RC_DemiHuman,20;
bonus2 bIgnoreDefRaceRate,RC_Player_Human,20;
bonus bUnbreakableWeapon;
if (Class == Job_Ninja || Class == Job_Rogue || Class == Job_Stalker)
   bonus bMatkRate,15;
",,
13037,BF_Dagger2,Valorous Assassin's Damascus,Weapon,Dagger,20,,0,120,0,0,1,0,3,,80,0,True,"Alchemist, Archer, Assassin, BardDancer, Blacksmith, Crusader, Hunter, Knight, Mage, Merchant, Ninja, Novice, Rogue, Sage, SoulLinker, SuperNovice, Swordman, Thief, Wizard",All,Both,Right_Hand,"bonus bStr,1;
bonus bAgi,1;
bonus2 bAddRace,RC_DemiHuman,75;
bonus2 bAddRace,RC_Player_Human,75;
bonus bUnbreakableWeapon;
autobonus ""{ bonus bDefRatioAtkClass,Class_All; }"",10,6000,BF_WEAPON,""{ specialeffect2 EF_HASTEUP; }"";
if (Class == Job_Ninja || Class == Job_Rogue || Class == Job_Stalker)
   bonus bMatkRate,15;
",,
13038,Dagger_Of_Hunter,Dagger of Hunter,Weapon,Dagger,20,,700,120,0,0,1,3,3,,70,0,True,Rogue,Upper,Both,Right_Hand,"bonus bStr,1;
bonus bAgi,2;
bonus bDex,1;
bonus4 bAutoSpellOnSkill,""RG_BACKSTAP"",""SM_BASH"",10,100;
bonus2 bSkillAtk,""RG_BACKSTAP"",20;
",,
13039,Ivory_Knife,Ivory Knife,Weapon,Dagger,20,,700,130,0,0,1,2,3,,50,0,True,"Alchemist, Archer, Assassin, BardDancer, Blacksmith, Crusader, Hunter, Knight, Mage, Merchant, Ninja, Rogue, Sage, SoulLinker, Swordman, Thief, Wizard",Upper,Both,Right_Hand,"bonus bAgi,2;
bonus bAspdRate,3;
bonus2 bAddEff,Eff_Bleeding,300;
bonus3 bAutoSpell,""NPC_CRITICALWOUND"",1,30;
",,
13040,N_Cutter,Novice Cutter,Weapon,Dagger,,,0,50,0,0,1,3,1,,1,0,False,"Alchemist, Archer, Assassin, BardDancer, Blacksmith, Crusader, Hunter, Knight, Mage, Merchant, Ninja, Novice, Rogue, Sage, SoulLinker, SuperNovice, Swordman, Thief, Wizard",All,Both,Right_Hand,,,
13041,N_Main_Gauche,Novice Main Gauche,Weapon,Dagger,,,0,63,0,0,1,3,1,,1,0,False,"Alchemist, Archer, Assassin, BardDancer, Blacksmith, Crusader, Hunter, Knight, Mage, Merchant, Ninja, Novice, Rogue, Sage, SoulLinker, SuperNovice, Swordman, Thief, Wizard",All,Both,Right_Hand,,,
13042,Krieger_Dagger1,Glorious Gladius,Weapon,Dagger,20,,0,120,0,0,1,0,4,,80,0,True,"Alchemist, Archer, Assassin, BardDancer, Blacksmith, Crusader, Hunter, Knight, Mage, Merchant, Ninja, Novice, Rogue, Sage, SoulLinker, SuperNovice, Swordman, Thief, Wizard",All,Both,Right_Hand,"bonus2 bAddRace,RC_DemiHuman,75;
bonus2 bAddRace,RC_Player_Human,75;
bonus2 bIgnoreDefRaceRate,RC_DemiHuman,20;
bonus2 bIgnoreDefRaceRate,RC_Player_Human,20;
bonus3 bAutoSpell,""PR_LEXDIVINA"",1,20;
bonus bUnbreakableWeapon;
if (getrefine()>5) {
   bonus2 bAddRace,RC_DemiHuman,(getrefine()-4)*(getrefine()-4);
   bonus2 bAddRace,RC_Player_Human,(getrefine()-4)*(getrefine()-4);
   bonus2 bIgnoreDefRaceRate,RC_DemiHuman,5;
   bonus2 bIgnoreDefRaceRate,RC_Player_Human,5;
}
if (getrefine()>8)
   bonus4 bAutoSpellOnSkill,""RG_RAID"",""NPC_WIDEBLEEDING"",1,250;
",,
13043,Fortune_Sword_I,Fortune Sword,Weapon,Dagger,,,0,120,0,0,1,0,4,,0,0,False,"Alchemist, Archer, Assassin, BardDancer, Blacksmith, Crusader, Hunter, Knight, Mage, Merchant, Ninja, Rogue, Sage, SoulLinker, Swordman, Thief, Wizard",All,Both,Right_Hand,"bonus bLuk,5;
",,
13044,House_Auger_I,Ice Pick,Weapon,Dagger,,,0,105,0,0,1,0,4,,0,0,False,"Alchemist, Archer, Assassin, BardDancer, Blacksmith, Crusader, Hunter, Knight, Mage, Merchant, Ninja, Rogue, Sage, SoulLinker, Swordman, Thief, Wizard",All,Both,Right_Hand,,,
13045,Kamaitachi_I,Kamaitachi,Weapon,Dagger,,,0,155,0,0,2,0,4,,0,0,False,Ninja,All,Both,Right_Hand,,,
13046,Krieg,Krierg,Weapon,Dagger,20,,500,110,0,0,1,3,2,,50,0,True,"Assassin, Rogue, Thief",Upper,Both,Right_Hand,"bonus3 bAddEffOnSkill,""RG_BACKSTAP"",Eff_Bleeding,1000;
bonus2 bSkillAtk,""RG_BACKSTAP"",15;
",,
13047,Weihna,Weihna,Weapon,Dagger,20,,500,135,0,0,1,2,3,,50,0,True,"Assassin, Rogue, Thief",Upper,Both,Right_Hand,"bonus3 bAddEffOnSkill,""RG_RAID"",Eff_Poison,1000;
autobonus ""{ bonus2 bAddClass,Class_All,10; }"",5,5000,BF_WEAPON|BF_SHORT,""{ specialeffect2 EF_POTION_BERSERK; }"";
",,
13048,Damascus_C,Damascus,Weapon,Dagger,,,0,153,0,0,1,0,3,,1,0,False,"Alchemist, Archer, Assassin, BardDancer, Blacksmith, Crusader, Hunter, Knight, Mage, Merchant, Ninja, Rogue, Sage, SoulLinker, Swordman, Thief, Wizard",All,Both,Right_Hand,"bonus2 bAddSize,Size_All,40;
",,
13100,Six_Shooter,Six Shooter,Weapon,Revolver,4500,,400,30,0,0,7,1,1,,10,0,True,Gunslinger,All,Both,Both_Hand,"bonus bHit,-10;
",,
13101,Six_Shooter_,Six Shooter,Weapon,Revolver,4500,,400,30,0,0,7,2,1,,10,0,True,Gunslinger,All,Both,Both_Hand,"bonus bHit,-10;
",,
13102,Crimson_Bolt,Crimson Bolt,Weapon,Revolver,20000,,450,45,0,0,7,1,2,,35,0,True,Gunslinger,All,Both,Both_Hand,"bonus bHit,-10;
",,
13103,Crimson_Bolt_,Crimson Bolt,Weapon,Revolver,20000,,450,45,0,0,7,2,2,,35,0,True,Gunslinger,All,Both,Both_Hand,"bonus bHit,-10;
",,
13104,The_Garrison,Garrison,Weapon,Revolver,48000,,500,70,0,0,7,1,2,,55,0,True,Gunslinger,All,Both,Both_Hand,"bonus bHit,-10;
",,
13105,The_Garrison_,Garrison,Weapon,Revolver,48000,,500,70,0,0,7,2,2,,55,0,True,Gunslinger,All,Both,Both_Hand,"bonus bHit,-10;
",,
13106,Gold_Lux,Gold Lux,Weapon,Revolver,100000,,500,20,0,0,7,0,3,,12,0,True,Gunslinger,All,Both,Both_Hand,"bonus bHit,-10;
if (getskilllv(""GS_GLITTERING"")>0)
   bonus3 bAutoSpell,""GS_GLITTERING"",getskilllv(""GS_GLITTERING""),100;
",,
13107,Wasteland_Outlaw,Wasteland's Outlaw,Weapon,Revolver,20,,580,68,0,0,7,2,3,,70,0,True,Gunslinger,All,Both,Both_Hand,"bonus bHit,readparam(bAgi)/10;
bonus bAspdRate,readparam(bAgi)/14;
",,
13108,BF_Pistol1,Soldier Revolver,Weapon,Revolver,,,0,70,0,0,7,0,3,,80,0,True,Gunslinger,All,Both,Both_Hand,"bonus bDex,2;
bonus bHit,-10;
bonus2 bAddRace,RC_DemiHuman,55;
bonus2 bAddRace,RC_Player_Human,55;
bonus2 bIgnoreDefRaceRate,RC_DemiHuman,20;
bonus2 bIgnoreDefRaceRate,RC_Player_Human,20;
autobonus ""{ bonus bAspdRate,100; }"",10,3000,BF_WEAPON,""{ specialeffect2 EF_POTION_BERSERK; }"";
bonus bUnbreakableWeapon;
",,
13109,Wasteland_Outlaw_C,Wasteland Outlaw,Weapon,Revolver,20,,0,100,0,0,7,0,3,,0,0,False,Gunslinger,All,Both,Both_Hand,"bonus bHit,readparam(bAgi)/10;
bonus bAspdRate,readparam(bAgi)/14;
bonus2 bAddClass,Class_All,10;
bonus bMatkRate,10;
",,
13110,Krieger_Pistol1,Glorious Pistol,Weapon,Revolver,,,0,80,0,0,7,0,4,,80,0,True,Gunslinger,All,Both,Both_Hand,"bonus2 bAddRace,RC_DemiHuman,55;
bonus2 bAddRace,RC_Player_Human,55;
bonus2 bIgnoreDefRaceRate,RC_DemiHuman,20;
bonus2 bIgnoreDefRaceRate,RC_Player_Human,20;
bonus bUnbreakableWeapon;
if (getrefine()>5) {
   bonus2 bAddRace,RC_DemiHuman,pow(getrefine()-4,2);
   bonus2 bAddRace,RC_Player_Human,pow(getrefine()-4,2);
   bonus2 bIgnoreDefRaceRate,RC_DemiHuman,5;
   bonus2 bIgnoreDefRaceRate,RC_Player_Human,5;
}
if (getrefine()>8) {
   bonus4 bAutoSpellOnSkill,""GS_RAPIDSHOWER"",""GS_GLITTERING"",1,1000;
   bonus2 bSkillAtk,""GS_RAPIDSHOWER"",getrefine()*2;
}
",,
13112,P_Revolver1,Eden Revlover I,Weapon,Revolver,,,0,4,0,0,7,0,1,,26,0,False,Gunslinger,All,Both,Both_Hand,"bonus bHit,-5;
",,
13113,P_Revolver2,Eden Revlover II,Weapon,Revolver,,,0,60,0,0,7,0,1,,40,0,False,Gunslinger,All,Both,Both_Hand,"bonus bHit,-5;
",,
13150,Branch,Branch,Weapon,Rifle,3000,,500,50,0,0,9,3,1,,1,0,True,Gunslinger,All,Both,Both_Hand,,,
13151,The_Cyclone,Cyclone,Weapon,Rifle,17500,,700,120,0,0,9,1,2,,24,0,True,Gunslinger,All,Both,Both_Hand,"bonus bHit,10;
bonus bCritical,10;
",,
13152,The_Cyclone_,Cyclone,Weapon,Rifle,17500,,700,120,0,0,9,2,2,,24,0,True,Gunslinger,All,Both,Both_Hand,"bonus bHit,10;
bonus bCritical,10;
",,
13153,Dusk,Dusk,Weapon,Rifle,23500,,750,150,0,0,9,1,2,,56,0,True,Gunslinger,All,Both,Both_Hand,"bonus bHit,10;
bonus bCritical,10;
",,
13154,Rolling_Stone,Rolling Stone,Weapon,Shotgun,12000,,900,135,0,0,9,1,1,,14,0,True,Gunslinger,All,Both,Both_Hand,"bonus bSplashRange,1;
",,
13155,Black_Rose,Black Rose,Weapon,Shotgun,32000,,900,180,0,0,9,1,2,,35,0,True,Gunslinger,All,Both,Both_Hand,"bonus bSplashRange,1;
",,
13156,Gate_Keeper,Gate Keeper,Weapon,Shotgun,56000,,1000,210,0,0,9,0,2,,24,0,True,Gunslinger,All,Both,Both_Hand,"bonus bSplashRange,1;
bonus3 bAutoSpell,""GS_SPREADATTACK"",6,50;
",,
13157,Drifter,Drifter,Weapon,Gatling,80000,,2300,50,0,0,9,1,2,,55,0,True,Gunslinger,All,Both,Both_Hand,,,
13158,Butcher,Butcher,Weapon,Gatling,130000,,2500,75,0,0,9,0,3,,68,0,True,Gunslinger,All,Both,Both_Hand,"bonus2 bCriticalAddRace,RC_Brute,10;
bonus2 bCriticalAddRace,RC_Player_Doram,10;
",,
13159,Butcher_,Butcher,Weapon,Gatling,130000,,2500,75,0,0,9,1,3,,68,0,True,Gunslinger,All,Both,Both_Hand,"bonus2 bCriticalAddRace,RC_Brute,10;
bonus2 bCriticalAddRace,RC_Player_Doram,10;
",,
13160,Destroyer,Destroyer,Weapon,Grenade,110000,,1200,220,0,0,9,0,2,,52,0,True,Gunslinger,All,Both,Both_Hand,"bonus bBreakArmorRate,200;
",,
13161,Destroyer_,Destroyer,Weapon,Grenade,110000,,1200,220,0,0,9,1,2,,52,0,True,Gunslinger,All,Both,Both_Hand,"bonus bBreakArmorRate,200;
",,
13162,Inferno,Inferno,Weapon,Grenade,230000,,1250,280,0,0,9,1,2,,65,0,True,Gunslinger,All,Both,Both_Hand,,,
13163,Long_Barrel,Long Barrel,Weapon,Rifle,40000,,1000,150,0,0,9,0,3,,70,0,True,Gunslinger,All,Both,Both_Hand,"bonus bHit,10;
bonus bCritical,20;
bonus bAspdRate,-3;
bonus3 bAutoSpell,""GS_TRACKING"",5,20;
",,
13164,Long_Barrel_,Long Barrel,Weapon,Rifle,40000,,1000,150,0,0,9,1,3,,70,0,True,Gunslinger,All,Both,Both_Hand,"bonus bHit,10;
bonus bCritical,20;
bonus bAspdRate,-3;
bonus3 bAutoSpell,""GS_TRACKING"",5,20;
",,
13165,Jungle_Carbine,Jungle Carbine,Weapon,Rifle,56000,,700,170,0,0,9,0,3,,70,0,True,Gunslinger,All,Both,Both_Hand,"bonus bHit,10;
bonus bCritical,4;
bonus bAspdRate,10;
bonus bHit,-readparam(bDex)/3;
",,
13166,Jungle_Carbine_,Jungle Carbine,Weapon,Rifle,56000,,700,170,0,0,9,1,3,,70,0,True,Gunslinger,All,Both,Both_Hand,"bonus bHit,10;
bonus bCritical,4;
bonus bAspdRate,10;
bonus bHit,-readparam(bDex)/3;
",,
13167,Gate_KeeperDD,Gate Keeper-DD,Weapon,Shotgun,72000,,1300,200,0,0,9,0,4,,70,0,True,Gunslinger,All,Both,Both_Hand,"bonus bSplashRange,1;
bonus3 bAutoSpell,""GS_SPREADATTACK"",6,50;
bonus bDef,getrefine();
bonus bDex,1;
",,
13168,Thunder_P,Thunder P,Weapon,Shotgun,76000,,700,80,0,0,9,1,3,,70,0,True,Gunslinger,All,Both,Both_Hand,"bonus bSplashRange,1;
bonus bHit,-5;
bonus bAspdRate,20;
",,
13169,Thunder_P_,Thunder P,Weapon,Shotgun,76000,,700,80,0,0,9,2,3,,70,0,True,Gunslinger,All,Both,Both_Hand,"bonus bSplashRange,1;
bonus bHit,-5;
bonus bAspdRate,20;
",,
13170,Lever_Action_Rifle,Lever Action Rifle,Weapon,Rifle,20,,770,138,0,0,9,2,3,,70,0,True,Gunslinger,All,Both,Both_Hand,"bonus bHit,20;
bonus bCritical,50;
bonus bAspdRate,-5;
",,
13171,BF_Rifle1,Soldier Rifle,Weapon,Rifle,,,0,50,0,0,9,0,3,,80,0,True,Gunslinger,All,Both,Both_Hand,"bonus bDex,2;
bonus bHit,10;
bonus bCritical,10;
bonus2 bAddRace,RC_DemiHuman,75;
bonus2 bAddRace,RC_Player_Human,75;
bonus2 bCastrate,""GS_TRACKING"",-25;
bonus2 bIgnoreDefRaceRate,RC_DemiHuman,20;
bonus2 bIgnoreDefRaceRate,RC_Player_Human,20;
bonus bUnbreakableWeapon;
",,
13172,BF_Gatling_Gun1,Soldier Gatling Gun,Weapon,Gatling,,,0,80,0,0,9,0,3,,80,0,True,Gunslinger,All,Both,Both_Hand,"bonus bDex,2;
bonus2 bAddRace,RC_DemiHuman,35;
bonus2 bAddRace,RC_Player_Human,35;
bonus2 bIgnoreDefRaceRate,RC_DemiHuman,20;
bonus2 bIgnoreDefRaceRate,RC_Player_Human,20;
autobonus ""{ bonus bBaseAtk,80; bonus2 bHPLossRate,120,1000; }"",10,6000,BF_WEAPON,""{ specialeffect2 EF_BASH3D; }"";
bonus bUnbreakableWeapon;
",,
13173,BF_Shotgun1,Soldier Shotgun,Weapon,Shotgun,,,0,100,0,0,9,0,3,,80,0,True,Gunslinger,All,Both,Both_Hand,"bonus bDex,2;
bonus bSplashRange,1;
bonus2 bAddRace,RC_DemiHuman,55;
bonus2 bAddRace,RC_Player_Human,55;
bonus2 bIgnoreDefRaceRate,RC_DemiHuman,20;
bonus2 bIgnoreDefRaceRate,RC_Player_Human,20;
autobonus ""{ bonus bBaseAtk,80; bonus2 bHPLossRate,100,1000; }"",30,6000,BF_WEAPON,""{ specialeffect2 EF_BASH3D; }"";
bonus bUnbreakableWeapon;
",,
13174,BF_Launcher1,Soldier Grenade Launcher,Weapon,Grenade,,,0,300,0,0,9,0,3,,80,0,True,Gunslinger,All,Both,Both_Hand,"bonus bDex,2;
bonus2 bAddRace,RC_DemiHuman,35;
bonus2 bAddRace,RC_Player_Human,35;
bonus2 bIgnoreDefRaceRate,RC_DemiHuman,20;
bonus2 bIgnoreDefRaceRate,RC_Player_Human,20;
autobonus ""{ bonus bBaseAtk,300; bonus2 bHPLossRate,120,1000; }"",30,9000,BF_WEAPON,""{ specialeffect2 EF_BASH3D; }"";
bonus bUnbreakableWeapon;
",,
13175,Lever_Action_Rifle_C,Lever Action Rifle,Weapon,Rifle,20,,0,170,0,0,9,0,3,,0,0,False,Gunslinger,All,Both,Both_Hand,"bonus bHit,20;
bonus bCritical,50;
bonus bAspdRate,-5;
",,
13176,Krieger_Rifle1,Glorious Rifle,Weapon,Rifle,,,0,90,0,0,9,0,4,,80,0,True,Gunslinger,All,Both,Both_Hand,"bonus2 bAddRace,RC_DemiHuman,75;
bonus2 bAddRace,RC_Player_Human,75;
bonus2 bIgnoreDefRaceRate,RC_DemiHuman,20;
bonus2 bIgnoreDefRaceRate,RC_Player_Human,20;
bonus2 bSkillAtk,""GS_TRIPLEACTION"",30;
bonus bUnbreakableWeapon;
if (getrefine()>5) {
   bonus2 bAddRace,RC_DemiHuman,(getrefine()-4)*(getrefine()-4);
   bonus2 bAddRace,RC_Player_Human,(getrefine()-4)*(getrefine()-4);
   bonus2 bIgnoreDefRaceRate,RC_DemiHuman,5;
   bonus2 bIgnoreDefRaceRate,RC_Player_Human,5;
}
if (getrefine()>8) {
   bonus2 bCastrate,""GS_TRACKING"",25;
   bonus2 bSkillAtk,""GS_TRACKING"",getrefine() * 3;
}
",,
13177,Krieger_Gatling1,Glorious Gatling Gun,Weapon,Gatling,,,0,90,0,0,9,0,4,,80,0,True,Gunslinger,All,Both,Both_Hand,"bonus2 bAddRace,RC_DemiHuman,35;
bonus2 bAddRace,RC_Player_Human,35;
bonus2 bIgnoreDefRaceRate,RC_DemiHuman,20;
bonus2 bIgnoreDefRaceRate,RC_Player_Human,20;
bonus2 bSkillAtk,""GS_TRIPLEACTION"",30;
bonus bUnbreakableWeapon;
if (getrefine()>5) {
   bonus2 bAddRace,RC_DemiHuman,(getrefine()-4)*(getrefine()-4);
   bonus2 bAddRace,RC_Player_Human,(getrefine()-4)*(getrefine()-4);
   bonus2 bIgnoreDefRaceRate,RC_DemiHuman,5;
   bonus2 bIgnoreDefRaceRate,RC_Player_Human,5;
}
if (getrefine()>8) {
   bonus2 bAddClass,Class_All,getrefine();
}
",,
13178,Krieger_Shotgun1,Glorious Shotgun,Weapon,Shotgun,,,0,110,0,0,9,0,4,,80,0,True,Gunslinger,All,Both,Both_Hand,"bonus2 bAddRace,RC_DemiHuman,55;
bonus2 bAddRace,RC_Player_Human,55;
bonus2 bIgnoreDefRaceRate,RC_DemiHuman,20;
bonus2 bIgnoreDefRaceRate,RC_Player_Human,20;
bonus bSplashRange,1;
bonus2 bSkillAtk,""GS_TRIPLEACTION"",30;
bonus bUnbreakableWeapon;
if (getrefine()>5) {
   bonus2 bAddRace,RC_DemiHuman,(getrefine()-4)*(getrefine()-4);
   bonus2 bAddRace,RC_Player_Human,(getrefine()-4)*(getrefine()-4);
   bonus2 bIgnoreDefRaceRate,RC_DemiHuman,5;
   bonus2 bIgnoreDefRaceRate,RC_Player_Human,5;
}
if (getrefine()>8) {
   bonus2 bSkillAtk,""GS_SPREADATTACK"",getrefine() * 2;
   bonus3 bAddEffOnSkill,""GS_SPREADATTACK"",Eff_Stun,2000;
}
",,
13179,Krieger_Launcher1,Glorious Grenade Launcher,Weapon,Grenade,,,0,330,0,0,9,0,4,,80,0,True,Gunslinger,All,Both,Both_Hand,"bonus2 bAddRace,RC_DemiHuman,35;
bonus2 bAddRace,RC_Player_Human,35;
bonus2 bIgnoreDefRaceRate,RC_DemiHuman,20;
bonus2 bIgnoreDefRaceRate,RC_Player_Human,20;
bonus2 bSkillAtk,""GS_TRIPLEACTION"",30;
bonus bUnbreakableWeapon;
if (getrefine()>5) {
   bonus2 bAddRace,RC_DemiHuman,(getrefine()-4)*(getrefine()-4);
   bonus2 bAddRace,RC_Player_Human,(getrefine()-4)*(getrefine()-4);
   bonus2 bIgnoreDefRaceRate,RC_DemiHuman,5;
   bonus2 bIgnoreDefRaceRate,RC_Player_Human,5;
}
if (getrefine()>8) {
   bonus2 bSkillAtk,""GS_GROUNDDRIFT"",getrefine() * 2;
   bonus3 bAddEffOnSkill,""GS_SPREADATTACK"",Eff_Stun,2000;
   autobonus ""{ bonus bAspdRate,20; }"",200,20000,BF_WEAPON,""{ specialeffect2 EF_POTION_BERSERK; }"";
}
",,
13300,Huuma_Bird_Wing,Huuma Wing Shuriken,Weapon,Huuma,90000,,3000,150,0,0,1,0,4,,65,0,True,Ninja,All,Both,Both_Hand,"bonus bUnbreakableWeapon;
bonus bAtkEle,Ele_Wind;
bonus bDex,-2;
bonus bAgi,-1;
",,
13301,Huuma_Giant_Wheel,Huuma Giant Wheel Shuriken,Weapon,Huuma,40000,,2500,50,0,0,1,3,4,,42,0,True,Ninja,All,Both,Both_Hand,"bonus bUnbreakableWeapon;
bonus2 bAddEff,Eff_Bleeding,100;
",,
13302,Huuma_Giant_Wheel_,Huuma Giant Wheel Shuriken,Weapon,Huuma,40000,,2500,50,0,0,1,4,4,,42,0,True,Ninja,All,Both,Both_Hand,"bonus bUnbreakableWeapon;
bonus2 bAddEff,Eff_Bleeding,100;
",,
13303,Huuma_Blaze,Huuma Blaze Shuriken,Weapon,Huuma,78000,,1500,185,0,0,1,0,4,,55,0,True,Ninja,All,Both,Both_Hand,"bonus bUnbreakableWeapon;
bonus bAtkEle,Ele_Fire;
bonus bDex,-2;
bonus3 bAutoSpell,""MG_FIREBALL"",5,30;
",,
13304,Huuma_Calm_Mind,Huuma Calm Mind,Weapon,Huuma,20,,1550,112,0,0,1,2,3,,70,0,True,Ninja,All,Both,Both_Hand,"bonus bUnbreakableWeapon;
bonus2 bSkillAtk,""NJ_HUUMA"",30;
bonus bNoCastCancel;
",,
13305,BF_Huuma_Shuriken1,Brave Huuma Front Shuriken,Weapon,Huuma,20,,0,55,0,0,1,0,3,,80,0,True,Ninja,All,Both,Both_Hand,"bonus bStr,2;
bonus bDex,1;
bonus2 bAddRace,RC_DemiHuman,95;
bonus2 bAddRace,RC_Player_Human,95;
bonus2 bIgnoreDefRaceRate,RC_DemiHuman,20;
bonus2 bIgnoreDefRaceRate,RC_Player_Human,20;
bonus bUnbreakableWeapon;
",,
13306,BF_Huuma_Shuriken2,Valorous Huuma Front Shuriken,Weapon,Huuma,20,,0,55,0,0,1,0,3,,80,0,True,Ninja,All,Both,Both_Hand,"bonus bStr,2;
bonus bDex,1;
bonus2 bAddRace,RC_DemiHuman,95;
bonus2 bAddRace,RC_Player_Human,95;
autobonus ""{ bonus2 bSkillAtk,\""NJ_HUUMA\"",100; bonus2 bSkillAtk,\""NJ_ISSEN\"",100; }"",50,10000,BF_WEAPON,""{specialeffect2 EF_POTION_BERSERK; }"";
bonus bUnbreakableWeapon;
",,
13307,Krieger_Huuma_Shuriken1,Glorious Shuriken,Weapon,Huuma,20,,0,55,0,0,1,0,4,,80,0,True,Ninja,All,Both,Both_Hand,"bonus2 bAddRace,RC_DemiHuman,95;
bonus2 bAddRace,RC_Player_Human,95;
bonus2 bIgnoreDefRaceRate,RC_DemiHuman,20;
bonus2 bIgnoreDefRaceRate,RC_Player_Human,20;
bonus bMatkRate,15;
autobonus ""{ bonus2 bSkillAtk,\""NJ_HUUMA\"",100; bonus2 bSkillAtk,\""NJ_ISSEN\"",100; }"",50,10000;
bonus bUnbreakableWeapon;
if (getrefine()>5) {
   bonus2 bAddRace,RC_DemiHuman,(getrefine()-3)*(getrefine()-3);
   bonus2 bAddRace,RC_Player_Human,(getrefine()-3)*(getrefine()-3);
   bonus2 bIgnoreDefRaceRate,RC_DemiHuman,5;
   bonus2 bIgnoreDefRaceRate,RC_Player_Human,5;
}
if (getrefine()>8) {
   bonus5 bAutoSpellOnSkill,""NJ_ISSEN"",""AL_HEAL"",10,1000,1;
   bonus4 bAutoSpellOnSkill,""NJ_HUUMA"",""NPC_CRITICALWOUND"",2,200;
}
",,
13308,Huuma_Blaze_I,Huuma Blaze Shuriken,Weapon,Huuma,,,0,230,0,0,1,0,4,,0,0,False,Ninja,All,Both,Both_Hand,"bonus bUnbreakableWeapon;
bonus bAtkEle,Ele_Fire;
bonus bDex,2;
",,
13309,Huuma_Giant_Wheel_C,Huuma Giant Wheel Shuriken,Weapon,Huuma,,,0,99,0,0,1,0,4,,1,0,False,Ninja,All,Both,Both_Hand,"bonus2 bAddSize,Size_All,80;
",,
13400,Cutlas_,Cutlus,Weapon,1hSword,20,,900,150,0,0,1,1,4,,40,0,True,"Alchemist, Assassin, Blacksmith, Crusader, Knight, Merchant, Rogue, Swordman, Thief",All,Both,Right_Hand,"skill ""SM_BASH"",5;
bonus bStr,2;
bonus bDef,1;
",,
13401,Excalibur_C,Excalibur,Weapon,1hSword,1,,0,199,0,0,1,0,4,,1,0,False,"Alchemist, Assassin, Blacksmith, Crusader, Knight, Merchant, Rogue, Swordman, Thief",All,Both,Right_Hand,"bonus bInt,10;
bonus bLuk,10;
bonus bAtkEle,Ele_Holy;
",,
13402,Cutlas_C,Cutlus,Weapon,1hSword,2,,0,185,0,0,1,0,4,,0,0,False,"Alchemist, Assassin, Blacksmith, Crusader, Knight, Merchant, Rogue, Swordman, Thief",All,Both,Right_Hand,"skill ""SM_BASH"",5;
bonus bStr,2;
bonus bDef,1;
",,
13403,Solar_Sword_C,Solar Sword,Weapon,1hSword,2,,0,120,0,0,1,0,4,,0,0,False,"Alchemist, Assassin, Blacksmith, Crusader, Knight, Merchant, Rogue, Swordman, Thief",All,Both,Right_Hand,"bonus bAtkEle,Ele_Fire;
bonus2 bHPDrainRate,1000,1;
bonus2 bSPLossRate,15,10000;
",,
13404,Platinum_Shotel,Platinum Shotel,Weapon,1hSword,20,,1500,130,0,0,1,1,4,,55,0,True,"Alchemist, Assassin, Blacksmith, Crusader, Knight, Merchant, Rogue, Swordman, Thief",Upper,Both,Right_Hand,"bonus bCritical,50;
",,
13405,Curved_Sword,Curved Sword,Weapon,1hSword,20,,800,125,0,0,1,2,4,,55,0,True,"Alchemist, Assassin, Blacksmith, Crusader, Knight, Merchant, Rogue, Swordman, Thief",Upper,Both,Right_Hand,"bonus bAspdRate,10;
bonus2 bAddEff,Eff_Curse,300;
",,
13406,Edger,Edger,Weapon,1hSword,20,,0,120,0,0,1,0,1,,0,0,False,"Alchemist, Assassin, Blacksmith, Crusader, Knight, Merchant, Rogue, Swordman, Thief",All,Both,Right_Hand,"bonus2 bAddClass,Class_All,50;
",,
13407,Nagan_C,Refined Nagan,Weapon,1hSword,1,,0,148,0,0,1,0,4,,0,0,False,"Alchemist, Assassin, Blacksmith, Crusader, Knight, Merchant, Rogue, Swordman, Thief",All,Both,Right_Hand,"skill ""TF_DOUBLE"",5;
bonus2 bAddRace,RC_DemiHuman,40;
bonus2 bAddRace,RC_Player_Human,40;
",,
13408,Fire_Brand_C,Refined Fireblend,Weapon,1hSword,1,,0,120,0,0,1,0,4,,0,0,False,"Alchemist, Assassin, Blacksmith, Crusader, Knight, Merchant, Rogue, Swordman, Thief",All,Both,Right_Hand,"bonus bAtkEle,Ele_Fire;
bonus bInt,2;
skill ""MG_FIREBOLT"",5;
bonus3 bAutoSpell,""MG_FIREBOLT"",5,100;
",,
13409,Immaterial_Sword_C,Refined Immaterial Sword,Weapon,1hSword,1,,0,160,0,0,1,0,4,,0,0,False,"Alchemist, Assassin, Blacksmith, Crusader, Knight, Merchant, Rogue, Swordman, Thief",All,Both,Right_Hand,"bonus bAtkEle,Ele_Ghost;
bonus2 bSPVanishRate,45,30;
bonus bSPDrainValue,-1;
bonus bUnbreakableWeapon;
",,
13410,BF_Sword1,Valorous Gladiator Blade,Weapon,1hSword,20,,0,115,0,0,1,0,3,,80,0,True,"Alchemist, Assassin, Blacksmith, Crusader, Knight, Merchant, Novice, Rogue, SuperNovice, Swordman, Thief",All,Both,Right_Hand,"bonus bStr,1;
bonus bDex,1;
bonus2 bAddRace,RC_DemiHuman,75;
bonus2 bAddRace,RC_Player_Human,75;
bonus2 bIgnoreDefRaceRate,RC_DemiHuman,20;
bonus2 bIgnoreDefRaceRate,RC_Player_Human,20;
bonus bUnbreakableWeapon;
",,
13411,BF_Sword2,Brave Gladiator Blade,Weapon,1hSword,20,,0,115,0,0,1,0,3,,80,0,True,"Alchemist, Assassin, Blacksmith, Crusader, Knight, Merchant, Novice, Rogue, SuperNovice, Swordman, Thief",All,Both,Right_Hand,"bonus bStr,1;
bonus bDex,1;
bonus2 bAddRace,RC_DemiHuman,75;
bonus2 bAddRace,RC_Player_Human,75;
bonus bMatkRate,10;
bonus bUnbreakableWeapon;
",,
13412,Twin_Edge_B,Twin Edge of Naght Sieger,Weapon,1hSword,20,,1500,150,0,0,1,3,4,,75,0,True,"Alchemist, Assassin, Blacksmith, Crusader, Knight, Merchant, Rogue, Swordman, Thief",Upper,Both,Right_Hand,"bonus bAtkEle,Ele_Water;
skill ""MG_FROSTDIVER"",5;
autobonus ""{ bonus bIgnoreDefClass,Class_Normal; }"",50,5000;
",,
13413,Twin_Edge_R,Twin Edge of Naght Sieger,Weapon,1hSword,20,,1500,160,0,0,1,3,4,,75,0,True,"Alchemist, Assassin, Blacksmith, Crusader, Knight, Merchant, Rogue, Swordman, Thief",Upper,Both,Right_Hand,"bonus bAtkEle,Ele_Fire;
skill ""WZ_METEOR"",3;
autobonus ""{ bonus bIgnoreDefClass,Class_Normal; }"",50,5000;
",,
13414,Elemental_Sword,Elemental Sword,Weapon,1hSword,20,,1200,105,0,0,1,3,3,,70,0,True,"Alchemist, Assassin, Blacksmith, Crusader, Knight, Merchant, Rogue, Swordman, Thief",Upper,Both,Right_Hand,"bonus bStr,2;
bonus bInt,4;
bonus bDex,1;
bonus bMatkRate,5;
bonus2 bAddEle,Ele_Neutral,10;
bonus3 bAutoSpell,""MG_COLDBOLT"",3,50;
bonus4 bAutoSpellOnSkill,""MG_COLDBOLT"",""MG_FIREBOLT"",3,1000;
bonus4 bAutoSpellOnSkill,""MG_FIREBOLT"",""MG_LIGHTNINGBOLT"",3,1000;
bonus4 bAutoSpellOnSkill,""MG_LIGHTNINGBOLT"",""WZ_EARTHSPIKE"",3,1000;
",,
13415,N_Falchion,Novice Falchion,Weapon,1hSword,,,0,59,0,0,1,3,1,,2,0,False,"Alchemist, Assassin, Blacksmith, Crusader, Knight, Merchant, Novice, Rogue, SuperNovice, Swordman, Thief",All,Both,Right_Hand,,,
13416,Krieger_Onehand_Sword1,Glorious Flamberge,Weapon,1hSword,20,,0,130,0,0,1,0,4,,80,0,True,"Alchemist, Assassin, Blacksmith, Crusader, Knight, Merchant, Novice, Rogue, SuperNovice, Swordman, Thief",All,Both,Right_Hand,"bonus2 bAddRace,RC_DemiHuman,75;
bonus2 bAddRace,RC_Player_Human,75;
bonus2 bIgnoreDefRaceRate,RC_DemiHuman,20;
bonus2 bIgnoreDefRaceRate,RC_Player_Human,20;
bonus bUnbreakableWeapon;
if (getrefine()>5) {
   bonus2 bAddRace,RC_DemiHuman,(getrefine()-4)*(getrefine()-4);
   bonus2 bAddRace,RC_Player_Human,(getrefine()-4)*(getrefine()-4);
   bonus2 bIgnoreDefRaceRate,RC_DemiHuman,5;
   bonus2 bIgnoreDefRaceRate,RC_Player_Human,5;
}
if (getrefine()>6)
   bonus bAspdRate,5;
if (getrefine()>8) {
   bonus bAspdRate,5;
   bonus4 bAutoSpellOnSkill,""SM_BASH"",""NPC_CRITICALWOUND"",2,200;
}
",,
13417,Krieger_Onehand_Sword2,Glorious Rapier,Weapon,1hSword,20,,0,130,0,0,1,0,4,,80,0,True,"Alchemist, Assassin, Blacksmith, Crusader, Knight, Merchant, Novice, Rogue, SuperNovice, Swordman, Thief",All,Both,Right_Hand,"bonus bInt,getrefine()-5;
bonus bMatkRate,10;
bonus bUnbreakableWeapon;
if (getrefine()>5)
   bonus bUseSPrate,-10;
if (getrefine()>8)
   bonus bInt,5;
",,
13418,Krieger_Onehand_Sword3,Glorious Holy Avenger,Weapon,1hSword,20,,0,130,0,0,1,0,4,,80,0,True,"Alchemist, Blacksmith, Crusader, Knight, Merchant, Swordman",All,Both,Right_Hand,".@r = getrefine();
bonus bInt,6;
bonus bInt,.@r-5;
bonus bMatkRate,10;
bonus bUnbreakableWeapon;
if (.@r>5)
   bonus bUseSPrate,-10;
if (.@r>8)
   bonus4 bAutoSpellOnSkill,""PA_PRESSURE"",""PR_LEXAETERNA"",1,1000;
if (.@r>9)
   bonus bInt,5;
",,
13419,Holy_Saber,Holy saber,Weapon,1hSword,20,,0,160,0,0,1,0,3,,0,0,False,"Alchemist, Assassin, Blacksmith, Crusader, Knight, Merchant, Rogue, Swordman, Thief",All,Both,Right_Hand,,,
13420,Honglyun's_Sword,Honglyun's Sword,Weapon,1hSword,20,,1200,160,0,0,1,1,4,,70,0,True,"Alchemist, Assassin, Blacksmith, Crusader, Knight, Merchant, Rogue, Swordman, Thief",All,Both,Right_Hand,"bonus bAtkEle,Ele_Fire;
bonus bStr,2;
bonus bInt,2;
",,
13421,Ruber,Ruber,Weapon,1hSword,20,,1500,170,0,0,1,1,3,,50,0,True,"Alchemist, Blacksmith, Crusader, Knight, Merchant, Swordman",Upper,Both,Right_Hand,"autobonus ""{ bonus2 bSkillAtk,\""KN_BOWLINGBASH\"",20; bonus2 bSkillAtk,\""SM_BASH\"",20; }"",5,15000,BF_WEAPON,""{ specialeffect2 EF_ENHANCE; }"";
",,
13422,Flamberge_C,Flamberge,Weapon,1hSword,,,0,185,0,0,1,0,3,,1,0,False,"Crusader, Knight",All,Both,Right_Hand,"bonus bUnbreakableWeapon;
bonus2 bAddSize,Size_All,40;
",,
15000,Bone_Plate,Bone Plate,Armor,,20,,1000,0,0,7,0,1,,1,85,0,True,"Alchemist, Assassin, Blacksmith, Crusader, Knight, Merchant, Rogue, Swordman, Thief",Upper,Both,Armor,"bonus bStr,1;
bonus bMdef,3;
bonus2 bIgnoreDefRaceRate,RC_DemiHuman,10;
bonus2 bIgnoreDefRaceRate,RC_Player_Human,10;
bonus2 bIgnoreDefRaceRate,RC_Brute,10;
bonus2 bIgnoreDefRaceRate,RC_Player_Doram,10;
bonus3 bAutoSpellWhenHit,""NPC_WIDEBLEEDING"",1,10;
",,
15001,Odin's_Blessing_I,Odin's Blessing,Armor,,,,0,0,0,10,0,0,,1,0,0,False,All,All,Both,Armor,,,
16000,Erde,Erde,Weapon,Mace,20,,500,130,0,0,1,2,3,,50,0,True,"Acolyte, Alchemist, Blacksmith, Crusader, Knight, Merchant, Monk, Priest, Swordman",Upper,Both,Right_Hand,"bonus2 bSkillAtk,""AM_ACIDTERROR"",20;
bonus2 bSkillAtk,""AM_DEMONSTRATION"",20;
bonus bMaxSP,50;
bonus bHealPower,10;
",,
16001,Red_Square_Bag,Red Square Bag,Weapon,Mace,20,,500,130,0,0,1,2,3,,50,0,True,"Acolyte, Alchemist, Blacksmith, Crusader, Knight, Merchant, Monk, Priest, Swordman",Upper,Both,Right_Hand,"bonus bMaxHP,200;
bonus2 bSkillAtk,""AM_ACIDTERROR"",20;
bonus2 bSkillAtk,""AM_DEMONSTRATION"",20;
bonus2 bAddMonsterDropItem,501,50;
bonus2 bAddMonsterDropItem,502,20;
bonus2 bAddMonsterDropItem,503,20;
bonus2 bAddMonsterDropItem,504,20;
bonus2 bAddMonsterDropItem,505,10;
if (readparam(bStr)>=95)
   bonus2 bAddEff,Eff_Stun,500;
",,
16002,Stunner_C,Stunner,Weapon,Mace,,,0,175,0,0,1,0,3,,1,0,False,"Acolyte, Monk, Priest",All,Both,Right_Hand,"bonus2 bAddEff,Eff_Stun,1000;
bonus2 bAddSize,Size_All,40;
",,
16030,Pilebuncker_S,Pile Bunker S,Weapon,Mace,20,,3000,400,0,0,1,1,4,,130,0,True,Blacksmith,All,Both,Right_Hand,"bonus bAspdRate,getrefine()/2;
",,
16031,Pilebuncker_P,Pile Bunker P,Weapon,Mace,20,,4000,450,0,0,1,0,4,,130,0,True,Blacksmith,All,Both,Right_Hand,"bonus bBaseAtk,getrefine()*5;
",,
16032,Pilebuncker_T,Pile Bunker T,Weapon,Mace,20,,3500,400,0,0,1,1,4,,130,0,True,Blacksmith,All,Both,Right_Hand,"bonus bUseSPrate,getrefine()*-1;
",,
18100,Shooting_Star_C,Shooting Star,Weapon,Bow,20,,0,190,0,0,5,0,4,,1,0,True,"BardDancer, Hunter",All,Both,Both_Hand,"bonus bLongAtkRate,20;
",,
18101,F_Bow_Of_Rudra_C,Rudra Bow,Weapon,Bow,2,,0,185,0,0,5,0,4,,0,0,False,"Archer, BardDancer, Hunter, Rogue, Thief",All,Both,Both_Hand,"bonus bAtkEle,Ele_Holy;
bonus bInt,5;
skill ""AL_CURE"",1;
skill ""AL_HEAL"",1;
bonus2 bResEff,Eff_Poison,5000;
bonus2 bResEff,Eff_Curse,5000;
bonus2 bResEff,Eff_Silence,5000;
bonus2 bResEff,Eff_Confusion,5000;
bonus2 bResEff,Eff_Blind,5000;
",,
18102,E_Bow_Of_Rudra_C,Rudra Bow,Weapon,Bow,2,,0,185,0,0,5,0,4,,0,0,False,"Archer, BardDancer, Hunter, Rogue, Thief",All,Both,Both_Hand,"bonus bAtkEle,Ele_Holy;
bonus bInt,5;
skill ""AL_CURE"",1;
skill ""AL_HEAL"",1;
bonus2 bResEff,Eff_Poison,5000;
bonus2 bResEff,Eff_Curse,5000;
bonus2 bResEff,Eff_Silence,5000;
bonus2 bResEff,Eff_Confusion,5000;
bonus2 bResEff,Eff_Blind,5000;
",,
18500,Cheer_Scarf6,Cheer Scarf6,Armor,,,,0,0,0,0,0,0,,1,1,0,False,All,All,Both,Head_Low,,,
18501,Cheer_Scarf8,Cheer Scarf8,Armor,,,,0,0,0,0,0,0,,1,1,0,False,All,All,Both,Head_Low,,,
18502,Cheer_Scarf10,Cheer Scarf10,Armor,,,,0,0,0,0,0,0,,1,1,0,False,All,All,Both,Head_Low,,,
18503,Small_Horn_Of_Devil,Small Devil Horns,Armor,,20,,100,0,0,2,0,0,,1,1,0,False,All,All,Both,Head_Mid,"bonus2 bAddClass,Class_All,5;
bonus bMatkRate,5;
bonus bMaxHPRate,10;
bonus bMaxSPRate,10;
",,
18505,Umbala_Spirit,Umbala Spirit,Armor,,,,200,0,0,1,0,1,,1,30,0,False,All,All,Both,Head_Low,"bonus bVit,1;
",,
18506,Hattah_Black,Hattah Black,Armor,,12000,,4000,0,0,2,0,1,,1,1,0,True,All,All,Both,"Head_Low, Head_Mid, Head_Top",,,
18507,Elven_Ears_,Elven Ears,Armor,,20,,100,0,0,0,0,1,,1,70,0,False,All,All,Both,Head_Mid,,,
18539,Skull_Cap,Skull Cap,Armor,,40,,200,0,0,5,0,1,,1,10,0,True,All,All,Both,Head_Top,"bonus bMatkRate,2;
if (getrefine() >= 5) {
   bonus bMatkRate,3;
}
if (getrefine() >= 7) {
   bonus bMatkRate,3;
}
",,
18595,Horn_Of_Ancient,Horn of Ancient,Armor,,40,,200,0,0,8,0,1,,1,50,0,True,All,All,Both,Head_Top,"autobonus ""{ bonus bBaseAtk,100; }"",5,10000,0,""{ specialeffect2 EF_POTION_BERSERK; }"";
",,
18596,Sprout_Hat,Sprout Hat,Armor,,20,,200,0,0,4,0,0,,1,70,0,True,All,All,Both,Head_Top,"skill ""WZ_HEAVENDRIVE"",3;
",,
18597,Mercury_Helm,Mercury Riser,Armor,,40,,200,0,0,10,0,1,,1,0,0,True,All,All,Both,Head_Top,"bonus bAspdRate,3;
bonus bCritical,3;
if (getrefine() >= 7) {
   bonus bAspdRate,2;
   bonus bCritical,2;
}
if (getrefine() >= 9) {
   bonus bAspdRate,2;
   bonus bCritical,2;
}
",,
18600,Cat_Ears_Beret,Cat Ear Beret,Armor,,20,,100,0,0,5,0,0,,1,0,0,True,All,All,Both,Head_Top,"bonus2 bAddClass,Class_All,5;
if (getrefine() > 5) {
   bonus2 bAddRace,RC_DemiHuman,(getrefine() - 5);
   bonus2 bSubRace,RC_DemiHuman,(getrefine() - 5);
   bonus2 bAddRace,RC_Player_Human,(getrefine() - 5);
   bonus2 bSubRace,RC_Player_Human,(getrefine() - 5);
}
",,
18612,White_Musang_Hat,White Musang Hat,Armor,,40,,200,0,0,3,0,1,,1,0,0,True,All,All,Both,Head_Top,"bonus bStr,2;
bonus bVit,2;
bonus bLuk,1;
bonus bUnbreakableHelm;
",,
18613,Black_Musang_Hat,Black Musang Hat,Armor,,40,,200,0,0,3,0,1,,1,0,0,True,All,All,Both,Head_Top,"bonus bInt,2;
bonus bDex,2;
bonus bAgi,1;
bonus bUnbreakableHelm;
",,
18620,Heart_Eyepatch,Heart Eyepatch,Armor,,5,,200,0,0,2,0,0,,1,20,0,False,All,All,Both,Head_Mid,,,
18656,Wit_Pumpkin_Hat,Witch's Pumpkin Hat,Armor,,20,,300,0,0,10,0,0,,1,20,0,True,All,All,Both,Head_Top,"bonus bMdef,10;
bonus bStr,2;
bonus bInt,2;
bonus2 bMagicAddRace,RC_Undead,15;
bonus2 bMagicAddRace,RC_Demon,15;
",,
19500,T_Mr_Smile,T Mr Smile,Armor,,,,0,0,0,0,0,0,,1,0,0,False,All,All,Both,"Costume_Head_Mid, Costume_Head_Low","bonus bStr,2;
",,
19501,T_Spinx_Helm,T Spinx Helm,Armor,,,,0,0,0,0,0,1,,1,0,0,False,All,All,Both,"Costume_Head_Top, Costume_Head_Low",,,
19504,T_Sunglasses,T Sunglasses,Armor,,,,0,0,0,0,0,0,,1,0,0,False,All,All,Both,Costume_Head_Mid,,,
19505,T_Cigarette,T Cigarette,Armor,,,,0,0,0,0,0,0,,1,0,0,False,All,All,Both,Costume_Head_Low,,,
19506,T_Valkyrie_Feather_Band,T Valkyrie Feather Band,Armor,,,,0,0,0,0,0,0,,1,0,0,True,All,All,Both,Costume_Head_Top,,,
19507,Fine_Sun,Clear Sun,Armor,,,,0,0,0,0,0,0,,1,1,0,False,All,All,Both,Costume_Head_Top,,,
