id,aegis_name,name,level,hp,sp,base_exp,job_exp,attack_min,attack_max,defense,magic_defense,str,agi,vit,int,dex,luk,size,race,element,element_level,attack_range,walk_speed,attack_delay,attack_motion,damage_motion,ai,class,modes,drop_count,mvp_drop_count
1001,SCORPION,Scorpion,24,1109,1,287,176,80,135,30,0,1,24,24,5,52,5,Small,Insect,Fire,1,1,200,1564,864,576,09,Normal,Detector,8,0
1002,PORING,Poring,1,50,1,2,1,7,10,0,5,1,1,1,0,6,30,Medium,Plant,Water,1,1,400,1872,672,480,2,Normal,,8,0
1004,HORNET,Hornet,8,169,1,19,15,22,27,5,5,6,20,8,10,17,5,Small,Insect,Wind,1,1,150,1292,792,216,3,Normal,Detector,7,0
1005,FARMILIAR,Familiar,8,155,1,28,15,20,28,0,0,1,12,8,5,28,0,Small,Brute,Dark,1,1,150,1276,576,384,4,Normal,,8,0
1007,FABRE,Fabre,2,63,1,3,2,8,11,0,0,1,2,4,0,7,5,Small,Insect,Earth,1,1,400,1672,672,480,1,Normal,Detector,8,0
1008,PUPA,Pupa,2,427,1,2,4,1,2,0,20,1,1,1,0,1,20,Small,Insect,Earth,1,0,1000,1001,1,1,06,Normal,Detector,8,0
1009,CONDOR,Condor,5,92,1,6,5,11,14,0,0,1,13,5,0,13,10,Medium,Brute,Wind,1,1,150,1148,648,480,3,Normal,,8,0
1010,WILOW,Willow,4,95,1,5,4,9,12,5,15,1,4,8,30,9,10,Medium,Plant,Earth,1,1,200,1672,672,432,1,Normal,,8,0
1011,CHONCHON,Chonchon,4,67,1,5,4,10,13,10,0,1,10,4,5,12,2,Small,Insect,Wind,1,1,200,1076,576,480,1,Normal,Detector,8,0
1012,RODA_FROG,Roda Frog,5,133,1,6,5,11,14,0,5,1,5,5,5,10,5,Medium,Fish,Water,1,1,200,2016,816,288,1,Normal,,6,0
1013,WOLF,Wolf,25,919,1,329,199,37,46,0,0,1,20,28,15,32,20,Medium,Brute,Earth,1,1,200,1054,504,432,3,Normal,,8,0
1014,SPORE,Spore,16,510,1,66,108,24,48,0,5,1,12,12,5,19,8,Medium,Plant,Water,1,1,200,1872,672,288,1,Normal,,8,0
1015,ZOMBIE,Zombie,15,534,1,50,33,67,79,0,10,1,8,7,0,15,0,Medium,Undead,Undead,1,1,400,2612,912,288,4,Normal,,6,0
1016,ARCHER_SKELETON,Archer Skeleton,31,3040,1,483,283,128,153,0,0,1,8,14,5,90,5,Medium,Undead,Undead,1,9,300,2864,864,576,5,Normal,,8,0
1018,CREAMY,Creamy,16,595,1,105,70,53,64,0,30,1,40,16,15,16,55,Small,Insect,Wind,1,1,150,1136,720,840,1,Normal,Detector,8,0
1019,PECOPECO,Peco Peco,19,531,1,159,72,50,64,0,0,1,13,13,25,27,9,Large,Brute,Fire,1,1,200,1564,864,576,3,Normal,,7,0
1020,MANDRAGORA,Mandragora,12,405,1,45,32,26,35,0,25,1,12,24,0,36,15,Medium,Plant,Earth,3,4,1000,1768,768,576,10,Normal,,8,0
1023,ORK_WARRIOR,Orc Warrior,24,1400,1,408,160,104,126,10,5,1,24,48,25,34,10,Medium,Demihuman,Earth,1,1,200,1864,864,288,4,Normal,,8,0
1024,WORM_TAIL,Wormtail,14,426,1,59,40,42,51,5,0,1,14,28,5,46,5,Medium,Plant,Earth,1,2,200,1048,48,192,17,Normal,,8,0
1025,SNAKE,Boa,15,471,1,72,48,46,55,0,0,1,15,15,10,35,5,Medium,Brute,Earth,1,1,200,1576,576,576,1,Normal,,8,0
1026,MUNAK,Munak,30,2872,1,601,318,150,230,0,0,1,15,20,5,46,15,Medium,Undead,Undead,1,1,200,2468,768,288,4,Normal,,8,0
1028,SOLDIER_SKELETON,Soldier Skeleton,29,2334,1,372,226,221,245,10,15,1,15,22,5,40,15,Medium,Undead,Undead,1,1,200,2276,576,432,4,Normal,,8,0
1029,ISIS,Isis,47,7003,1,3709,1550,423,507,10,35,38,65,43,50,66,15,Large,Demon,Dark,1,1,200,1384,768,336,09,Normal,Detector,8,0
1030,ANACONDAQ,Anacondaq,23,1109,1,300,149,124,157,0,0,1,23,28,10,36,5,Medium,Brute,Poison,1,1,200,1576,576,576,17,Normal,,8,0
1031,POPORING,Poporing,14,344,1,81,44,59,72,0,10,1,14,14,0,19,15,Medium,Plant,Poison,1,1,300,1672,672,480,2,Normal,,8,0
1032,VERIT,Verit,38,5272,1,835,517,389,469,0,5,1,19,38,0,38,20,Medium,Undead,Undead,1,1,250,2468,768,480,2,Normal,,8,0
1033,ELDER_WILOW,Elder Willow,20,693,1,163,101,58,70,10,30,1,20,25,35,38,30,Medium,Plant,Fire,2,1,200,1372,672,432,09,Normal,,8,0
1034,THARA_FROG,Thara Frog,22,2152,1,219,138,105,127,0,10,1,22,22,5,34,10,Medium,Fish,Water,2,1,200,2016,816,288,1,Normal,,7,0
1035,HUNTER_FLY,Hunter Fly,42,5242,1,1517,952,246,333,25,15,33,105,32,15,72,30,Small,Insect,Wind,2,1,150,676,576,480,4,Normal,Detector,8,0
1036,GHOUL,Ghoul,40,5418,1,1088,622,420,500,5,20,1,20,29,0,45,20,Medium,Undead,Undead,2,1,250,2456,912,504,4,Normal,,8,0
1037,SIDE_WINDER,Side Winder,43,4929,1,1996,993,240,320,5,10,38,43,40,15,115,20,Medium,Brute,Poison,1,1,200,1576,576,576,09,Normal,,8,0
1038,OSIRIS,Osiris,78,415400,1,71500,28600,780,2880,10,25,1,75,30,37,86,40,Medium,Undead,Undead,4,1,100,1072,672,384,21,Boss,Mvp,8,3
1039,BAPHOMET,Baphomet,81,668000,1,107250,37895,3220,4040,35,45,1,152,30,85,120,95,Large,Demon,Dark,3,2,100,768,768,576,21,Boss,Mvp,8,3
1040,GOLEM,Golem,25,3900,1,465,94,175,187,40,0,1,15,25,0,15,0,Large,Formless,Neutral,3,1,300,1608,816,396,17,Normal,,8,0
1041,MUMMY,Mummy,37,5176,1,800,602,305,360,0,10,28,19,32,0,63,20,Medium,Undead,Undead,2,1,300,1772,72,384,4,Normal,,8,0
1042,STEEL_CHONCHON,Steel Chonchon,17,530,1,109,71,54,65,15,0,1,43,17,5,33,10,Small,Insect,Wind,1,1,150,1076,576,480,7,Normal,Detector,8,0
1044,OBEAUNE,Obeaune,31,3952,1,644,407,141,165,0,40,1,31,31,55,74,85,Medium,Fish,Water,2,1,200,1872,672,288,09,Normal,,8,0
1045,MARC,Marc,36,6900,1,988,625,220,280,5,10,1,36,36,20,56,30,Medium,Fish,Water,2,1,150,1272,72,480,4,Normal,,8,0
1046,DOPPELGANGER,Doppelganger,72,249000,1,51480,10725,1340,1590,60,35,88,90,30,35,125,65,Medium,Demon,Dark,3,1,100,480,480,288,21,Boss,Mvp,8,2
1047,PECOPECO_EGG,Peco Peco Egg,3,420,1,4,4,1,2,20,20,1,1,1,0,1,20,Small,Formless,Neutral,3,0,1000,1001,1,1,06,Normal,,8,0
1048,THIEF_BUG_EGG,Thief Bug Egg,4,48,1,8,4,13,17,20,0,1,6,4,0,14,20,Small,Insect,Dark,1,0,1000,701,1,1,06,Normal,Detector,8,0
1049,PICKY,Picky,3,80,1,4,3,9,12,0,0,1,3,3,5,10,30,Small,Brute,Fire,1,1,200,988,288,168,1,Normal,,7,0
1050,PICKY_,Picky,4,83,1,5,4,8,11,20,0,1,3,3,10,11,20,Small,Brute,Fire,1,1,200,988,288,168,1,Normal,,8,0
1051,THIEF_BUG,Thief Bug,6,126,1,17,5,18,24,5,0,1,6,6,0,11,0,Small,Insect,Neutral,3,1,150,1288,288,768,7,Normal,Detector,7,0
1052,ROCKER,Rocker,9,198,1,20,16,24,29,5,10,1,9,18,10,14,15,Medium,Insect,Earth,1,1,200,1864,864,540,1,Normal,Detector,8,0
1053,THIEF_BUG_,Thief Bug Female,10,170,1,35,18,33,40,5,5,1,15,10,5,23,5,Medium,Insect,Dark,1,1,200,988,288,768,7,Normal,Detector,8,0
1054,THIEF_BUG__,Thief Bug Male,19,583,1,223,93,76,88,15,5,1,29,16,5,36,0,Medium,Insect,Dark,1,1,300,988,288,768,13,Normal,Detector,8,0
1055,MUKA,Muka,17,610,1,273,120,40,49,5,5,15,15,30,5,20,10,Large,Plant,Earth,1,1,300,1960,960,384,1,Normal,,8,0
1056,SMOKIE,Smokie,18,641,1,134,86,61,72,0,10,1,18,36,25,26,35,Small,Brute,Earth,1,1,200,1576,576,420,17,Normal,,8,0
1057,YOYO,Yoyo,21,879,1,280,111,71,82,0,0,1,24,30,35,32,55,Small,Brute,Earth,1,1,200,1054,54,384,7,Normal,,8,0
1058,METALLER,Metaller,22,926,1,241,152,131,159,15,30,1,22,22,20,49,50,Medium,Insect,Fire,1,1,200,1708,1008,540,7,Normal,Detector,8,0
1059,MISTRESS,Mistress,74,212000,1,39325,27170,880,1110,40,60,50,165,60,95,70,130,Small,Insect,Wind,4,1,100,1148,648,300,21,Boss,Mvp,8,3
1060,BIGFOOT,Bigfoot,25,1619,1,310,188,198,220,10,0,1,25,55,15,20,25,Large,Brute,Earth,1,1,300,1260,192,192,17,Normal,,8,0
1061,NIGHTMARE,Nightmare,49,4437,1,1912,1912,447,529,0,40,1,74,25,15,64,10,Large,Demon,Ghost,3,1,150,1816,816,432,20,Normal,Detector,8,0
1062,PORING_,Santa Poring,3,69,1,4,5,12,16,0,0,1,14,3,10,12,90,Medium,Plant,Holy,1,1,400,1672,672,480,1,Normal,,7,0
1063,LUNATIC,Lunatic,3,60,1,6,2,9,12,0,20,1,3,3,10,8,60,Small,Brute,Neutral,3,1,200,1456,456,336,1,Normal,,8,0
1064,MEGALODON,Megalodon,24,1648,1,215,132,155,188,0,15,1,12,24,0,26,5,Medium,Undead,Undead,1,1,200,2492,792,432,1,Normal,,8,0
1065,STROUF,Strouf,48,11990,1,3080,2098,200,1250,5,50,1,40,45,92,43,65,Large,Fish,Water,3,1,150,1872,672,384,4,Normal,,8,0
1066,VADON,Vadon,19,1017,1,135,85,74,85,20,0,1,19,16,10,36,15,Small,Fish,Water,1,1,300,1632,432,540,17,Normal,,8,0
1067,CORNUTUS,Cornutus,23,1620,1,240,149,109,131,30,0,1,23,23,5,36,12,Small,Fish,Water,1,1,200,1248,48,480,17,Normal,,8,0
1068,HYDRA,Hydra,14,660,1,59,40,22,28,0,40,1,14,14,0,40,2,Small,Plant,Water,2,7,1000,800,432,600,10,Normal,,7,0
1069,SWORD_FISH,Swordfish,30,4299,1,1251,638,168,199,5,20,1,30,30,41,62,30,Large,Fish,Water,2,1,200,1968,768,384,4,Normal,,8,0
1070,KUKRE,Kukre,11,507,1,38,28,28,37,15,0,1,11,11,5,16,2,Small,Fish,Water,1,1,150,1776,576,288,2,Normal,,8,0
1071,PIRATE_SKEL,Pirate Skeleton,25,1676,1,233,142,145,178,10,15,25,13,25,5,25,10,Medium,Undead,Undead,1,1,200,1754,554,288,4,Normal,,8,0
1072,KAHO,Kaho,60,8409,1,3990,450,110,760,5,50,1,55,43,88,80,46,Medium,Demon,Fire,4,1,150,1700,1000,500,4,Normal,Detector,8,0
1073,CRAB,Crab,20,2451,1,163,101,71,81,35,0,18,20,15,0,36,15,Small,Fish,Water,1,1,200,992,792,360,1,Normal,,6,0
1074,SHELLFISH,Shellfish,15,920,1,66,44,35,42,35,0,1,12,8,0,32,5,Small,Fish,Water,1,1,200,864,864,384,17,Normal,,7,0
1076,SKELETON,Skeleton,10,234,1,18,14,39,47,10,10,1,5,10,0,12,0,Medium,Undead,Undead,1,1,200,2228,528,576,17,Normal,,7,0
1077,POISON_SPORE,Poison Spore,19,665,1,186,93,89,101,0,0,1,19,25,0,24,0,Medium,Plant,Poison,1,1,200,1672,672,288,4,Normal,,8,0
1078,RED_PLANT,Red Plant,1,10,1,0,0,1,2,100,99,0,0,0,0,0,0,Small,Plant,Earth,1,1,1000,1,1,1,06,Normal,"IgnoreMagic, IgnoreMelee, IgnoreMisc, IgnoreRanged",8,0
1079,BLUE_PLANT,Blue Plant,1,10,1,0,0,1,2,100,99,0,0,0,0,0,0,Small,Plant,Earth,1,1,1000,1,1,1,06,Normal,"IgnoreMagic, IgnoreMelee, IgnoreMisc, IgnoreRanged",8,0
1080,GREEN_PLANT,Green Plant,1,10,1,0,0,1,2,100,99,0,0,0,0,0,0,Small,Plant,Earth,1,1,1000,1,1,1,06,Normal,"IgnoreMagic, IgnoreMelee, IgnoreMisc, IgnoreRanged",8,0
1081,YELLOW_PLANT,Yellow Plant,1,10,1,0,0,1,2,100,99,0,0,0,0,0,0,Small,Plant,Earth,1,1,1000,1,1,1,06,Normal,"IgnoreMagic, IgnoreMelee, IgnoreMisc, IgnoreRanged",8,0
1082,WHITE_PLANT,White Plant,1,10,1,0,0,1,2,100,99,0,0,0,0,0,0,Small,Plant,Earth,1,1,1000,1,1,1,06,Normal,"IgnoreMagic, IgnoreMelee, IgnoreMisc, IgnoreRanged",8,0
1083,SHINING_PLANT,Shining Plant,1,20,1,0,0,1,2,100,99,0,0,0,0,0,90,Small,Plant,Holy,1,1,1000,1,1,1,06,Normal,"IgnoreMagic, IgnoreMelee, IgnoreMisc, IgnoreRanged",8,0
1084,BLACK_MUSHROOM,Black Mushroom,1,15,1,0,0,1,2,100,99,0,0,0,0,0,0,Small,Plant,Earth,1,1,1000,1,1,1,06,Normal,"IgnoreMagic, IgnoreMelee, IgnoreMisc, IgnoreRanged",8,0
1085,RED_MUSHROOM,Red Mushroom,1,15,1,0,0,1,2,100,99,0,0,0,0,0,0,Small,Plant,Earth,1,1,1000,1,1,1,06,Normal,"IgnoreMagic, IgnoreMelee, IgnoreMisc, IgnoreRanged",8,0
1086,GOLDEN_BUG,Golden Thief Bug,64,126000,1,14300,7150,870,1145,60,45,65,75,35,45,85,150,Large,Insect,Fire,2,1,100,768,768,480,7,Boss,Mvp,8,2
1087,ORK_HERO,Orc Hero,77,585700,1,58630,32890,2257,2542,40,45,1,91,30,70,105,90,Large,Demihuman,Earth,2,1,150,1678,780,648,21,Boss,Mvp,8,3
1088,VOCAL,Vocal,18,3016,1,110,88,71,82,10,30,77,28,26,30,53,40,Medium,Insect,Earth,1,1,200,1080,648,480,21,Normal,Detector,8,0
1089,TOAD,Toad,10,5065,1,100,50,26,32,0,0,1,5,10,10,10,25,Medium,Fish,Water,1,1,200,1236,336,432,21,Boss,,8,0
1090,MASTERING,Mastering,2,2415,1,30,10,18,24,0,10,1,2,2,0,17,60,Medium,Plant,Water,1,1,300,1072,672,480,21,Boss,,8,0
1091,DRAGON_FLY,Dragon Fly,8,2400,1,88,44,22,27,40,0,1,20,8,15,17,5,Small,Insect,Wind,1,1,100,1076,576,480,21,Boss,,8,0
1092,VAGABOND_WOLF,Vagabond Wolf,24,12240,1,247,176,135,159,10,0,57,45,48,20,50,65,Medium,Brute,Earth,1,1,150,1048,648,432,21,Boss,,8,0
1093,ECLIPSE,Eclipse,6,1800,1,60,55,20,26,0,40,1,36,6,0,11,80,Medium,Brute,Neutral,3,1,200,1456,456,336,21,Boss,,8,0
1094,AMBERNITE,Ambernite,13,495,1,57,38,39,46,30,0,1,13,13,5,18,5,Large,Insect,Water,1,1,400,2048,648,648,17,Normal,Detector,8,0
1095,ANDRE,Andre,17,688,1,109,71,60,71,10,0,1,17,24,20,26,20,Small,Insect,Earth,1,1,300,1288,288,384,7,Normal,Detector,8,0
1096,ANGELING,Angeling,20,55000,1,163,144,120,195,0,70,1,50,20,75,68,200,Medium,Angel,Holy,4,1,200,1072,672,672,21,Boss,,8,0
1097,ANT_EGG,Ant Egg,4,420,1,5,4,1,2,20,20,1,1,1,0,1,20,Small,Formless,Neutral,3,0,1000,1001,1,1,06,Normal,,7,0
1098,ANUBIS,Anubis,75,38000,1,28000,22000,530,1697,25,31,5,65,10,82,77,33,Large,Demihuman,Undead,2,1,150,1250,768,360,21,Normal,,8,0
1099,ARGIOPE,Argiope,41,4382,1,1797,849,395,480,30,0,1,41,31,10,56,30,Large,Insect,Poison,1,1,300,1792,792,336,21,Normal,Detector,7,0
1100,ARGOS,Argos,25,1117,1,388,188,158,191,15,0,1,25,25,5,32,15,Large,Insect,Poison,1,1,300,1468,468,768,09,Normal,Detector,8,0
1101,BAPHOMET_,Baphomet Jr.,50,8578,1,2706,1480,487,590,15,25,1,75,55,1,93,45,Small,Demon,Dark,1,1,100,868,480,120,21,Normal,Detector,8,0
1102,BATHORY,Bathory,44,5415,1,2503,1034,198,398,0,60,1,76,24,85,65,15,Medium,Demihuman,Dark,1,1,100,1504,840,900,21,Normal,,8,0
1103,CARAMEL,Caramel,23,1424,1,264,162,90,112,5,5,35,23,46,5,38,10,Small,Brute,Earth,1,1,200,1604,840,756,17,Normal,,7,0
1104,COCO,Coco,17,817,1,120,78,56,67,0,0,24,17,34,20,24,10,Small,Brute,Earth,1,1,150,1864,864,1008,17,Normal,,8,0
1105,DENIRO,Deniro,19,760,1,135,85,68,79,15,0,1,19,30,20,43,10,Small,Insect,Earth,1,1,150,1288,288,576,7,Normal,Detector,8,0
1106,DESERT_WOLF,Desert Wolf,27,1716,1,427,266,169,208,0,10,56,27,45,15,56,10,Medium,Brute,Fire,1,1,200,1120,420,288,13,Normal,,8,0
1107,DESERT_WOLF_B,Baby Desert Wolf,9,164,1,20,16,30,36,0,0,1,9,9,5,21,40,Small,Brute,Fire,1,1,300,1600,900,240,3,Normal,,8,0
1108,DEVIACE,Deviace,47,20090,1,9988,7207,514,1024,10,20,1,47,62,48,62,25,Medium,Fish,Water,4,1,400,1680,480,384,17,Normal,,8,0
1109,DEVIRUCHI,Deviruchi,46,6666,1,2662,1278,475,560,10,25,1,69,40,55,70,30,Small,Demon,Dark,1,1,150,980,600,384,21,Normal,Detector,8,0
1110,DOKEBI,Dokebi,33,2697,1,889,455,197,249,0,10,50,50,40,35,69,40,Small,Demon,Dark,1,1,250,1156,456,384,17,Normal,Detector,8,0
1111,DRAINLIAR,Drainliar,24,1162,1,431,176,74,84,0,0,1,36,24,0,78,0,Small,Brute,Dark,2,1,250,1276,576,384,09,Normal,,8,0
1112,DRAKE,Drake,70,326666,1,28600,22880,1800,2100,20,35,85,80,49,75,79,50,Medium,Undead,Undead,1,1,400,620,420,360,21,Boss,Mvp,8,2
1113,DROPS,Drops,3,55,1,4,3,10,13,0,0,1,3,3,0,12,15,Medium,Plant,Fire,1,1,400,1372,672,480,2,Normal,,8,0
1114,DUSTINESS,Dustiness,21,1044,1,218,140,80,102,0,10,1,53,17,0,38,5,Small,Insect,Wind,2,1,150,1004,504,384,17,Normal,Detector,7,0
1115,EDDGA,Eddga,65,152000,1,25025,12870,1215,1565,15,15,78,70,85,66,90,85,Large,Brute,Fire,1,1,300,872,1344,432,21,Boss,Mvp,8,3
1116,EGGYRA,Eggyra,24,633,1,215,220,85,107,20,25,1,36,24,0,32,0,Medium,Formless,Ghost,2,1,200,1816,816,288,17,Normal,,8,0
1117,EVIL_DRUID,Evil Druid,58,16506,1,2890,1827,420,670,5,60,1,29,58,80,68,30,Large,Undead,Undead,4,1,300,2276,576,336,21,Normal,,8,0
1118,FLORA,Flora,26,2092,1,357,226,242,273,10,35,1,26,35,5,43,80,Large,Plant,Earth,1,3,1000,1432,432,576,10,Normal,,8,0
1119,FRILLDORA,Frilldora,30,2023,1,529,319,200,239,0,10,35,30,38,15,53,30,Medium,Brute,Fire,1,1,300,1540,720,432,4,Normal,,8,0
1120,GHOSTRING,Ghostring,18,73300,1,101,108,82,122,0,60,40,27,18,45,72,30,Medium,Demon,Ghost,4,1,300,1220,1080,648,21,Boss,,8,0
1121,GIEARTH,Giearth,29,2252,1,495,301,154,185,10,50,25,29,46,60,64,105,Small,Demon,Earth,1,1,200,1848,1296,432,17,Normal,Detector,7,0
1122,GOBLIN_1,Goblin,25,1176,1,310,188,118,140,10,5,1,53,25,20,38,10,Medium,Demihuman,Wind,1,1,100,1120,620,240,21,Normal,,8,0
1123,GOBLIN_2,Goblin,24,1034,1,287,176,88,100,10,5,1,24,24,15,66,10,Medium,Demihuman,Fire,1,1,150,1320,620,240,09,Normal,,8,0
1124,GOBLIN_3,Goblin,24,1034,1,357,176,132,165,10,5,1,24,24,15,24,10,Medium,Demihuman,Poison,1,1,250,1624,624,240,13,Normal,,8,0
1125,GOBLIN_4,Goblin,23,1359,1,264,164,109,131,10,5,1,23,46,15,36,10,Medium,Demihuman,Earth,1,1,200,1624,624,240,13,Normal,,8,0
1126,GOBLIN_5,Goblin,22,1952,1,241,152,105,127,10,5,1,22,22,15,32,10,Medium,Demihuman,Water,1,1,300,3074,1874,480,13,Normal,,8,0
1127,HODE,Hode,26,2282,1,550,300,146,177,0,30,1,26,42,5,49,40,Medium,Brute,Earth,2,1,200,1480,480,720,1,Normal,,8,0
1128,HORN,Horn,18,659,1,134,86,58,69,10,0,22,18,28,10,47,15,Medium,Insect,Earth,1,1,200,1528,528,288,17,Normal,Detector,7,0
1129,HORONG,Horong,34,1939,1,786,479,275,327,99,50,1,34,10,0,50,0,Small,Formless,Fire,4,1,400,1888,1152,828,13,Normal,,8,0
1130,JAKK,Jakk,38,3581,1,1408,880,315,382,5,30,1,38,38,43,75,45,Medium,Formless,Fire,2,1,200,1180,480,648,21,Normal,,7,0
1131,JOKER,Joker,57,12450,1,3706,2362,621,738,10,35,1,143,47,75,98,175,Large,Demihuman,Wind,4,1,100,1364,864,432,21,Normal,,8,0
1132,KHALITZBURG,Khalitzburg,63,19276,1,4378,2750,875,1025,45,10,58,65,48,5,73,40,Large,Undead,Undead,1,1,350,528,1000,396,21,Normal,,8,0
1133,KOBOLD_1,Kobold,36,3893,1,988,625,265,318,15,10,1,90,36,30,52,20,Medium,Demihuman,Wind,2,1,150,1028,528,360,13,Normal,,7,0
1134,KOBOLD_2,Kobold,31,2179,1,806,407,262,324,15,10,1,31,31,20,46,20,Medium,Demihuman,Poison,2,1,200,1528,528,360,13,Normal,,7,0
1135,KOBOLD_3,Kobold,31,2179,1,644,407,186,216,15,10,1,31,31,20,88,20,Medium,Demihuman,Fire,2,1,300,1228,528,360,13,Normal,,8,0
1138,MAGNOLIA,Magnolia,26,3195,1,393,248,120,151,5,30,1,26,26,0,39,5,Small,Demon,Water,1,1,250,1560,360,360,2,Normal,Detector,8,0
1139,MANTIS,Mantis,26,2472,1,393,248,118,149,10,0,1,26,24,5,45,15,Medium,Insect,Earth,1,1,200,1528,660,432,09,Normal,Detector,8,0
1140,MARDUK,Marduk,40,4214,1,1238,752,315,382,0,60,1,40,20,79,78,20,Large,Demihuman,Fire,1,1,300,1540,840,504,09,Normal,,8,0
1141,MARINA,Marina,21,2087,1,218,140,84,106,0,5,1,21,21,0,36,10,Small,Plant,Water,2,1,400,2280,1080,864,1,Normal,,7,0
1142,MARINE_SPHERE,Marine Sphere,28,3518,1,461,284,120,320,0,40,1,28,28,0,33,50,Small,Plant,Water,2,1,800,1201,1,1,06,Normal,,7,0
1143,MARIONETTE,Marionette,41,3222,1,1078,1276,355,422,0,25,1,62,36,44,69,45,Small,Demon,Ghost,3,1,300,1480,480,1056,09,Normal,Detector,8,0
1144,MARSE,Marse,31,5034,1,586,370,211,252,0,5,1,31,25,5,52,30,Small,Fish,Water,2,1,300,1956,756,528,17,Normal,,8,0
1145,MARTIN,Martin,18,1109,1,134,86,52,63,0,5,12,18,30,15,15,5,Small,Brute,Earth,2,1,300,1480,480,480,1,Normal,,8,0
1146,MATYR,Matyr,31,2585,1,967,407,134,160,0,0,1,47,38,5,64,5,Medium,Brute,Dark,1,1,150,432,432,360,09,Normal,,7,0
1147,MAYA,Maya,81,169000,1,42900,17875,1800,2070,60,25,95,97,76,95,82,105,Large,Insect,Earth,4,1,100,864,1000,480,21,Boss,Mvp,8,3
1148,MEDUSA,Medusa,79,16408,1,6876,4697,827,1100,28,18,1,74,50,57,77,69,Medium,Demon,Neutral,2,1,180,1720,1320,360,21,Normal,Detector,8,0
1149,MINOROUS,Minorous,52,7431,1,2750,1379,590,770,15,5,65,42,61,66,52,25,Large,Brute,Fire,2,1,200,1360,960,432,09,Normal,,8,0
1150,MOONLIGHT,Moonlight Flower,67,120000,1,27500,14300,1200,1700,10,55,55,99,55,82,95,120,Medium,Demon,Fire,3,1,150,1276,576,288,21,Boss,Mvp,8,3
1151,MYST,Myst,38,3745,1,1391,688,365,445,0,40,1,38,18,0,53,10,Large,Formless,Poison,1,1,200,1576,576,384,21,Normal,,8,0
1152,ORC_SKELETON,Orc Skeleton,28,2278,1,315,194,190,236,10,10,1,14,18,0,30,15,Medium,Undead,Undead,1,1,200,2420,720,648,4,Normal,,7,0
1153,ORC_ZOMBIE,Orc Zombie,24,1568,1,196,120,151,184,5,10,1,12,24,0,24,5,Medium,Undead,Undead,1,1,400,2852,1152,840,4,Normal,,4,0
1154,PASANA,Pasana,61,8289,1,4087,2135,513,682,29,35,1,73,50,61,59,43,Medium,Demihuman,Fire,2,1,165,976,576,288,09,Normal,,7,0
1155,PETIT,Petite,44,6881,1,1677,1034,360,427,30,30,1,44,62,55,79,60,Medium,Dragon,Earth,1,1,200,1624,620,384,09,Normal,,8,0
1156,PETIT_,Petite,45,5747,1,1758,1075,300,355,20,45,1,113,45,55,73,80,Medium,Dragon,Wind,1,1,150,1420,1080,528,09,Normal,,8,0
1157,PHARAOH,Pharaoh,93,445997,1,114990,41899,2267,3015,67,70,1,93,100,104,89,112,Large,Demihuman,Dark,3,1,125,868,768,288,21,Boss,Mvp,8,3
1158,PHEN,Phen,26,3347,1,357,226,138,150,0,15,1,26,26,0,88,75,Medium,Fish,Water,2,1,150,2544,1344,1152,17,Normal,,7,0
1159,PHREEONI,Phreeoni,69,188000,1,32175,16445,880,1530,10,20,1,85,78,35,130,60,Large,Brute,Neutral,3,1,200,1020,1020,288,21,Boss,Mvp,8,3
1160,PIERE,Piere,18,733,1,122,78,64,75,15,0,1,18,26,20,27,15,Small,Insect,Earth,1,1,200,1288,288,576,7,Normal,Detector,8,0
1161,PLANKTON,Plankton,10,354,1,23,18,26,31,0,5,1,10,10,0,15,0,Small,Plant,Water,3,1,400,2208,1008,324,1,Normal,,8,0
1162,RAFFLESIA,Rafflesia,17,1333,1,333,333,105,127,0,2,1,18,24,11,37,10,Small,Plant,Earth,1,3,150,512,528,240,4,Normal,,8,0
1163,RAYDRIC,Raydric,52,8613,1,3410,1795,830,930,40,15,58,47,42,5,69,26,Large,Demihuman,Dark,2,1,150,824,780,420,09,Normal,,8,0
1164,REQUIEM,Requiem,35,3089,1,800,458,220,272,0,15,1,53,35,5,57,2,Medium,Demihuman,Dark,1,1,400,1516,816,432,4,Normal,,8,0
1165,SAND_MAN,Sandman,34,3413,1,810,492,180,205,10,25,24,34,58,38,60,5,Medium,Formless,Earth,3,1,250,1672,720,288,4,Normal,,8,0
1166,SAVAGE,Savage,26,2092,1,521,248,120,150,10,5,1,26,54,10,37,15,Large,Brute,Earth,2,1,150,1960,960,384,17,Normal,,8,0
1167,SAVAGE_BABE,Savage Babe,7,182,1,14,12,20,25,0,0,1,7,14,5,12,35,Small,Brute,Earth,1,1,400,1624,624,576,1,Normal,,8,0
1169,SKEL_WORKER,Skeleton Worker,30,2872,1,397,240,242,288,0,15,1,15,30,5,42,10,Medium,Undead,Undead,1,1,400,2420,720,384,4,Normal,,8,0
1170,SOHEE,Sohee,33,5628,1,739,455,210,251,0,10,1,33,33,10,58,15,Medium,Demon,Water,1,1,250,2112,912,576,17,Normal,Detector,8,0
1174,STAINER,Stainer,16,538,1,105,70,53,64,10,0,1,40,16,5,30,5,Small,Insect,Wind,1,1,200,1688,1188,612,17,Normal,Detector,8,0
1175,TAROU,Tarou,11,284,1,57,28,34,45,0,0,1,20,11,10,24,5,Small,Brute,Dark,1,1,150,1744,1044,684,17,Normal,,6,0
1176,VITATA,Vitata,20,894,1,163,101,69,80,15,20,1,20,25,65,40,70,Small,Insect,Earth,1,1,300,1768,768,384,17,Normal,Detector,8,0
1177,ZENORC,Zenorc,31,2585,1,967,407,188,223,0,15,1,77,15,0,76,10,Medium,Demihuman,Dark,1,1,150,1180,480,360,2,Normal,,7,0
1178,ZEROM,Zerom,23,1109,1,240,149,127,155,0,10,1,23,23,5,42,0,Medium,Demihuman,Fire,1,1,200,1780,1080,432,4,Normal,,8,0
1179,WHISPER,Whisper,34,1796,1,591,599,180,221,0,45,1,51,14,0,60,0,Small,Demon,Ghost,3,1,150,1960,960,504,09,Normal,Detector,5,0
1180,NINE_TAIL,Nine Tail,51,7766,1,2812,825,610,734,10,25,1,80,46,1,74,85,Medium,Brute,Fire,3,1,150,840,540,480,21,Normal,,8,0
1182,THIEF_MUSHROOM,Thief Mushroom,1,15,1,0,0,1,2,100,99,0,0,0,0,0,0,Small,Plant,Earth,1,1,1000,1,1,1,06,Normal,"IgnoreMagic, IgnoreMelee, IgnoreMisc, IgnoreRanged",2,0
1183,CHONCHON_,Chonchon,4,67,1,5,4,10,13,10,0,1,10,4,5,12,2,Small,Insect,Wind,1,1,200,1076,576,480,4,Normal,Detector,7,0
1184,FABRE_,Fabre,1,30,1,1,0,4,7,0,0,1,2,1,1,4,5,Small,Insect,Earth,1,1,400,1672,672,480,4,Normal,Detector,7,0
1185,WHISPER_,Whisper,34,1796,1,537,545,198,239,0,45,1,51,14,0,60,0,Small,Undead,Ghost,1,1,150,1960,960,504,06,Normal,,3,0
1186,WHISPER_BOSS,Giant Whisper,34,5040,1,537,545,198,239,0,45,1,51,14,0,60,0,Small,Demon,Ghost,2,1,250,2536,1536,672,21,Normal,Detector,5,0
1187,SWITCH,Switch,1,2,1,1,1,1,2,0,0,1,1,1,0,1,0,Medium,Formless,Neutral,1,1,20,1,1,1,06,Normal,,0,0
1188,BON_GUN,Bongun,32,3520,1,424,242,220,260,0,0,45,15,36,10,48,15,Medium,Undead,Undead,1,1,200,1720,500,420,09,Normal,,8,0
1189,ORC_ARCHER,Orc Archer,49,7440,1,1729,1787,310,390,10,5,1,44,25,20,125,20,Medium,Demihuman,Earth,1,9,300,1960,620,480,09,Normal,,8,0
1190,ORC_LORD,Orc Lord,74,783000,1,62205,8580,3700,4150,40,5,85,82,30,70,110,85,Large,Demihuman,Earth,4,1,100,1248,500,360,21,Boss,Mvp,8,2
1191,MIMIC,Mimic,51,6120,182,165,165,150,900,10,40,44,121,1,60,75,110,Medium,Formless,Neutral,3,1,100,972,500,288,09,Normal,,8,0
1192,WRAITH,Wraith,53,10999,1,2199,1099,580,760,5,30,1,95,30,65,95,35,Large,Undead,Undead,4,1,300,1816,576,240,21,Normal,,8,0
1193,ALARM,Alarm,58,10647,1,3987,2300,480,600,15,15,1,62,72,10,85,45,Medium,Formless,Neutral,3,1,300,1020,500,768,21,Normal,,8,0
1194,ARCLOUSE,Arclouze,59,6075,1,860,1000,570,640,10,15,1,75,5,5,75,50,Medium,Insect,Earth,2,1,100,960,500,480,09,Normal,Detector,8,0
1195,RIDEWORD,Rideword,59,11638,1,2007,3106,584,804,5,35,48,75,10,20,120,45,Small,Formless,Neutral,3,1,150,864,500,192,21,Normal,,8,0
1196,SKEL_PRISONER,Skeleton Prisoner,52,8691,1,2466,1562,660,890,10,20,55,20,36,0,76,25,Medium,Undead,Undead,3,1,350,1848,500,576,13,Normal,,8,0
1197,ZOMBIE_PRISONER,Zombie Prisoner,53,11280,1,2635,1724,780,930,10,20,1,24,39,0,72,25,Medium,Undead,Undead,3,1,350,1768,500,192,13,Normal,,8,0
1198,DARK_PRIEST,Dark Priest,79,101992,1,12192,5152,1238,2037,56,70,5,91,41,101,103,42,Medium,Demon,Undead,4,2,200,864,1252,476,13,Boss,,8,0
1199,PUNK,Punk,43,3620,1,1699,1033,292,365,0,45,1,105,5,45,65,20,Small,Plant,Wind,1,1,300,1500,500,1000,09,Normal,,8,0
1200,ZHERLTHSH,Zealotus,63,18300,1,3608,2304,700,850,10,15,70,85,40,30,125,60,Medium,Demihuman,Neutral,3,1,200,800,2112,768,13,Normal,,8,0
1201,RYBIO,Rybio,71,9572,1,6317,3520,686,912,45,37,1,97,75,74,77,90,Large,Demon,Neutral,2,1,200,1790,1440,540,13,Normal,Detector,8,0
1202,PHENDARK,Phendark,73,22729,1,6826,3443,794,1056,52,36,1,62,120,65,76,66,Large,Demihuman,Neutral,2,2,175,1744,1344,600,13,Normal,,6,0
1203,MYSTELTAINN,Mysteltainn,76,33350,1,6457,5159,1160,1440,30,30,77,139,80,35,159,65,Large,Formless,Dark,4,2,250,1152,500,240,21,Boss,,8,0
1204,TIRFING,Ogretooth,71,29900,1,5412,4235,950,1146,30,35,58,87,55,35,132,65,Medium,Formless,Dark,3,1,100,816,500,240,21,Boss,,8,0
1205,EXECUTIONER,Executioner,65,28980,1,4730,3536,570,950,35,35,64,85,40,25,88,60,Large,Formless,Dark,2,2,200,768,500,384,21,Boss,,8,0
1206,ANOLIAN,Anolian,61,18960,1,5900,3700,640,980,15,15,1,43,58,25,80,65,Medium,Fish,Water,2,1,190,900,500,864,21,Normal,,8,0
1207,STING,Sting,61,9500,1,4081,2970,850,1032,5,30,57,45,55,5,120,85,Medium,Formless,Earth,3,1,300,528,500,240,21,Normal,,8,0
1208,WANDER_MAN,Wanderer,74,8170,1,5786,4730,450,1170,5,5,1,192,38,45,127,85,Medium,Demon,Wind,1,2,100,672,500,192,21,Normal,Detector,8,0
1209,CRAMP,Cramp,56,4720,1,2300,1513,395,465,0,5,1,85,35,5,65,60,Small,Brute,Poison,2,1,100,1000,500,1000,09,Normal,,8,0
1211,BRILIGHT,Brilight,46,5562,1,1826,1331,298,383,30,5,1,90,15,10,50,35,Small,Insect,Fire,1,1,200,1500,500,1000,09,Normal,Detector,8,0
1212,IRON_FIST,Iron Fist,47,4221,1,1435,1520,430,590,40,5,1,25,15,10,81,20,Medium,Insect,Neutral,3,1,200,1500,500,1000,09,Normal,Detector,7,0
1213,HIGH_ORC,High Orc,52,6890,1,3618,1639,428,533,15,5,55,46,55,35,82,40,Large,Demihuman,Fire,2,1,150,1500,500,1000,21,Normal,,8,0
1214,CHOCO,Choco,43,4278,1,1265,1265,315,402,5,5,65,68,55,45,65,25,Small,Brute,Fire,1,1,200,1500,500,1000,09,Normal,,8,0
1215,STEM_WORM,Stem Worm,40,6136,1,1452,939,290,375,5,10,1,30,26,15,79,35,Medium,Plant,Wind,1,2,200,1500,500,1000,09,Normal,,8,0
1216,PENOMENA,Penomena,57,7256,1,2870,2200,415,565,5,50,1,5,35,15,136,30,Medium,Fish,Poison,1,7,400,832,500,600,21,Normal,,8,0
1219,KNIGHT_OF_ABYSS,Abysmal Knight,79,36140,1,8469,6268,1600,2150,55,50,66,68,64,25,135,50,Large,Demihuman,Dark,4,1,300,1500,500,1000,21,Normal,,8,0
1220,M_DESERT_WOLF,Desert Wolf,27,1716,1,388,242,169,208,0,10,1,27,45,15,56,10,Medium,Brute,Fire,1,1,200,1120,420,288,21,Normal,,7,0
1221,M_SAVAGE,Savage,26,2092,1,357,226,146,177,10,5,1,26,54,10,37,10,Large,Brute,Earth,2,1,150,1960,960,384,21,Normal,,7,0
1229,META_FABRE,Fabre,2,63,1,3,2,8,11,0,0,1,2,4,0,7,5,Small,Insect,Earth,1,1,400,1672,672,480,1,Normal,Detector,8,0
1230,META_PUPA,Pupa,2,427,1,2,4,1,2,20,20,1,1,1,0,1,20,Small,Insect,Earth,1,0,1000,1001,1,1,06,Normal,Detector,8,0
1231,META_CREAMY,Creamy,16,595,1,96,64,53,64,0,30,1,40,16,15,16,55,Small,Insect,Wind,1,1,200,1220,720,288,1,Normal,Detector,7,0
1232,META_PECOPECO_EGG,Peco Peco Egg,3,420,1,4,4,1,2,20,20,1,1,1,0,1,20,Small,Formless,Neutral,3,0,1000,1001,1,1,06,Normal,,8,0
1234,PROVOKE_YOYO,Yoyo,19,879,1,135,85,71,82,0,0,1,24,30,35,32,55,Small,Brute,Earth,1,1,200,1054,54,384,7,Normal,,8,0
1235,SMOKING_ORC,Smoking Orc,24,1400,1,261,160,114,136,10,20,1,24,48,20,34,0,Medium,Demihuman,Earth,1,1,200,1864,864,288,13,Normal,,8,0
1236,META_ANT_EGG,Ant Egg,4,420,1,5,4,1,2,20,20,1,1,1,0,1,20,Small,Formless,Neutral,3,0,1000,1001,1,1,06,Normal,,7,0
1237,META_ANDRE,Andre,17,688,1,109,71,60,71,10,0,1,17,24,20,26,20,Small,Insect,Earth,1,1,300,1288,288,576,7,Normal,Detector,8,0
1238,META_PIERE,Piere,18,733,1,122,78,64,75,15,0,1,18,26,20,27,15,Small,Insect,Earth,1,1,200,1288,288,576,7,Normal,Detector,8,0
1239,META_DENIRO,Deniro,19,760,1,135,85,68,79,15,0,1,19,30,20,43,10,Small,Insect,Earth,1,1,150,1288,288,576,7,Normal,Detector,8,0
1240,META_PICKY,Picky,3,80,1,4,3,9,12,0,0,1,3,3,0,10,30,Small,Brute,Fire,1,1,200,988,288,168,1,Normal,,7,0
1241,META_PICKY_,Picky,4,83,1,5,4,8,11,20,0,1,3,3,0,11,20,Small,Brute,Fire,1,1,200,988,288,168,1,Normal,,7,0
1242,MARIN,Marin,15,742,1,66,44,39,43,0,10,1,10,10,5,35,15,Medium,Plant,Water,2,1,400,1872,672,480,1,Normal,,8,0
1243,SASQUATCH,Sasquatch,30,3163,1,529,319,250,280,5,0,75,25,60,10,34,20,Large,Brute,Neutral,3,1,300,1260,192,192,21,Normal,,8,0
1244,JAKK_XMAS,Christmas Jakk,38,3581,1,1113,688,315,382,5,30,1,38,38,43,75,45,Medium,Formless,Fire,2,1,200,1180,480,648,1,Normal,,8,0
1245,GOBLINE_XMAS,Christmas Goblin,25,1176,1,282,171,118,140,10,5,1,53,25,20,38,45,Medium,Demihuman,Wind,1,1,100,1120,620,240,1,Normal,,8,0
1246,COOKIE_XMAS,Christmas Cookie,28,2090,1,461,284,140,170,0,50,1,24,30,53,45,100,Small,Demihuman,Holy,2,1,400,1248,1248,240,17,Normal,,8,0
1247,ANTONIO,Antonio,10,10,1,3,2,13,20,100,0,1,1,1,50,100,100,Medium,Plant,Holy,3,1,100,720,720,432,1,Normal,"IgnoreMagic, IgnoreMelee, IgnoreMisc, IgnoreRanged",8,0
1248,CRUISER,Cruiser,35,2820,1,1100,450,175,215,5,5,1,40,10,10,90,25,Medium,Formless,Neutral,3,7,400,1296,1296,432,5,Normal,,8,0
1249,MYSTCASE,Myst Case,38,3450,1,1113,688,160,360,5,10,65,50,25,5,48,75,Medium,Formless,Neutral,3,1,400,1248,1248,432,17,Normal,,8,0
1250,CHEPET,Chepet,42,4950,1,1518,946,380,440,0,25,1,72,35,71,65,85,Medium,Demihuman,Fire,1,1,400,672,672,288,21,Normal,,8,0
1251,KNIGHT_OF_WINDSTORM,Stormy Knight,77,240000,1,64350,21450,1425,1585,35,60,75,185,83,55,130,79,Large,Formless,Wind,4,2,200,468,468,288,21,Boss,Mvp,8,3
1252,GARM,Hatii,73,197000,1,50050,20020,1700,1900,40,45,85,126,82,65,95,60,Large,Brute,Water,4,3,400,608,408,336,21,Boss,Mvp,7,3
1253,GARGOYLE,Gargoyle,48,3950,1,1650,1650,290,360,10,10,15,61,20,20,126,40,Medium,Demon,Wind,3,9,200,1020,720,384,5,Normal,Detector,6,0
1254,RAGGLER,Raggler,21,1020,1,218,140,102,113,0,5,18,10,32,20,39,35,Small,Brute,Wind,1,1,200,1000,900,384,21,Normal,,8,0
1255,NERAID,Nereid,40,4120,1,1126,684,325,360,0,10,1,45,50,5,64,5,Small,Brute,Earth,1,1,200,776,576,288,21,Normal,,8,0
1256,PEST,Pest,40,3240,1,1238,752,375,450,0,5,1,60,22,5,80,5,Small,Brute,Dark,2,1,165,700,648,480,21,Normal,,7,0
1257,INJUSTICE,Injustice,51,7600,1,2118,1488,480,600,0,0,84,42,39,0,71,35,Medium,Undead,Dark,2,1,400,770,720,336,21,Normal,,8,0
1258,GOBLIN_ARCHER,Goblin Archer,28,1750,1,461,284,89,113,0,0,10,15,20,15,72,20,Small,Demihuman,Poison,1,9,200,1172,672,420,5,Normal,,8,0
1259,GRYPHON,Gryphon,72,27800,1,5896,4400,880,1260,35,35,68,95,78,65,115,75,Large,Brute,Wind,4,1,100,704,504,432,21,Boss,,8,0
1260,DARK_FRAME,Dark Frame,59,7500,1,3652,3271,960,1210,10,45,1,72,42,45,85,25,Medium,Demon,Dark,3,1,200,920,720,200,21,Normal,Detector,6,0
1261,WILD_ROSE,Wild Rose,38,2980,1,1113,688,315,360,0,15,65,85,15,35,65,80,Small,Brute,Wind,1,1,100,964,864,288,2,Normal,,8,0
1262,MUTANT_DRAGON,Mutant Dragonoid,65,62600,1,4730,3536,2400,3400,15,20,75,47,30,68,45,35,Large,Dragon,Fire,2,4,250,1280,1080,240,21,Boss,,8,0
1263,WIND_GHOST,Wind Ghost,51,4820,1,2424,1488,489,639,0,45,1,89,15,90,85,25,Medium,Demon,Wind,3,2,150,1056,1056,336,21,Normal,Detector,8,0
1264,MERMAN,Merman,53,14690,1,4500,3000,482,964,10,35,72,45,46,35,60,55,Medium,Demihuman,Water,3,2,220,916,816,336,21,Normal,,8,0
1265,COOKIE,Cookie,25,950,1,310,188,130,145,0,25,1,35,20,53,37,90,Small,Demihuman,Neutral,3,1,200,1036,936,240,3,Normal,,8,0
1266,ASTER,Aster,18,1372,1,122,78,56,64,0,10,1,19,15,0,34,5,Small,Fish,Earth,1,1,400,1264,864,216,17,Normal,,7,0
1267,CARAT,Carat,51,5200,1,1926,1353,330,417,0,25,1,41,45,5,85,155,Medium,Demon,Wind,2,1,200,1078,768,384,21,Normal,Detector,6,0
1268,BLOODY_KNIGHT,Bloody Knight,82,57870,1,10120,6820,2150,3030,60,50,88,75,70,77,125,55,Large,Formless,Dark,4,3,250,828,528,192,21,Normal,,8,0
1269,CLOCK,Clock,60,11050,1,3410,2904,720,909,15,10,1,70,50,25,90,50,Medium,Formless,Earth,2,1,200,1092,792,480,17,Normal,,8,0
1270,C_TOWER_MANAGER,Clock Tower Manager,63,18600,1,4378,2850,880,1180,35,30,1,75,20,64,75,60,Large,Formless,Neutral,4,3,200,1072,672,384,17,Normal,,8,0
1271,ALLIGATOR,Alligator,42,6962,1,1379,866,315,360,2,5,1,45,50,10,69,65,Medium,Brute,Water,1,1,200,1100,900,480,17,Normal,,6,0
1272,DARK_LORD,Dark Lord,80,720000,1,65780,45045,2800,3320,30,70,1,120,30,118,99,60,Large,Demon,Undead,4,2,100,868,768,480,21,Boss,Mvp,8,3
1273,ORC_LADY,Orc Lady,31,2000,1,644,407,135,170,10,10,35,42,25,15,69,55,Medium,Demihuman,Earth,2,1,200,1050,900,288,21,Normal,,8,0
1274,MEGALITH,Megalith,45,5300,1,1758,1075,264,314,50,25,1,45,60,5,95,5,Large,Formless,Neutral,4,9,200,1332,1332,672,10,Normal,,6,0
1275,ALICE,Alice,62,10000,221,3583,2400,550,700,5,5,64,64,42,85,100,130,Medium,Demihuman,Neutral,3,1,200,502,2304,480,17,Normal,,8,0
1276,RAYDRIC_ARCHER,Raydric Archer,52,5250,1,3025,2125,415,500,35,5,15,25,22,5,145,35,Medium,Demon,Dark,2,9,200,1152,1152,480,5,Normal,Detector,7,0
1277,GREATEST_GENERAL,Greatest General,40,3632,1,1238,752,350,400,15,15,1,20,60,55,82,140,Medium,Formless,Fire,2,3,200,1152,1152,384,10,Normal,,8,0
1278,STALACTIC_GOLEM,Stalactic Golem,60,18700,1,5808,2695,950,1260,50,5,73,45,85,5,90,25,Large,Formless,Neutral,4,1,200,1264,864,288,17,Normal,,7,0
1279,TRI_JOINT,Tri Joint,32,2300,1,386,220,178,206,20,5,1,48,24,10,67,20,Small,Insect,Earth,1,1,200,860,660,624,21,Normal,Detector,7,0
1280,STEAM_GOBLIN,Goblin Steamrider,35,2490,1,864,495,234,269,20,5,58,59,32,15,75,25,Medium,Demihuman,Wind,2,1,200,1008,1008,528,17,Normal,,8,0
1281,SAGEWORM,Sage Worm,43,3850,1,1155,1320,120,280,0,50,1,52,24,88,79,55,Small,Brute,Neutral,3,1,200,936,936,288,17,Normal,,8,0
1282,KOBOLD_ARCHER,Kobold Archer,33,2560,1,739,455,155,185,10,5,10,20,15,30,100,25,Small,Demihuman,Fire,1,9,200,1008,1008,384,5,Normal,,8,0
1283,CHIMERA,Chimera,70,32600,1,4950,3000,1200,1320,30,10,1,72,110,88,75,85,Large,Brute,Fire,3,1,200,772,672,360,21,Boss,,8,0
1285,ARCHER_GUARDIAN,Archer Guardian,74,28634,1,1,1,1120,1600,35,60,95,80,80,90,165,55,Large,Demihuman,Neutral,4,12,265,1200,1200,384,12,Guardian,,0,0
1286,KNIGHT_GUARDIAN,Knight Guardian,86,30214,1,1,1,1280,1560,55,30,110,40,140,65,125,65,Large,Demihuman,Neutral,4,2,275,1200,1200,384,12,Guardian,,0,0
1287,SOLDIER_GUARDIAN,Soldier Guardian,56,15670,1,1,1,873,1036,35,0,85,56,100,45,103,43,Small,Insect,Earth,1,1,265,1288,288,384,12,Guardian,,0,0
1288,EMPELIUM,Emperium,90,68430,1,0,0,60,71,40,50,1,17,80,50,26,20,Small,Angel,Holy,1,1,300,1288,288,384,06,Boss,,0,0
1289,MAYA_PUPLE,Maya Purple,81,55479,1,10496,3893,1447,2000,68,48,95,90,80,95,90,119,Large,Insect,Earth,4,2,100,1024,1000,480,21,Boss,,8,0
1290,SKELETON_GENERAL,Skeleton General,73,17402,1,8170,3370,910,1089,25,25,90,25,40,20,77,25,Medium,Undead,Undead,1,1,150,2276,576,432,21,Normal,,8,0
1291,WRAITH_DEAD,Wraith Dead,74,43021,1,10341,3618,1366,1626,25,30,5,99,55,75,115,45,Large,Undead,Undead,4,2,175,1816,576,240,21,Normal,,8,0
1292,MINI_DEMON,Mini Demon,68,32538,1,8396,3722,1073,1414,30,25,5,75,40,55,89,42,Small,Demon,Dark,1,1,150,1000,600,384,21,Normal,Detector,8,0
1293,CREMY_FEAR,Creamy Fear,62,13387,1,7365,2691,666,829,45,30,5,40,16,15,68,55,Small,Insect,Wind,1,2,155,1136,720,840,21,Normal,Detector,8,0
1294,KILLER_MANTIS,Killer Mantis,56,13183,1,6509,2366,764,927,35,20,5,26,24,5,75,40,Medium,Insect,Earth,1,1,175,1528,660,432,21,Normal,Detector,8,0
1295,OWL_BARON,Owl Baron,75,60746,1,10967,4811,1252,1610,65,25,25,25,80,95,95,55,Large,Demon,Neutral,3,2,175,1345,824,440,21,Boss,,8,0
1296,KOBOLD_LEADER,Kobold Leader,65,18313,1,7432,2713,649,958,37,37,5,90,36,30,77,59,Medium,Demihuman,Wind,2,1,150,1028,528,360,21,Normal,,8,0
1297,ANCIENT_MUMMY,Ancient Mummy,64,40599,1,8040,3499,836,1129,27,27,28,19,32,5,83,35,Medium,Undead,Undead,2,1,175,1772,120,384,21,Normal,,8,0
1298,ZOMBIE_MASTER,Zombie Master,62,14211,1,7610,2826,824,1084,37,26,25,20,30,5,77,35,Medium,Undead,Undead,1,1,175,2612,912,288,21,Normal,,8,0
1299,GOBLIN_LEADER,Goblin Leader,64,20152,1,6036,2184,663,752,48,16,5,55,37,30,69,58,Medium,Demihuman,Wind,1,1,120,1120,620,240,21,Normal,,8,0
1300,CATERPILLAR,Caterpillar,64,14439,1,6272,3107,894,1447,47,29,35,25,85,15,69,45,Small,Insect,Earth,1,1,300,1672,672,480,21,Normal,Detector,8,0
1301,AM_MUT,Am Mut,61,12099,1,7709,2690,1040,1121,50,10,50,65,40,35,83,45,Small,Demon,Dark,1,1,200,1156,456,384,21,Normal,Detector,8,0
1302,DARK_ILLUSION,Dark Illusion,77,103631,1,11163,4181,1300,1983,64,70,5,100,40,100,97,40,Large,Demon,Undead,4,2,145,1024,768,480,21,Boss,,8,0
1303,GIANT_HONET,Giant Hornet,56,13105,1,5785,2006,650,852,38,43,35,38,32,10,71,64,Small,Insect,Wind,1,1,155,1292,792,340,21,Normal,Detector,8,0
1304,GIANT_SPIDER,Giant Spider,55,11874,1,6211,2146,624,801,41,28,5,36,43,5,73,69,Large,Insect,Poison,1,1,165,1468,468,768,21,Normal,Detector,8,0
1305,ANCIENT_WORM,Ancient Worm,67,22598,1,8174,3782,948,1115,35,30,5,35,56,55,81,72,Large,Insect,Poison,1,1,165,1792,792,336,21,Normal,Detector,8,0
1306,LEIB_OLMAI,Leib Olmai,58,24233,1,6011,2171,740,1390,27,31,5,35,95,5,64,85,Large,Brute,Earth,1,1,175,1260,230,192,21,Normal,,8,0
1307,CAT_O_NINE_TAIL,Cat o' Nine Tails,76,64512,1,10869,4283,1112,1275,61,55,55,75,55,82,86,120,Medium,Demon,Fire,3,1,155,1276,576,288,21,Boss,,8,0
1308,PANZER_GOBLIN,Panzer Goblin,59,14130,1,7212,2697,683,878,41,28,60,60,40,20,81,160,Medium,Demihuman,Wind,2,1,200,960,1008,840,21,Normal,,8,0
1309,GAJOMART,Gajomart,63,13669,1,6625,2900,917,950,85,50,5,34,10,5,75,140,Small,Formless,Fire,4,1,300,1000,1152,828,21,Normal,,8,0
1310,MAJORUROS,Majoruros,66,57991,1,8525,3799,780,1300,10,25,65,50,75,50,85,48,Large,Brute,Fire,2,1,250,1100,960,780,21,Normal,,8,0
1311,GULLINBURSTI,Gullinbursti,62,21331,1,5814,2376,699,1431,10,15,55,25,60,5,70,45,Large,Brute,Earth,2,1,150,1960,960,384,21,Normal,,8,0
1312,TURTLE_GENERAL,Turtle General,97,320700,1,18202,9800,2438,3478,50,54,100,45,55,65,105,164,Large,Brute,Earth,2,2,200,900,1000,500,21,Boss,Mvp,8,3
1313,MOBSTER,Mobster,61,7991,1,4424,1688,910,1128,41,37,76,46,20,35,76,55,Medium,Demihuman,Neutral,1,1,250,1100,560,580,21,Normal,,8,0
1314,PERMETER,Permeter,63,8228,1,3756,1955,943,1211,46,45,69,59,60,5,69,100,Medium,Brute,Neutral,2,2,250,1100,483,528,17,Normal,,8,0
1315,ASSULTER,Assaulter,71,11170,1,4854,2654,764,1499,35,28,85,74,10,35,100,100,Medium,Demihuman,Wind,2,2,155,1000,900,432,21,Normal,,8,0
1316,SOLIDER,Solider,70,12099,1,4458,1951,797,979,57,43,69,35,85,5,74,100,Medium,Brute,Earth,2,2,250,1452,483,528,17,Normal,,8,0
1317,FUR_SEAL,Seal,63,9114,1,3765,1824,845,1203,25,33,5,28,22,15,69,84,Medium,Brute,Water,1,1,200,1612,622,583,4,Normal,,8,0
1318,HEATER,Heater,68,11020,1,3766,2359,683,1008,40,42,69,47,25,5,71,100,Medium,Brute,Fire,2,2,250,1452,483,528,21,Normal,,8,0
1319,FREEZER,Freezer,72,8636,1,3665,2197,671,983,55,43,69,41,59,5,67,100,Medium,Brute,Water,2,2,250,1452,483,528,21,Normal,,8,0
1320,OWL_DUKE,Owl Duke,75,26623,1,7217,3474,715,910,27,49,15,45,40,75,79,88,Large,Demon,Neutral,3,1,195,1345,824,440,21,Boss,,8,0
1321,DRAGON_TAIL,Dragon Tail,61,8368,1,3587,1453,520,715,25,19,10,68,15,5,67,67,Medium,Insect,Wind,2,1,175,862,534,312,21,Normal,Detector,8,0
1322,SPRING_RABBIT,Spring Rabbit,58,9045,1,3982,1766,585,813,29,21,45,61,5,15,77,90,Medium,Brute,Earth,2,1,160,1120,552,511,2,Normal,,8,0
1323,SEE_OTTER,Sea Otter,59,9999,1,3048,1642,650,813,33,35,5,36,40,25,82,65,Medium,Brute,Water,3,1,190,1132,583,532,4,Normal,,8,0
1324,TREASURE_BOX1,Treasure Chest,99,1,1,0,0,0,0,0,0,0,0,0,0,999,0,Small,Formless,Neutral,1,0,,0,0,0,06,Boss,,8,0
1325,TREASURE_BOX2,Treasure Chest,99,1,1,0,0,0,0,0,0,0,0,0,0,999,0,Small,Formless,Neutral,1,0,,0,0,0,06,Boss,,8,0
1326,TREASURE_BOX3,Treasure Chest,99,1,1,0,0,0,0,0,0,0,0,0,0,999,0,Small,Formless,Neutral,1,0,,0,0,0,06,Boss,,8,0
1327,TREASURE_BOX4,Treasure Chest,99,1,1,0,0,0,0,0,0,0,0,0,0,999,0,Small,Formless,Neutral,1,0,,0,0,0,06,Boss,,8,0
1328,TREASURE_BOX5,Treasure Chest,99,1,1,0,0,0,0,0,0,0,0,0,0,999,0,Small,Formless,Neutral,1,0,,0,0,0,06,Boss,,8,0
1329,TREASURE_BOX6,Treasure Chest,99,1,1,0,0,0,0,0,0,0,0,0,0,999,0,Small,Formless,Neutral,1,0,,0,0,0,06,Boss,,8,0
1330,TREASURE_BOX7,Treasure Chest,99,1,1,0,0,0,0,0,0,0,0,0,0,999,0,Small,Formless,Neutral,1,0,,0,0,0,06,Boss,,8,0
1331,TREASURE_BOX8,Treasure Chest,99,1,1,0,0,0,0,0,0,0,0,0,0,999,0,Small,Formless,Neutral,1,0,,0,0,0,06,Boss,,8,0
1332,TREASURE_BOX9,Treasure Chest,99,1,1,0,0,0,0,0,0,0,0,0,0,999,0,Small,Formless,Neutral,1,0,,0,0,0,06,Boss,,8,0
1333,TREASURE_BOX10,Treasure Chest,99,1,1,0,0,0,0,0,0,0,0,0,0,999,0,Small,Formless,Neutral,1,0,,0,0,0,06,Boss,,8,0
1334,TREASURE_BOX11,Treasure Chest,99,1,1,0,0,0,0,0,0,0,0,0,0,999,0,Small,Formless,Neutral,1,0,,0,0,0,06,Boss,,8,0
1335,TREASURE_BOX12,Treasure Chest,99,1,1,0,0,0,0,0,0,0,0,0,0,999,0,Small,Formless,Neutral,1,0,,0,0,0,06,Boss,,8,0
1336,TREASURE_BOX13,Treasure Chest,99,1,1,0,0,0,0,0,0,0,0,0,0,999,0,Small,Formless,Neutral,1,0,,0,0,0,06,Boss,,8,0
1337,TREASURE_BOX14,Treasure Chest,99,1,1,0,0,0,0,0,0,0,0,0,0,999,0,Small,Formless,Neutral,1,0,,0,0,0,06,Boss,,8,0
1338,TREASURE_BOX15,Treasure Chest,99,1,1,0,0,0,0,0,0,0,0,0,0,999,0,Small,Formless,Neutral,1,0,,0,0,0,06,Boss,,8,0
1339,TREASURE_BOX16,Treasure Chest,99,1,1,0,0,0,0,0,0,0,0,0,0,999,0,Small,Formless,Neutral,1,0,,0,0,0,06,Boss,,8,0
1340,TREASURE_BOX17,Treasure Chest,99,1,1,0,0,0,0,0,0,0,0,0,0,999,0,Small,Formless,Neutral,1,0,,0,0,0,06,Boss,,8,0
1341,TREASURE_BOX18,Treasure Chest,99,1,1,0,0,0,0,0,0,0,0,0,0,999,0,Small,Formless,Neutral,1,0,,0,0,0,06,Boss,,8,0
1342,TREASURE_BOX19,Treasure Chest,99,1,1,0,0,0,0,0,0,0,0,0,0,999,0,Small,Formless,Neutral,1,0,,0,0,0,06,Boss,,8,0
1343,TREASURE_BOX20,Treasure Chest,99,1,1,0,0,0,0,0,0,0,0,0,0,999,0,Small,Formless,Neutral,1,0,,0,0,0,06,Boss,,8,0
1344,TREASURE_BOX21,Treasure Chest,99,1,1,0,0,0,0,0,0,0,0,0,0,999,0,Small,Formless,Neutral,1,0,,0,0,0,06,Boss,,8,0
1345,TREASURE_BOX22,Treasure Chest,99,1,1,0,0,0,0,0,0,0,0,0,0,999,0,Small,Formless,Neutral,1,0,,0,0,0,06,Boss,,8,0
1346,TREASURE_BOX23,Treasure Chest,99,1,1,0,0,0,0,0,0,0,0,0,0,999,0,Small,Formless,Neutral,1,0,,0,0,0,06,Boss,,8,0
1347,TREASURE_BOX24,Treasure Chest,99,1,1,0,0,0,0,0,0,0,0,0,0,999,0,Small,Formless,Neutral,1,0,,0,0,0,06,Boss,,8,0
1348,TREASURE_BOX25,Treasure Chest,99,1,1,0,0,0,0,0,0,0,0,0,0,999,0,Small,Formless,Neutral,1,0,,0,0,0,06,Boss,,8,0
1349,TREASURE_BOX26,Treasure Chest,99,1,1,0,0,0,0,0,0,0,0,0,0,999,0,Small,Formless,Neutral,1,0,,0,0,0,06,Boss,,8,0
1350,TREASURE_BOX27,Treasure Chest,99,1,1,0,0,0,0,0,0,0,0,0,0,999,0,Small,Formless,Neutral,1,0,,0,0,0,06,Boss,,8,0
1351,TREASURE_BOX28,Treasure Chest,99,1,1,0,0,0,0,0,0,0,0,0,0,999,0,Small,Formless,Neutral,1,0,,0,0,0,06,Boss,,8,0
1352,TREASURE_BOX29,Treasure Chest,99,1,1,0,0,0,0,0,0,0,0,0,0,999,0,Small,Formless,Neutral,1,0,,0,0,0,06,Boss,,8,0
1353,TREASURE_BOX30,Treasure Chest,99,1,1,0,0,0,0,0,0,0,0,0,0,999,0,Small,Formless,Neutral,1,0,,0,0,0,06,Boss,,8,0
1354,TREASURE_BOX31,Treasure Chest,99,1,1,0,0,0,0,0,0,0,0,0,0,999,0,Small,Formless,Neutral,1,0,,0,0,0,06,Boss,,8,0
1355,TREASURE_BOX32,Treasure Chest,99,1,1,0,0,0,0,0,0,0,0,0,0,999,0,Small,Formless,Neutral,1,0,,0,0,0,06,Boss,,8,0
1356,TREASURE_BOX33,Treasure Chest,99,1,1,0,0,0,0,0,0,0,0,0,0,999,0,Small,Formless,Neutral,1,0,,0,0,0,06,Boss,,8,0
1357,TREASURE_BOX34,Treasure Chest,99,1,1,0,0,0,0,0,0,0,0,0,0,999,0,Small,Formless,Neutral,1,0,,0,0,0,06,Boss,,8,0
1358,TREASURE_BOX35,Treasure Chest,99,1,1,0,0,0,0,0,0,0,0,0,0,999,0,Small,Formless,Neutral,1,0,,0,0,0,06,Boss,,8,0
1359,TREASURE_BOX36,Treasure Chest,99,1,1,0,0,0,0,0,0,0,0,0,0,999,0,Small,Formless,Neutral,1,0,,0,0,0,06,Boss,,8,0
1360,TREASURE_BOX37,Treasure Chest,99,1,1,0,0,0,0,0,0,0,0,0,0,999,0,Small,Formless,Neutral,1,0,,0,0,0,06,Boss,,8,0
1361,TREASURE_BOX38,Treasure Chest,99,1,1,0,0,0,0,0,0,0,0,0,0,999,0,Small,Formless,Neutral,1,0,,0,0,0,06,Boss,,8,0
1362,TREASURE_BOX39,Treasure Chest,99,1,1,0,0,0,0,0,0,0,0,0,0,999,0,Small,Formless,Neutral,1,0,,0,0,0,06,Boss,,8,0
1363,TREASURE_BOX40,Treasure Chest,99,1,1,0,0,0,0,0,0,0,0,0,0,999,0,Small,Formless,Neutral,1,0,,0,0,0,06,Boss,,8,0
1364,G_ASSULTER,Assaulter,59,12853,1,0,0,152,177,35,36,85,55,10,35,145,100,Medium,Demon,Wind,2,2,155,1000,900,432,21,Normal,Detector,1,0
1365,APOCALIPS,Apocalypse,66,22880,1,6540,4935,1030,1370,62,49,1,48,120,48,66,85,Large,Formless,Neutral,3,2,400,1840,1440,384,17,Normal,,8,0
1366,LAVA_GOLEM,Lava Golem,77,24324,1,6470,3879,1541,2049,65,50,1,57,115,70,76,68,Large,Formless,Fire,4,1,400,2190,2040,336,09,Normal,,7,0
1367,BLAZZER,Blazer,43,8252,1,3173,1871,533,709,50,40,1,52,50,39,69,40,Medium,Demon,Fire,2,2,180,1732,1332,540,20,Normal,Detector,4,0
1368,GEOGRAPHER,Geographer,56,8071,1,2715,2000,467,621,28,26,1,66,47,60,68,44,Medium,Plant,Earth,3,3,1000,1308,1008,480,10,Normal,,6,0
1369,GRAND_PECO,Grand Peco,58,8054,1,2387,1361,444,565,37,30,1,66,66,50,71,51,Large,Brute,Fire,2,2,165,1460,960,432,3,Normal,,6,0
1370,SUCCUBUS,Succubus,85,16955,1,5357,4322,1268,1686,54,48,1,97,95,103,89,87,Medium,Demon,Dark,3,2,155,1306,1056,288,21,Normal,Detector,8,0
1371,FAKE_ANGEL,False Angel,65,16845,1,3371,1949,513,682,50,35,1,64,57,70,61,88,Small,Angel,Holy,3,2,160,920,720,336,4,Normal,,6,0
1372,GOAT,Goat,69,11077,1,3357,2015,457,608,44,25,1,58,66,62,67,43,Medium,Brute,Fire,3,1,165,1380,1080,336,3,Normal,,8,0
1373,LORD_OF_DEATH,Lord of the Dead,94,603383,1,131343,43345,3430,4232,77,73,1,99,30,109,100,106,Large,Demon,Dark,3,3,180,1446,1296,360,21,Boss,Mvp,8,3
1374,INCUBUS,Incubus,75,17281,1,5254,4212,1408,1873,58,46,1,97,95,103,89,87,Medium,Demon,Dark,3,2,165,850,600,336,21,Normal,Detector,8,0
1375,THE_PAPER,The Paper,56,18557,1,2849,1998,845,1124,25,24,1,66,52,76,71,79,Medium,Formless,Neutral,3,1,170,1160,960,336,4,Normal,,6,0
1376,HARPY,Harpy,70,16599,1,3562,2133,926,1231,42,44,1,112,72,67,74,76,Medium,Demon,Wind,3,1,155,972,672,470,4,Normal,Detector,7,0
1377,ELDER,Elder,64,21592,1,5650,3408,421,560,45,68,1,76,68,108,72,86,Large,Demihuman,Neutral,4,3,165,1552,1152,336,4,Normal,,8,0
1378,DEMON_PUNGUS,Demon Pungus,56,7259,1,3148,1817,360,479,48,31,1,83,55,59,63,34,Small,Demon,Poison,3,1,170,1260,960,672,4,Normal,Detector,5,0
1379,NIGHTMARE_TERROR,Nightmare Terror,78,22605,1,6683,4359,757,1007,37,37,1,76,55,60,76,54,Large,Demon,Dark,3,1,165,1216,816,432,4,Normal,Detector,8,0
1380,DRILLER,Driller,52,7452,1,3215,1860,666,886,48,31,1,66,58,50,60,47,Medium,Brute,Earth,1,1,165,1300,900,336,4,Normal,,4,0
1381,GRIZZLY,Grizzly,68,11733,1,3341,2012,809,1076,44,32,1,55,68,58,70,61,Large,Brute,Fire,3,1,165,1492,1092,192,4,Normal,,4,0
1382,DIABOLIC,Diabolic,67,9642,1,3662,2223,796,1059,64,36,1,84,53,67,71,69,Small,Demon,Dark,2,1,150,1080,780,180,4,Normal,Detector,6,0
1383,EXPLOSION,Explosion,46,8054,1,2404,1642,336,447,35,27,1,61,56,50,66,38,Small,Brute,Fire,3,1,165,1260,960,336,4,Normal,,6,0
1384,DELETER,Deleter,66,17292,1,3403,2066,446,593,45,53,1,104,40,65,72,54,Medium,Dragon,Fire,2,1,175,1020,720,384,13,Normal,,5,0
1385,DELETER_,Deleter,65,15168,1,3403,2066,446,593,52,53,1,66,40,65,72,68,Medium,Dragon,Fire,2,1,175,1024,624,336,13,Normal,,5,0
1386,SLEEPER,Sleeper,67,8237,1,3603,2144,593,789,49,35,1,48,100,57,75,28,Medium,Formless,Earth,2,1,195,1350,1200,432,4,Normal,,8,0
1387,GIG,Gig,60,8409,1,3934,2039,360,479,60,28,1,61,80,53,59,46,Small,Brute,Fire,2,1,170,1264,864,576,4,Normal,,6,0
1388,ARCHANGELING,Arc Angeling,60,79523,1,4152,2173,669,890,54,58,1,65,80,74,65,105,Medium,Angel,Holy,3,1,180,1072,672,480,21,Boss,,8,0
1389,DRACULA,Dracula,85,320096,1,120157,38870,1625,1890,45,76,1,95,90,87,85,100,Large,Demon,Dark,4,3,145,1290,1140,576,21,Boss,Mvp,7,3
1390,VIOLY,Violy,75,18257,1,6353,3529,738,982,37,36,1,93,54,58,101,83,Medium,Demihuman,Neutral,2,10,170,1356,1056,540,5,Normal,,8,0
1391,GALAPAGO,Galapago,61,9145,1,3204,1966,457,608,33,33,1,56,56,45,66,57,Small,Brute,Earth,1,1,165,1430,1080,1080,7,Normal,,8,0
1392,ROTAR_ZAIRO,Rotar Zairo,25,1209,1,351,215,109,137,4,34,1,62,45,26,55,5,Large,Formless,Wind,2,10,155,2416,2016,432,5,Normal,,8,0
1393,G_MUMMY,Mummy,37,5176,1,0,0,305,360,0,10,28,19,32,0,63,20,Medium,Undead,Undead,2,1,300,1772,72,384,4,Normal,,0,0
1394,G_ZOMBIE,Zombie,15,534,1,0,0,67,79,0,10,1,8,7,0,15,0,Medium,Undead,Undead,1,1,400,2612,912,288,4,Normal,,0,0
1395,CRYSTAL_1,Wind Crystal,1,15,1,0,0,0,0,100,99,1,1,1,1,999,1,Small,Formless,Neutral,1,0,190,0,0,0,25,Boss,"IgnoreMagic, IgnoreMelee, IgnoreMisc, IgnoreRanged",8,0
1396,CRYSTAL_2,Earth Crystal,1,15,1,0,0,0,0,100,99,1,1,1,1,999,1,Small,Formless,Neutral,1,0,190,0,0,0,25,Boss,"IgnoreMagic, IgnoreMelee, IgnoreMisc, IgnoreRanged",8,0
1397,CRYSTAL_3,Fire Crystal,1,15,1,0,0,0,0,100,99,1,1,1,1,999,1,Small,Formless,Neutral,1,0,190,0,0,0,25,Boss,"IgnoreMagic, IgnoreMelee, IgnoreMisc, IgnoreRanged",8,0
1398,CRYSTAL_4,Water Crystal,1,15,1,0,0,0,0,100,99,1,1,1,1,999,1,Small,Formless,Neutral,1,0,190,0,0,0,25,Boss,"IgnoreMagic, IgnoreMelee, IgnoreMisc, IgnoreRanged",8,0
1399,EVENT_BAPHO,Baphomet,68,1264000,1,261750,83685,1847,2267,35,45,1,152,96,85,120,95,Large,Demon,Dark,3,3,130,768,768,576,21,Boss,Mvp,8,3
1400,KARAKASA,Karakasa,30,3092,1,489,322,141,183,1,5,1,45,12,20,49,60,Medium,Formless,Neutral,3,1,155,1638,2016,576,1,Normal,,8,0
1401,SHINOBI,Shinobi,69,12700,1,4970,3010,460,1410,34,21,85,85,25,25,100,100,Medium,Demihuman,Dark,3,2,150,1003,1152,336,21,Normal,,8,0
1402,POISON_TOAD,Poison Toad,46,6629,1,1929,1457,288,408,5,10,20,34,19,14,66,55,Medium,Brute,Poison,2,3,160,1148,1728,864,1,Normal,,8,0
1403,ANTIQUE_FIRELOCK,Firelock Soldier,47,3852,1,1293,1003,289,336,10,10,15,35,29,15,120,42,Medium,Undead,Undead,2,10,170,1084,2304,576,5,Normal,,8,0
1404,MIYABI_NINGYO,Miyabi Doll,33,6300,1,795,453,250,305,1,20,1,52,15,10,62,15,Medium,Demon,Dark,1,1,250,1938,2112,768,17,Normal,Detector,8,0
1405,TENGU,Tengu,65,16940,1,4207,2843,660,980,12,82,90,42,69,45,78,80,Large,Demon,Earth,2,2,200,1439,1920,672,4,Normal,Detector,8,0
1406,KAPHA,Kapha,41,7892,1,2278,1552,399,719,20,38,1,51,49,22,73,45,Medium,Fish,Water,1,3,165,2012,1728,672,4,Normal,,8,0
1408,BLOOD_BUTTERFLY,Bloody Butterfly,55,8082,1,2119,1562,121,342,5,23,1,59,14,55,68,15,Medium,Insect,Wind,2,3,145,472,576,288,13,Normal,Detector,7,0
1409,RICE_CAKE_BOY,Dumpling Child,27,2098,1,231,149,112,134,5,12,1,22,29,5,41,10,Small,Demihuman,Neutral,1,1,160,647,768,420,17,Normal,,7,0
1410,LIVE_PEACH_TREE,Enchanted Peach Tree,53,8905,1,2591,1799,301,351,10,38,72,45,35,39,80,5,Medium,Plant,Earth,2,7,410,400,672,480,5,Normal,,6,0
1412,EVIL_CLOUD_HERMIT,Taoist Hermit,56,10392,1,3304,2198,311,333,25,59,1,20,18,50,136,11,Large,Formless,Neutral,2,10,190,480,840,432,5,Normal,,8,0
1413,WILD_GINSENG,Hermit Plant,46,6900,1,1038,692,220,280,10,20,13,42,36,55,66,30,Small,Plant,Fire,2,1,140,512,756,360,17,Normal,,8,0
1415,BABY_LEOPARD,Baby Leopard,32,2590,1,352,201,155,207,0,5,20,44,20,4,49,10,Small,Brute,Ghost,1,2,150,318,528,420,4,Normal,,7,0
1416,WICKED_NYMPH,Evil Nymph,63,16029,1,3945,2599,399,1090,12,75,1,64,12,69,100,80,Medium,Demon,Dark,3,2,200,637,1008,360,21,Normal,Detector,8,0
1417,ZIPPER_BEAR,Zipper Bear,35,2901,1,370,225,248,289,10,5,30,25,55,15,28,25,Medium,Brute,Dark,1,1,155,780,1008,420,17,Normal,,6,0
1418,DARK_SNAKE_LORD,Evil Snake Lord,73,254993,1,34288,17950,2433,4210,25,55,70,83,30,80,164,88,Large,Brute,Ghost,3,3,200,588,816,420,21,Boss,Mvp,8,3
1419,G_FARMILIAR,Familiar,8,155,1,0,0,20,28,0,0,1,12,8,5,28,0,Small,Brute,Dark,1,1,150,1276,576,384,4,Normal,,0,0
1420,G_ARCHER_SKELETON,Archer Skeleton,31,3040,1,0,0,128,153,0,0,1,8,14,5,90,5,Medium,Undead,Undead,1,9,300,2864,864,576,4,Normal,,0,0
1421,G_ISIS,Isis,43,4828,1,0,0,423,507,10,35,38,65,43,30,72,15,Large,Demon,Dark,1,1,200,1384,768,336,4,Normal,Detector,0,0
1422,G_HUNTER_FLY,Hunter Fly,42,5242,1,0,0,246,333,25,15,33,105,32,15,72,30,Small,Insect,Wind,2,1,150,676,576,480,4,Normal,Detector,0,0
1423,G_GHOUL,Ghoul,39,5118,1,0,0,420,500,5,20,1,20,29,0,33,20,Medium,Undead,Undead,2,1,250,2456,912,504,4,Normal,,0,0
1424,G_SIDE_WINDER,Side Winder,43,4929,1,0,0,240,320,5,10,38,43,40,15,115,20,Medium,Brute,Poison,1,1,200,1576,576,576,4,Normal,,0,0
1425,G_OBEAUNE,Obeaune,31,3952,1,0,0,141,165,0,40,1,31,31,55,74,85,Medium,Fish,Water,2,1,200,1872,672,288,4,Normal,,0,0
1426,G_MARC,Marc,36,6900,1,0,0,220,280,5,10,1,36,36,20,56,30,Medium,Fish,Water,2,1,150,1272,72,480,4,Normal,,0,0
1427,G_NIGHTMARE,Nightmare,49,4437,1,0,0,447,529,0,40,1,74,25,15,64,10,Large,Demon,Ghost,3,1,150,1816,816,432,4,Normal,Detector,0,0
1428,G_POISON_SPORE,Poison Spore,19,665,1,0,0,89,101,0,0,1,19,25,0,24,0,Medium,Plant,Poison,1,1,200,1672,672,288,4,Normal,,0,0
1429,G_ARGIOPE,Argiope,41,4382,1,0,0,395,480,30,0,1,41,31,10,56,30,Large,Insect,Poison,1,1,300,1792,792,336,4,Normal,Detector,0,0
1430,G_ARGOS,Argos,25,1117,1,0,0,158,191,15,0,1,25,25,5,32,15,Large,Insect,Poison,1,1,300,1468,468,768,4,Normal,Detector,0,0
1431,G_BAPHOMET_,Baphomet Jr.,50,8578,1,0,0,487,590,15,25,1,75,55,1,93,45,Small,Demon,Dark,1,1,100,868,480,120,4,Normal,Detector,0,0
1432,G_DESERT_WOLF,Desert Wolf,27,1716,1,0,0,169,208,0,10,56,27,45,15,56,10,Medium,Brute,Fire,1,1,200,1120,420,288,4,Normal,,0,0
1433,G_DEVIRUCHI,Deviruchi,46,7360,1,0,0,475,560,10,25,1,69,40,55,87,30,Small,Demon,Dark,1,1,150,980,600,384,4,Normal,Detector,0,0
1434,G_DRAINLIAR,Drainliar,24,1162,1,0,0,74,84,0,0,1,36,24,0,78,0,Small,Brute,Dark,2,1,250,1276,576,384,4,Normal,,0,0
1435,G_EVIL_DRUID,Evil Druid,58,16506,1,0,0,420,670,5,60,1,29,58,80,68,30,Large,Undead,Undead,4,1,300,2276,576,336,4,Normal,,0,0
1436,G_JAKK,Jakk,38,3581,1,0,0,315,382,5,30,1,38,38,43,75,45,Medium,Formless,Fire,2,1,200,1180,480,648,4,Normal,,0,0
1437,G_JOKER,Joker,57,12450,1,0,0,621,738,10,35,1,143,47,75,98,175,Large,Demihuman,Wind,4,1,100,1364,864,432,4,Normal,,0,0
1438,G_KHALITZBURG,Khalitzburg,63,19276,1,0,0,875,1025,45,10,58,65,48,5,73,40,Large,Undead,Undead,1,1,350,528,1000,396,4,Normal,,0,0
1439,G_HIGH_ORC,High Orc,52,6890,1,0,0,428,533,15,5,55,46,55,35,82,40,Large,Demihuman,Fire,2,1,150,1500,500,1000,4,Normal,,0,0
1440,G_STEM_WORM,Stem Worm,40,6136,1,0,0,290,375,5,10,1,30,26,15,79,35,Medium,Plant,Wind,1,2,200,1500,500,1000,4,Normal,,0,0
1441,G_PENOMENA,Penomena,57,7256,1,0,0,415,565,5,50,1,5,35,15,136,30,Medium,Fish,Poison,1,7,400,832,500,600,4,Normal,,0,0
1442,G_SASQUATCH,Sasquatch,30,3163,1,0,0,250,280,5,0,75,25,60,10,34,20,Large,Brute,Neutral,3,1,300,1260,192,192,4,Normal,,0,0
1443,G_CRUISER,Cruiser,35,2820,1,0,0,175,215,5,5,1,40,10,10,90,25,Medium,Formless,Neutral,3,7,400,1296,1296,432,4,Normal,,0,0
1444,G_CHEPET,Chepet,42,4950,1,0,0,380,440,0,25,1,72,35,71,65,85,Medium,Demihuman,Fire,1,1,400,672,672,288,4,Normal,,0,0
1445,G_RAGGLER,Raggler,21,1020,1,0,0,102,113,0,5,18,10,32,20,39,35,Small,Brute,Wind,1,1,200,1000,900,384,4,Normal,,0,0
1446,G_INJUSTICE,Injustice,51,7600,1,0,0,480,600,0,0,84,42,39,0,71,35,Medium,Undead,Dark,2,1,400,770,720,336,4,Normal,,0,0
1447,G_GRYPHON,Gryphon,72,27800,1,0,0,880,1260,35,35,68,95,78,65,115,75,Large,Brute,Wind,4,1,100,704,504,432,4,Boss,,0,0
1448,G_DARK_FRAME,Dark Frame,59,7500,1,0,0,960,1210,10,45,1,72,42,45,85,25,Medium,Demon,Dark,3,1,200,920,720,200,4,Normal,Detector,0,0
1449,G_MUTANT_DRAGON,Mutant Dragonoid,65,62600,1,0,0,2400,3400,15,20,75,47,30,68,45,35,Large,Dragon,Fire,2,4,250,1280,1080,240,4,Boss,,0,0
1450,G_WIND_GHOST,Wind Ghost,51,4820,1,0,0,489,639,0,45,1,89,15,90,85,25,Medium,Demon,Wind,3,2,150,1056,1056,336,4,Normal,Detector,0,0
1451,G_MERMAN,Merman,53,12300,1,0,0,482,603,10,35,72,45,46,15,85,55,Medium,Demihuman,Water,2,2,220,916,816,336,4,Normal,,0,0
1452,G_ORC_LADY,Orc Lady,31,2000,1,0,0,135,170,10,10,35,42,25,15,69,55,Medium,Demihuman,Earth,2,1,200,1050,900,288,4,Normal,,0,0
1453,G_RAYDRIC_ARCHER,Raydric Archer,52,5250,1,0,0,415,500,35,5,15,25,22,5,145,35,Medium,Demon,Dark,2,9,200,1152,1152,480,4,Normal,Detector,0,0
1454,G_TRI_JOINT,Tri Joint,32,2300,1,0,0,178,206,20,5,1,48,24,10,67,20,Small,Insect,Earth,1,1,200,860,660,624,4,Normal,Detector,0,0
1455,G_KOBOLD_ARCHER,Kobold Archer,33,2560,1,0,0,155,185,10,5,10,20,15,30,100,25,Small,Demihuman,Fire,1,9,200,1008,1008,384,4,Normal,,0,0
1456,G_CHIMERA,Chimera,70,32600,1,0,0,1200,1320,30,10,1,72,110,88,75,85,Large,Brute,Fire,3,1,200,772,672,360,4,Boss,,0,0
1457,G_MANTIS,Mantis,26,2472,1,0,0,118,149,10,0,1,26,24,5,45,15,Medium,Insect,Earth,1,1,200,1528,660,432,4,Normal,Detector,0,0
1458,G_MARDUK,Marduk,40,4214,1,0,0,315,382,0,60,1,40,20,79,78,20,Large,Demihuman,Fire,1,1,300,1540,840,504,4,Normal,,0,0
1459,G_MARIONETTE,Marionette,41,3222,1,0,0,355,422,0,25,1,62,36,44,69,45,Small,Demon,Ghost,3,1,300,1480,480,1056,4,Normal,Detector,0,0
1460,G_MATYR,Matyr,31,2585,1,0,0,134,160,0,0,1,47,38,5,64,5,Medium,Brute,Dark,1,1,150,432,432,360,4,Normal,,0,0
1461,G_MINOROUS,Minorous,52,7431,1,0,0,590,770,15,5,65,42,61,66,52,25,Large,Brute,Fire,2,1,200,1360,960,432,4,Normal,,0,0
1462,G_ORC_SKELETON,Orc Skeleton,28,2278,1,0,0,190,236,10,10,1,14,18,0,30,15,Medium,Undead,Undead,1,1,200,2420,720,648,4,Normal,,0,0
1463,G_ORC_ZOMBIE,Orc Zombie,24,1568,1,0,0,151,184,5,10,1,12,24,0,24,5,Medium,Undead,Undead,1,1,400,2852,1152,840,4,Normal,,0,0
1464,G_PASANA,Pasana,61,8289,1,0,0,513,682,29,35,1,73,50,61,69,43,Medium,Demihuman,Fire,2,1,165,976,576,288,4,Normal,,0,0
1465,G_PETIT,Petite,44,6881,1,0,0,360,427,30,30,1,44,62,55,79,60,Medium,Dragon,Earth,1,1,200,1624,620,384,4,Normal,,0,0
1466,G_PETIT_,Petite,45,5747,1,0,0,300,355,20,45,1,113,45,55,73,80,Medium,Dragon,Wind,1,1,150,1420,1080,528,4,Normal,,0,0
1467,G_RAYDRIC,Raydric,52,8613,1,0,0,830,930,40,15,58,47,42,5,69,26,Large,Demihuman,Dark,2,1,150,824,780,420,4,Normal,,0,0
1468,G_REQUIEM,Requim,35,3089,1,0,0,220,272,0,15,1,53,35,5,57,2,Medium,Demihuman,Dark,1,1,400,1516,816,432,4,Normal,,0,0
1469,G_SKEL_WORKER,Skeleton Worker,30,2872,1,0,0,242,288,0,15,1,15,30,5,42,10,Medium,Undead,Undead,1,1,400,2420,720,384,4,Normal,,0,0
1470,G_ZEROM,Zerom,23,1109,1,0,0,127,155,0,10,1,23,23,5,42,0,Medium,Demihuman,Fire,1,1,200,1780,1080,432,4,Normal,,0,0
1471,G_NINE_TAIL,Nine Tail,51,9466,1,0,0,610,734,10,25,1,80,46,1,89,85,Medium,Brute,Fire,3,1,150,840,540,480,4,Normal,,0,0
1472,G_BON_GUN,Bongun,32,3520,1,0,0,220,260,0,0,45,15,36,10,48,15,Medium,Undead,Undead,1,1,200,1720,500,420,4,Normal,,0,0
1473,G_ORC_ARCHER,Orc Archer,49,7440,1,0,0,310,390,10,5,1,44,25,20,125,20,Medium,Demihuman,Earth,1,9,300,1960,620,480,4,Normal,,0,0
1474,G_MIMIC,Mimic,51,6120,1,0,0,150,900,10,40,44,121,1,60,75,110,Medium,Formless,Neutral,3,1,100,972,500,288,4,Normal,,0,0
1475,G_WRAITH,Wraith,53,10999,1,0,0,580,760,5,30,1,95,30,65,95,35,Large,Undead,Undead,4,1,300,1816,576,240,4,Normal,,0,0
1476,G_ALARM,Alarm,58,10647,1,0,0,480,600,15,15,1,62,72,10,85,45,Medium,Formless,Neutral,3,1,300,1020,500,768,4,Normal,,0,0
1477,G_ARCLOUSE,Arclouze,59,6075,1,0,0,570,640,10,15,1,75,5,5,75,50,Medium,Insect,Earth,2,1,100,960,500,480,4,Normal,Detector,0,0
1478,G_RIDEWORD,Rideword,59,11638,1,0,0,584,804,5,35,48,75,10,20,120,45,Small,Formless,Neutral,3,1,150,864,500,192,4,Normal,,0,0
1479,G_SKEL_PRISONER,Skeleton Prisoner,52,8691,1,0,0,660,890,10,20,55,20,36,0,76,25,Medium,Undead,Undead,3,1,350,1848,500,576,4,Normal,,0,0
1480,G_ZOMBIE_PRISONER,Zombie Prisoner,53,11280,1,0,0,780,930,10,20,1,24,39,0,72,25,Medium,Undead,Undead,3,1,350,1768,500,192,4,Normal,,0,0
1481,G_PUNK,Punk,43,3620,1,0,0,292,365,0,45,1,105,5,45,65,20,Small,Plant,Wind,1,1,300,1500,500,1000,4,Normal,,0,0
1482,G_ZHERLTHSH,Zealotus,63,18300,1,0,0,700,850,10,15,70,85,40,30,125,60,Medium,Demihuman,Neutral,3,1,200,800,792,384,4,Normal,,0,0
1483,G_RYBIO,Rybio,71,9572,1,0,0,686,912,45,37,1,97,75,74,77,90,Large,Demon,Neutral,2,1,200,1790,1440,540,4,Normal,Detector,0,0
1484,G_PHENDARK,Phendark,73,22729,1,0,0,794,1056,52,36,1,62,120,65,76,66,Large,Demihuman,Neutral,2,2,175,1744,1344,600,4,Normal,,0,0
1485,G_MYSTELTAINN,Mysteltainn,76,33350,1,0,0,1160,1440,30,30,77,139,80,35,159,65,Large,Formless,Dark,4,2,250,1152,500,240,4,Boss,,0,0
1486,G_TIRFING,Ogretooth,71,29900,1,0,0,950,1146,30,35,58,87,55,35,132,65,Medium,Formless,Dark,3,1,100,816,500,240,4,Boss,,0,0
1487,G_EXECUTIONER,Executioner,65,28980,1,0,0,570,950,35,35,64,85,40,25,88,60,Large,Formless,Dark,2,2,200,768,500,384,4,Boss,,0,0
1488,G_ANOLIAN,Anolian,63,18960,1,0,0,640,760,15,15,1,43,58,25,97,65,Medium,Fish,Water,2,1,190,900,500,864,4,Normal,,0,0
1489,G_STING,Sting,61,9500,1,0,0,850,1032,5,30,57,45,55,5,120,85,Medium,Formless,Earth,3,1,300,528,500,240,4,Normal,,0,0
1490,G_WANDER_MAN,Wanderer,74,8170,1,0,0,450,1170,5,5,1,192,38,45,127,85,Medium,Demon,Wind,1,2,100,672,500,192,4,Normal,Detector,0,0
1491,G_DOKEBI,Dokebi,33,2697,1,0,0,197,249,0,10,50,50,40,35,69,40,Small,Demon,Dark,1,1,250,1156,456,384,4,Normal,Detector,0,0
1492,INCANTATION_SAMURAI,Samurai Specter,71,218652,1,33095,18214,2219,3169,10,51,91,85,30,85,150,60,Large,Demihuman,Dark,3,3,135,874,1344,576,21,Boss,Mvp,8,3
1493,DRYAD,Dryad,50,8791,1,2763,1493,499,589,15,33,1,75,55,1,78,45,Medium,Plant,Earth,4,3,170,950,2520,576,4,Normal,,8,0
1494,KIND_OF_BEETLE,Beetle King,34,1874,1,679,442,191,243,45,12,1,34,10,0,40,0,Small,Insect,Earth,1,1,165,1247,768,576,3,Normal,Detector,6,0
1495,STONE_SHOOTER,Stone Shooter,42,4104,1,1238,752,309,350,12,45,1,40,20,79,92,20,Medium,Plant,Fire,3,10,175,2413,1248,768,4,Normal,,7,0
1497,WOODEN_GOLEM,Wooden Golem,51,9200,1,1926,1353,570,657,32,36,1,41,69,5,85,155,Large,Plant,Earth,4,1,165,1543,1632,480,4,Normal,,8,0
1498,WOOTAN_SHOOTER,Wootan Shooter,39,3977,1,886,453,84,105,10,28,15,35,29,15,100,42,Medium,Demihuman,Earth,2,10,200,857,1056,576,4,Normal,,8,0
1499,WOOTAN_FIGHTER,Wootan Fighter,41,4457,1,1790,833,395,480,30,19,1,41,31,10,45,30,Medium,Demihuman,Fire,2,1,200,912,1344,480,4,Normal,,8,0
1500,PARASITE,Parasite,49,5188,1,1098,1453,215,430,10,19,1,40,30,30,90,50,Medium,Plant,Wind,2,8,400,864,864,672,10,Normal,,8,0
1502,PORING_V,Bring it on!,99,95000000,1,87250,27895,10000,30000,0,10,100,100,65,100,255,255,Medium,Plant,Poison,1,1,160,1672,672,480,4,Boss,Mvp,8,3
1503,GIBBET,Gibbet,58,6841,1,4011,1824,418,656,28,31,0,42,42,27,46,28,Large,Demon,Dark,1,1,180,917,1584,576,4,Normal,Detector,7,0
1504,DULLAHAN,Dullahan,62,12437,1,4517,2963,647,1065,47,38,0,30,5,45,62,22,Medium,Undead,Undead,2,2,155,847,1152,480,4,Normal,,6,0
1505,LOLI_RURI,Loli Ruri,71,23470,1,6641,4314,1476,2317,39,44,0,66,54,74,81,43,Large,Demon,Dark,4,2,125,747,1632,576,4,Normal,Detector,7,0
1506,DISGUISE,Disguise,55,7543,180,2815,1919,279,546,18,29,0,72,45,35,48,65,Medium,Demon,Earth,4,2,147,516,768,384,4,Normal,Detector,8,0
1507,BLOODY_MURDERER,Bloody Murderer,72,27521,1,9742,3559,864,1081,37,41,0,30,90,15,52,12,Large,Demihuman,Dark,3,2,175,914,1344,384,4,Normal,,8,0
1508,QUVE,Quve,40,4559,1,414,306,299,469,12,12,0,61,24,19,37,24,Small,Undead,Undead,1,1,150,912,1248,576,4,Normal,,6,0
1509,LUDE,Lude,36,3214,1,392,247,287,451,14,10,0,59,21,18,36,21,Small,Undead,Undead,1,2,150,890,960,480,4,Normal,,7,0
1510,HYLOZOIST,Heirozoist,51,7186,1,2314,1297,317,498,16,51,0,28,26,47,66,14,Small,Demon,Dark,2,1,155,741,1536,480,4,Normal,Detector,8,0
1511,AMON_RA,Amon Ra,88,1214138,1,87264,35891,1647,2576,26,52,0,1,90,124,74,45,Large,Demihuman,Earth,3,3,170,854,2016,480,10,Boss,Mvp,8,3
1512,HYEGUN,Yao Jun,56,9981,1,2199,1022,710,1128,12,10,60,40,36,10,73,15,Medium,Undead,Undead,2,1,180,890,1320,720,4,Normal,,6,0
1513,CIVIL_SERVANT,Mao Guai,62,14390,1,4023,2750,650,1010,42,5,58,15,20,60,80,50,Medium,Brute,Wind,2,2,200,1257,528,432,4,Normal,,6,0
1514,DANCING_DRAGON,Zhu Po Long,54,9136,1,3030,769,550,789,39,10,55,62,55,25,72,22,Medium,Dragon,Wind,2,2,160,600,840,504,2,Normal,,6,0
1515,GARM_BABY,Baby Hatii,61,20199,1,1022,2980,680,1179,34,13,45,30,56,55,85,30,Medium,Brute,Water,2,1,450,879,672,576,4,Normal,,6,0
1516,INCREASE_SOIL,Mi Gao,51,8230,1,2760,2110,560,700,30,12,40,45,23,12,69,12,Medium,Formless,Earth,3,1,445,106,1056,576,17,Normal,,5,0
1517,LI_ME_MANG_RYANG,Jing Guai,48,5920,1,1643,1643,434,633,23,16,46,51,19,8,57,30,Medium,Demon,Earth,3,1,165,1120,576,420,4,Normal,Detector,5,0
1518,BACSOJIN,White Lady,72,56380,1,5590,1659,560,1446,10,15,38,65,34,80,102,35,Large,Demihuman,Water,2,2,160,576,960,480,21,Normal,,7,0
1519,CHUNG_E,Green Maiden,49,23900,1,2396,993,460,1050,8,15,38,65,43,30,90,15,Medium,Demihuman,Neutral,2,1,170,1728,816,1188,21,Normal,,7,0
1520,BOILED_RICE,Boiled Rice,15,400,1,84,45,49,82,0,10,1,14,14,0,19,15,Medium,Plant,Water,1,1,170,1152,672,672,1,Normal,,4,0
1521,G_ALICE,Alice,62,10000,1,0,0,550,700,5,5,64,64,42,85,100,130,Medium,Demihuman,Neutral,3,1,200,520,2304,480,17,Normal,,0,0
1522,G_ANCIENT_MUMMY,Ancient Mummy,64,40599,1,0,0,836,1129,27,27,28,19,32,5,83,35,Medium,Undead,Undead,2,1,175,1772,120,384,21,Normal,,0,0
1523,G_ANTIQUE_FIRELOCK,Firelock Soldier,47,3852,1,0,0,289,336,10,10,15,35,29,15,120,42,Medium,Undead,Undead,2,10,170,1084,2304,576,5,Normal,,0,0
1524,G_BABY_LEOPARD,Baby Leopard,32,2590,1,0,0,155,207,0,5,20,44,20,4,49,10,Small,Brute,Ghost,1,2,150,318,528,420,4,Normal,,0,0
1525,G_BATHORY,Bathory,44,5415,1,0,0,198,398,0,60,1,76,24,85,65,15,Medium,Demihuman,Dark,1,1,100,1504,840,900,21,Normal,,0,0
1526,G_BLOOD_BUTTERFLY,Bloody Butterfly,55,8082,1,0,0,121,342,5,23,1,59,14,55,68,15,Medium,Insect,Wind,2,3,145,472,576,288,13,Normal,Detector,0,0
1527,G_C_TOWER_MANAGER,Clock Tower Manager,63,18600,1,0,0,880,1180,35,30,1,75,20,64,75,60,Large,Formless,Neutral,4,3,200,1072,672,384,17,Normal,,0,0
1528,G_CLOCK,Clock,60,11050,1,0,0,720,909,15,10,1,70,50,25,90,50,Medium,Formless,Earth,2,1,200,1092,792,480,17,Normal,,0,0
1529,G_DARK_SNAKE_LORD,Evil Snake Lord,73,254993,1,0,0,1433,2210,25,55,70,83,62,80,164,88,Large,Brute,Ghost,3,3,200,588,816,420,21,Boss,,0,0
1530,G_DRACULA,Dracula,85,320096,1,0,0,1625,1890,45,76,1,95,90,87,85,100,Large,Demon,Dark,4,3,145,1290,1140,576,21,Boss,,0,0
1531,G_EVIL_CLOUD_HERMIT,Taoist Hermit,56,10392,1,0,0,311,333,25,59,1,20,18,50,136,11,Large,Formless,Neutral,2,10,190,480,840,432,5,Normal,,0,0
1532,G_EXPLOSION,Explosion,46,8054,1,0,0,336,447,35,27,1,61,56,50,66,38,Small,Brute,Fire,3,1,165,1260,960,336,4,Normal,,0,0
1533,G_FUR_SEAL,Seal,63,9114,1,0,0,845,1203,25,33,5,28,22,15,69,84,Medium,Brute,Water,1,1,200,1612,622,583,09,Normal,,0,0
1534,G_GOBLIN_1,Goblin,25,1176,1,0,0,118,140,10,5,1,53,25,20,38,10,Medium,Demihuman,Wind,1,1,100,1120,620,240,21,Normal,,0,0
1535,G_GOBLIN_2,Goblin,24,1034,1,0,0,88,100,10,5,1,24,24,15,66,10,Medium,Demihuman,Fire,1,1,150,1320,620,240,09,Normal,,0,0
1536,G_GOBLIN_3,Goblin,24,1034,1,0,0,132,165,10,5,1,24,24,15,24,10,Medium,Demihuman,Poison,1,1,250,1624,624,240,13,Normal,,0,0
1537,G_GOBLIN_4,Goblin,23,1359,1,0,0,109,131,10,5,1,23,46,15,36,10,Medium,Demihuman,Earth,1,1,200,1624,624,240,13,Normal,,0,0
1538,G_GOBLIN_5,Goblin,22,1952,1,0,0,105,127,10,5,1,22,22,15,32,10,Medium,Demihuman,Water,1,1,300,3074,1874,480,13,Normal,,0,0
1539,G_GOBLIN_LEADER,Goblin Leader,64,20152,1,0,0,663,752,48,16,5,55,37,30,69,58,Medium,Demihuman,Wind,1,1,120,1120,620,240,21,Normal,,0,0
1540,G_GOLEM,Golem,25,3900,1,0,0,175,187,40,0,1,15,25,0,15,0,Large,Formless,Neutral,3,1,300,1608,816,396,17,Normal,,0,0
1541,G_GREATEST_GENERAL,Greatest General,40,3632,1,0,0,350,400,15,15,1,20,60,55,82,140,Medium,Formless,Fire,2,3,200,1152,1152,384,10,Normal,,0,0
1542,G_INCANTATION_SAMURA,Incantation Samurai,71,218652,1,0,0,1219,2169,10,51,91,85,78,85,150,60,Large,Demihuman,Dark,3,3,135,874,1344,576,21,Boss,,0,0
1543,G_KAPHA,Kapha,41,7892,1,0,0,399,719,20,38,1,51,49,22,73,45,Medium,Fish,Water,1,3,165,2012,1728,672,4,Normal,,0,0
1544,G_KARAKASA,Karakasa,30,3092,1,0,0,141,183,1,5,1,45,12,20,49,60,Medium,Formless,Neutral,3,1,155,1638,2016,576,1,Normal,,0,0
1545,G_KOBOLD_1,Kobold,36,3893,1,0,0,265,318,15,10,1,90,36,30,52,20,Medium,Demihuman,Wind,2,1,150,1028,528,360,13,Normal,,0,0
1546,G_KOBOLD_2,Kobold,31,2179,1,0,0,262,324,15,10,1,31,31,20,46,20,Medium,Demihuman,Poison,2,1,200,1528,528,360,13,Normal,,0,0
1547,G_KOBOLD_3,Kobold,31,2179,1,0,0,186,216,15,10,1,31,31,20,88,20,Medium,Demihuman,Fire,2,1,300,1228,528,360,13,Normal,,0,0
1548,G_KOBOLD_LEADER,Kobold Leader,65,18313,1,0,0,649,958,37,37,5,90,36,30,77,59,Medium,Demihuman,Wind,2,1,150,1028,528,360,21,Normal,,0,0
1549,G_LAVA_GOLEM,Lava Golem,77,24324,1,0,0,1541,2049,65,50,1,57,115,70,76,68,Large,Formless,Fire,4,1,400,2190,2040,336,09,Normal,,0,0
1550,G_LIVE_PEACH_TREE,Enchanted Peach Tree,53,8905,1,0,0,301,351,10,38,72,45,35,39,80,5,Medium,Plant,Earth,2,7,410,400,672,480,5,Normal,,0,0
1551,G_MARSE,Marse,31,5034,1,0,0,211,252,0,5,1,31,25,5,52,30,Small,Fish,Water,2,1,300,1956,756,528,17,Normal,,0,0
1552,G_MIYABI_NINGYO,Miyabi Doll,33,6300,1,0,0,250,305,1,20,1,52,15,10,62,15,Medium,Demon,Dark,1,1,250,1938,2112,768,17,Normal,Detector,0,0
1553,G_MYST,Myst,38,3745,1,0,0,365,445,0,40,1,38,18,0,53,10,Large,Formless,Poison,1,1,200,1576,576,384,21,Normal,,0,0
1554,G_NIGHTMARE_TERROR,Nightmare Terror,78,22605,1,0,0,757,1007,37,37,1,76,55,60,76,54,Large,Demon,Dark,3,1,165,1216,816,432,4,Normal,Detector,0,0
1555,G_PARASITE,Parasite,49,5188,1,0,0,215,430,10,19,1,40,30,30,90,50,Medium,Plant,Wind,2,8,400,864,864,672,10,Normal,,0,0
1556,G_POISON_TOAD,Poisonous Toad,46,6629,1,0,0,288,408,5,10,20,34,19,14,66,55,Medium,Brute,Poison,2,3,160,1148,1728,864,1,Normal,,0,0
1557,G_ROTAR_ZAIRO,Rotar Zairo,25,1209,1,0,0,109,137,4,34,1,62,45,26,55,5,Large,Formless,Wind,2,10,155,2416,2016,432,5,Normal,,0,0
1558,G_SAND_MAN,Sandman,34,3413,1,0,0,180,205,10,25,24,34,58,38,60,5,Medium,Formless,Earth,3,1,250,1672,720,288,4,Normal,,0,0
1559,G_SCORPION,Scorpion,24,1109,1,0,0,80,135,30,0,1,24,24,5,52,5,Small,Insect,Fire,1,1,200,1564,864,576,09,Normal,Detector,0,0
1560,G_SHINOBI,Shinobi,69,12700,1,0,0,460,1410,34,21,85,85,25,25,100,100,Medium,Demihuman,Dark,3,2,150,1003,1152,336,21,Normal,,0,0
1561,G_SMOKIE,Smokie,18,641,1,0,0,61,72,0,10,1,18,36,25,26,35,Small,Brute,Earth,1,1,200,1576,576,420,17,Normal,,0,0
1562,G_SOLDIER_SKELETON,Soldier Skeleton,29,2334,1,0,0,221,245,10,15,1,15,22,5,40,15,Medium,Undead,Undead,1,1,200,2276,576,432,4,Normal,,0,0
1563,G_TENGU,Tengu,65,16940,1,0,0,660,980,12,82,90,42,69,45,78,80,Large,Demon,Earth,2,2,200,1439,1920,672,4,Normal,Detector,0,0
1564,G_WICKED_NYMPH,Evil Nymph,63,16029,1,0,0,399,1090,12,75,1,64,12,69,100,80,Medium,Demon,Dark,3,2,200,637,1008,360,21,Normal,Detector,0,0
1565,G_WILD_GINSENG,Hermit Plant,46,6900,1,0,0,220,280,10,20,13,42,36,55,66,30,Small,Plant,Fire,2,1,140,512,756,360,17,Normal,,0,0
1566,G_WRAITH_DEAD,Wraith Dead,74,43021,1,0,0,1366,1626,25,30,5,99,55,75,115,45,Large,Undead,Undead,4,2,175,1816,576,240,21,Normal,,0,0
1567,G_ANCIENT_WORM,Ancient Worm,67,22598,1,0,0,948,1115,35,30,5,35,56,55,81,72,Large,Insect,Poison,1,1,165,1792,792,336,21,Normal,Detector,0,0
1568,G_ANGELING,Angeling,20,55000,1,0,0,120,195,0,70,1,50,20,75,68,200,Medium,Angel,Holy,4,1,200,1072,672,672,21,Boss,,0,0
1569,G_BLOODY_KNIGHT,Bloody Knight,82,57870,1,0,0,2150,3030,60,50,88,75,70,77,125,55,Large,Formless,Dark,4,3,250,828,528,192,21,Normal,,0,0
1570,G_CRAMP,Cramp,56,4720,1,0,0,395,465,0,5,1,85,35,5,65,60,Small,Brute,Poison,2,1,100,1000,500,1000,09,Normal,,0,0
1571,G_DEVIACE,Deviace,47,19192,1,0,0,514,674,10,20,1,47,62,48,62,25,Medium,Fish,Water,4,1,400,1680,480,384,17,Normal,,0,0
1572,G_DROPS,Drops,3,55,1,0,0,10,13,0,0,1,3,3,0,12,15,Medium,Plant,Fire,1,1,400,1372,672,480,2,Normal,,0,0
1573,G_ELDER,Elder,64,21592,1,0,0,421,560,45,68,1,76,68,108,72,86,Large,Demihuman,Neutral,4,3,165,1552,1152,336,4,Normal,,0,0
1574,G_ELDER_WILOW,Elder Willow,20,693,1,0,0,58,70,10,30,1,20,25,35,38,30,Medium,Plant,Fire,2,1,200,1372,672,432,09,Normal,,0,0
1575,G_FLORA,Flora,26,2092,1,0,0,242,273,10,35,1,26,35,5,43,80,Large,Plant,Earth,1,3,1000,1432,432,576,10,Normal,,0,0
1576,G_GHOSTRING,Ghostring,18,73300,1,0,0,82,122,0,60,40,27,18,45,72,30,Medium,Demon,Ghost,4,1,300,1220,1080,648,21,Boss,,0,0
1577,G_GOBLIN_ARCHER,Goblin Archer,28,1750,1,0,0,89,113,0,0,10,15,20,15,72,20,Small,Demihuman,Poison,1,9,200,1172,672,420,5,Normal,,0,0
1578,G_HORONG,Horong,34,1939,1,0,0,275,327,99,50,1,34,10,0,50,0,Small,Formless,Fire,4,1,400,1888,1152,828,13,Normal,,0,0
1579,G_HYDRA,Hydra,14,660,1,0,0,22,28,0,40,1,14,14,0,40,2,Small,Plant,Water,2,7,1000,800,432,600,10,Normal,,0,0
1580,G_INCUBUS,Incubus,75,17281,1,0,0,1408,1873,58,46,1,97,95,103,89,87,Medium,Demon,Dark,3,2,165,850,600,336,21,Normal,Detector,0,0
1581,G_VOCAL,Vocal,18,3016,1,0,0,71,82,10,30,77,28,26,30,53,40,Medium,Insect,Earth,1,1,200,1080,648,480,21,Normal,Detector,0,0
1582,DEVILING,Deviling,31,64500,1,211,412,135,270,5,70,30,50,20,75,77,200,Medium,Demon,Dark,4,1,200,1072,1056,384,21,Boss,,8,0
1583,TAO_GUNKA,Tao Gunka,70,193000,1,59175,10445,1450,1770,20,20,1,85,78,35,140,60,Large,Demon,Neutral,3,2,150,1020,288,144,21,Boss,Mvp,8,3
1584,TAMRUAN,Tamruan,52,10234,1,3812,55,489,534,15,35,80,62,38,75,72,15,Large,Demon,Dark,3,1,140,512,1152,672,13,Normal,Detector,6,0
1585,MIME_MONKEY,Mime Monkey,40,6000,1,200,22,300,350,40,40,1,40,40,40,40,30,Medium,Plant,Water,1,3,400,1872,672,480,2,Normal,,7,0
1586,LEAF_CAT,Leaf Cat,38,2396,1,165,1212,266,307,5,19,25,67,12,45,60,29,Small,Brute,Earth,1,1,150,960,864,720,2,Normal,,8,0
1587,KRABEN,Kraben,50,5880,1,206,1322,125,765,5,42,50,125,1,66,75,50,Medium,Formless,Ghost,2,1,100,1152,1536,576,09,Normal,,8,0
1588,ORC_XMAS,Christmas Orc,24,1400,1,261,160,104,126,10,5,1,24,48,25,34,10,Medium,Demihuman,Earth,1,1,200,1864,864,288,1,Normal,,8,0
1589,G_MANDRAGORA,Mandragora,12,405,1,0,0,26,35,0,25,1,12,24,0,36,15,Medium,Plant,Earth,3,4,1000,1768,768,576,10,Normal,,0,0
1590,G_GEOGRAPHER,Geographer,56,8071,1,0,0,467,621,28,26,1,66,47,60,68,44,Medium,Plant,Earth,3,3,1000,1308,1008,480,10,Normal,,0,0
1591,A_LUNATIC,Lunatic,29,2334,1,0,0,221,245,10,20,1,15,22,5,40,15,Small,Brute,Neutral,3,1,200,1456,456,336,4,Boss,,1,0
1592,A_MOBSTER,Gangster,40,8000,1,0,0,300,355,20,27,1,50,45,45,73,30,Medium,Demihuman,Neutral,1,1,250,1100,560,580,3,Boss,,5,0
1593,A_ANCIENT_MUMMY,Ancient Mummy,52,8613,1,0,0,830,930,40,27,58,47,42,5,69,26,Medium,Undead,Undead,3,1,175,1772,120,384,4,Boss,,1,0
1594,G_FREEZER,Freezer,72,8636,1,0,0,671,983,55,43,69,41,59,5,67,100,Medium,Brute,Water,2,2,250,1452,483,528,21,Normal,,0,0
1595,G_MARIN,Marin,15,742,1,0,0,39,43,0,10,1,10,10,5,35,15,Medium,Plant,Water,2,1,400,1872,672,480,1,Normal,,0,0
1596,G_TAMRUAN,Tamruan,52,10234,1,0,0,489,534,15,35,80,62,38,75,72,15,Large,Demon,Dark,3,1,140,512,1152,672,13,Normal,Detector,0,0
1597,G_GARGOYLE,Gargoyle,48,3950,1,0,0,290,360,10,10,15,61,20,20,126,40,Medium,Demon,Wind,3,9,200,1020,720,384,5,Normal,Detector,0,0
1598,G_BLAZZER,Blazzer,43,8252,1,0,0,533,709,50,40,1,52,50,39,69,40,Medium,Demon,Fire,2,2,180,1732,1332,540,20,Normal,Detector,0,0
1599,G_WHISPER_BOSS,Giant Whisper,34,5040,1,0,0,198,239,0,45,1,51,14,0,60,0,Small,Demon,Ghost,2,1,250,2536,1536,672,21,Normal,Detector,0,0
1600,G_HEATER,Heater,68,11020,1,0,0,683,1008,40,42,69,47,25,5,71,100,Medium,Brute,Fire,2,2,250,1452,483,528,21,Normal,,0,0
1601,G_PERMETER,Permeter,63,8228,1,0,0,943,1211,46,45,69,59,60,5,69,100,Medium,Brute,Neutral,2,2,250,1100,483,528,21,Normal,,0,0
1602,G_SOLIDER,Solider,70,12099,1,0,0,797,979,57,43,69,35,85,5,74,100,Medium,Brute,Earth,2,2,250,1452,483,528,21,Normal,,0,0
1603,G_BIGFOOT,Bigfoot,25,1619,1,0,0,198,220,10,0,1,25,55,15,20,25,Large,Brute,Earth,1,1,300,1260,192,192,17,Normal,,0,0
1604,G_GIANT_HONET,Giant Hornet,56,13105,1,0,0,650,852,38,43,35,38,32,10,71,64,Small,Insect,Wind,1,1,155,1292,792,340,21,Normal,Detector,0,0
1605,G_DARK_ILLUSION,Dark Illusion,77,103631,1,0,0,1300,1983,64,70,5,100,40,100,97,40,Large,Demon,Undead,4,2,145,1024,768,480,21,Boss,,0,0
1606,G_GARM_BABY,Baby Hatii,61,20199,1,0,0,680,1179,34,13,45,30,56,55,85,30,Medium,Brute,Water,2,1,450,879,672,576,4,Normal,,0,0
1607,G_GOBLINE_XMAS,Christmas Goblin,25,1176,1,0,0,118,140,10,5,1,53,25,20,38,45,Medium,Demihuman,Wind,1,1,100,1120,620,240,21,Normal,,0,0
1608,G_THIEF_BUG__,Thief Bug Male,19,583,1,0,0,76,88,15,5,1,29,16,5,36,0,Medium,Insect,Dark,1,1,300,988,288,768,13,Normal,Detector,0,0
1609,G_DANCING_DRAGON,Zhu Po Long,54,9136,1,3030,769,550,789,39,10,55,62,55,25,72,22,Medium,Dragon,Wind,2,2,160,600,840,504,2,Boss,,6,0
1610,A_MUNAK,Munak,30,2872,1,0,0,40,50,0,0,1,15,20,5,120,15,Medium,Undead,Undead,4,1,100,2468,768,288,4,Boss,,3,0
1611,A_BON_GUN,Bongun,32,3520,1,0,0,220,260,0,0,45,15,36,10,48,15,Medium,Undead,Undead,4,1,200,1720,500,420,09,Boss,,3,0
1612,A_HYEGUN,Yao Jun,56,9981,1,0,0,710,1128,12,10,60,40,36,10,73,15,Medium,Undead,Undead,4,1,180,890,1320,720,4,Boss,,3,0
1613,METALING,Metaling,26,889,1,492,249,135,270,5,3,30,15,10,18,35,2,Small,Formless,Neutral,1,1,300,384,672,480,2,Normal,,8,0
1614,MINERAL,Mineral,56,7950,1,3563,1768,723,812,29,35,60,52,35,21,67,32,Small,Formless,Neutral,2,1,250,648,480,360,17,Normal,,8,0
1615,OBSIDIAN,Obsidian,50,8812,1,2799,1802,841,980,35,5,62,32,42,24,61,55,Small,Formless,Earth,2,1,350,720,864,504,4,Normal,,7,0
1616,PITMAN,Pitman,43,5015,1,1799,1083,290,486,22,26,0,15,5,5,52,36,Large,Undead,Earth,2,1,180,960,336,300,17,Normal,,8,0
1617,WASTE_STOVE,Old Stove,68,15895,1,4412,1135,692,1081,23,10,20,69,55,5,59,77,Large,Formless,Neutral,1,1,300,1152,528,360,4,Normal,,8,0
1618,UNGOLIANT,Ungoliant,69,29140,1,8211,142,1290,2280,25,25,33,52,57,25,119,43,Large,Insect,Poison,2,1,350,420,576,420,21,Normal,Detector,8,0
1619,PORCELLIO,Porcellio,28,1654,1,512,346,82,247,0,8,0,31,21,50,54,85,Small,Insect,Earth,3,1,150,720,360,360,2,Normal,Detector,7,0
1620,NOXIOUS,Noxious,35,2038,1,698,698,299,400,0,60,12,41,10,30,44,2,Medium,Formless,Ghost,3,1,350,768,1440,672,4,Normal,,6,0
1621,VENOMOUS,Venomous,42,4653,1,1780,1280,422,844,0,49,12,60,17,19,60,1,Medium,Formless,Poison,1,1,350,768,1440,672,4,Normal,,6,0
1622,TEDDY_BEAR,Teddy Bear,71,8109,1,5891,3455,621,1432,19,32,5,155,32,41,121,26,Small,Formless,Neutral,3,1,200,512,780,504,20,Normal,,8,0
1623,RSX_0806,RSX-0806,86,560733,1,31010,32011,2740,5620,39,41,85,51,30,25,93,84,Large,Formless,Neutral,3,1,220,128,1104,240,21,Boss,Mvp,8,3
1624,G_WASTE_STOVE,Old Stove,68,15895,1,0,0,500,889,23,10,20,69,55,5,79,77,Large,Formless,Neutral,1,1,220,1152,528,360,4,Normal,,0,0
1625,G_PORCELLIO,Porcellio,43,5523,1,1024,693,164,494,0,8,0,31,21,50,64,85,Small,Insect,Earth,3,1,150,720,360,360,4,Normal,Detector,0,0
1626,G_DARK_PRIEST,Hellion Revenant,88,286900,1,1,1,50,3150,25,50,1,80,50,99,130,99,Medium,Demon,Undead,3,2,150,432,384,192,21,Boss,,6,0
1627,ANOPHELES,Anopheles,23,100,1,99,55,48,63,0,90,1,200,4,5,120,5,Small,Insect,Wind,3,1,200,140,864,430,4,Normal,Detector,3,0
1628,MOLE,Holden,36,2209,1,268,172,52,63,0,5,24,18,23,30,45,5,Small,Brute,Earth,2,9,300,140,960,504,3,Normal,,5,0
1629,HILL_WIND,Hill Wind,43,3189,1,1800,1100,290,480,10,15,21,42,31,50,41,23,Medium,Brute,Wind,3,3,200,336,540,432,4,Normal,,3,0
1630,BACSOJIN_,White Lady,85,253221,1,45250,16445,1868,6124,20,55,52,65,44,112,152,35,Large,Demihuman,Wind,3,3,130,576,960,480,4,Boss,Mvp,8,3
1631,CHUNG_E_,Green Maiden,59,23900,1,4256,920,460,1050,8,15,38,65,43,30,90,15,Medium,Demihuman,Wind,2,2,150,1728,816,1188,4,Normal,,7,0
1632,GREMLIN,Gremlin,53,9280,1,4355,1768,329,762,29,25,80,41,59,75,62,15,Large,Demon,Dark,2,1,140,432,540,432,17,Normal,Detector,7,0
1633,BEHOLDER,Beholder,56,7950,1,4821,3822,723,812,17,30,60,62,25,59,85,32,Small,Formless,Wind,2,6,190,336,840,360,17,Normal,,6,0
1634,SEYREN,Seyren Windsor,91,88402,1,100000,116460,2100,2530,63,12,90,89,72,20,99,25,Medium,Demon,Fire,3,1,170,76,384,288,09,Normal,Detector,8,0
1635,EREMES,Eremes Guile,87,60199,1,100000,99800,2020,2320,23,12,45,138,31,19,99,30,Medium,Demon,Poison,4,1,180,76,384,288,09,Normal,Detector,8,0
1636,HARWORD,Howard Alt-Eisen,83,78690,1,100000,112540,1890,2390,59,10,90,62,99,35,98,66,Medium,Demihuman,Water,4,1,180,76,384,288,09,Normal,,8,0
1637,MAGALETA,Margaretha Sorin,90,61282,1,100000,117800,1300,2053,35,60,1,9,97,145,88,40,Medium,Demihuman,Holy,3,1,180,1152,384,288,20,Normal,,8,0
1638,SHECIL,Cecil Damon,82,58900,1,100000,118260,1226,1854,25,15,1,145,27,32,134,80,Medium,Demihuman,Wind,3,14,180,76,384,288,09,Normal,,8,0
1639,KATRINN,Kathryne Keyron,92,47280,1,100000,116470,497,1697,10,74,1,5,77,180,110,39,Medium,Demihuman,Ghost,3,1,150,1152,384,288,20,Normal,,8,0
1640,G_SEYREN,Lord Knight Seyren,99,347590,1,18000,10000,4238,5040,72,37,120,110,81,65,130,52,Medium,Demihuman,Fire,4,1,100,76,384,288,21,Boss,,1,0
1641,G_EREMES,Assassin Cross Eremes,99,211230,1,18000,10000,3189,5289,27,39,90,181,62,37,122,60,Medium,Demihuman,Poison,4,1,100,76,384,288,21,Boss,,1,0
1642,G_HARWORD,Whitesmith Howard,99,310000,1,18000,10000,4822,5033,66,36,100,73,112,35,136,60,Medium,Demihuman,Water,4,1,100,76,384,288,21,Boss,,1,0
1643,G_MAGALETA,High Priest Margaretha,99,182910,1,18000,10000,1688,2580,35,78,1,84,64,182,92,100,Medium,Demihuman,Holy,4,1,125,1152,384,288,21,Boss,,1,0
1644,G_SHECIL,Sniper Cecil,99,209000,1,18000,10000,1892,5113,22,35,1,180,39,67,193,130,Medium,Demihuman,Wind,4,14,100,76,384,288,21,Boss,,1,0
1645,G_KATRINN,High Wizard Kathryne,99,189920,1,18000,10000,497,2094,10,88,1,89,42,223,128,93,Medium,Demihuman,Ghost,3,1,150,1152,384,288,21,Boss,,1,0
1646,B_SEYREN,Lord Knight Seyren,99,1647590,1,4835600,1569970,7238,11040,72,37,120,110,81,65,130,52,Medium,Demihuman,Fire,4,1,100,76,384,288,21,Boss,Mvp,8,3
1647,B_EREMES,Assassin Cross Eremes,99,1411230,1,4083400,1592380,4189,8289,37,39,90,181,62,37,122,60,Medium,Demihuman,Poison,4,1,100,76,384,288,21,Boss,Mvp,8,3
1648,B_HARWORD,Whitesmith Howard,99,1460000,1,4002340,1421000,7822,8251,66,36,100,73,112,35,136,60,Medium,Demihuman,Earth,4,1,100,76,384,288,21,Boss,Mvp,8,3
1649,B_MAGALETA,High Priest Margaretha,99,1092910,1,4257000,1318800,4688,5580,35,78,1,84,64,182,92,100,Medium,Demihuman,Holy,4,1,125,1152,384,288,21,Boss,Mvp,8,3
1650,B_SHECIL,Sniper Cecil,99,1349000,1,4093000,1526000,4892,9113,22,35,1,180,39,67,193,130,Medium,Demihuman,Wind,4,14,100,76,384,288,21,Boss,Mvp,8,3
1651,B_KATRINN,High Wizard Kathryne,99,1069920,1,4008200,1636700,1197,4394,10,88,1,89,42,223,128,93,Medium,Demihuman,Ghost,3,1,150,1152,384,288,21,Boss,Mvp,8,3
1652,YGNIZEM,Egnigem Cenia,58,11200,1,4870,98,823,1212,35,8,60,35,52,18,79,20,Medium,Demihuman,Fire,2,1,145,576,432,288,4,Normal,,8,0
1653,WHIKEBAIN,Wickebine Tres,62,7320,1,4204,21,693,889,9,8,1,102,34,20,83,30,Medium,Demihuman,Poison,3,1,120,576,432,288,4,Normal,,8,0
1654,ARMAIA,Armeyer Dinze,66,7110,1,4008,35,750,913,42,6,5,36,50,15,89,60,Medium,Demihuman,Earth,3,1,120,576,432,288,4,Normal,,8,0
1655,EREND,Errende Ebecee,59,6980,1,4501,67,896,1159,14,30,1,31,41,93,67,30,Medium,Demihuman,Holy,2,1,130,576,432,288,4,Normal,,8,0
1656,KAVAC,Kavach Icarus,60,7899,1,4090,86,684,904,12,5,48,100,10,15,118,40,Medium,Demihuman,Wind,2,9,150,576,432,288,4,Normal,,8,0
1657,RAWREL,Laurell Weinder,61,6168,1,4620,30,430,517,8,48,1,41,5,120,45,10,Medium,Demihuman,Ghost,2,1,150,576,432,288,4,Normal,,8,0
1658,B_YGNIZEM,Egnigem Cenia,79,214200,1,258760,86000,3890,5690,48,25,82,60,45,31,110,40,Medium,Demihuman,Fire,2,1,100,1008,864,288,21,Boss,Mvp,8,3
1659,G_WHIKEBAIN,Wickebine Tres,62,7320,1,0,0,593,789,9,12,1,102,34,23,74,30,Medium,Demihuman,Poison,3,1,120,1008,864,288,4,Normal,,1,0
1660,G_ARMAIA,Armeyer Dinze,66,7110,1,0,0,650,813,42,6,5,36,40,15,80,60,Medium,Demihuman,Earth,3,1,120,1008,864,288,4,Normal,,1,0
1661,G_EREND,Errende Ebecee,59,6980,1,0,0,796,1059,14,30,1,31,41,93,60,30,Medium,Demihuman,Holy,2,1,130,1008,864,288,4,Normal,,1,0
1662,G_KAVAC,Kavach Icarus,60,7899,1,0,0,584,804,12,5,48,100,10,20,118,40,Medium,Demihuman,Wind,2,9,150,1008,864,288,4,Normal,,1,0
1663,G_RAWREL,Laurell Weinder,61,6168,1,0,0,330,417,8,48,1,41,5,100,45,10,Medium,Demihuman,Ghost,2,1,150,1008,864,288,4,Normal,,1,0
1664,POTON_CANON,Photon Cannon,66,8000,1,3900,1800,800,900,10,30,1,40,25,20,80,80,Medium,Formless,Neutral,2,9,300,1536,960,480,10,Normal,,3,0
1665,POTON_CANON_1,Photon Cannon,67,7500,1,4300,2000,700,800,15,30,1,40,30,40,86,80,Medium,Formless,Neutral,2,9,300,1536,960,480,10,Normal,,4,0
1666,POTON_CANON_2,Photon Cannon,64,7100,1,3100,2700,800,900,8,30,1,40,21,29,80,91,Medium,Formless,Neutral,2,9,300,1536,960,480,10,Normal,,3,0
1667,POTON_CANON_3,Photon Cannon,65,7800,1,3800,2300,700,800,15,30,1,40,23,30,90,99,Medium,Formless,Neutral,2,9,300,1536,960,480,10,Normal,,3,0
1668,ARCHDAM,Archdam,79,25000,1,8000,5000,1000,2000,15,15,65,65,35,75,75,15,Large,Demihuman,Neutral,3,3,180,580,288,360,21,Normal,,7,0
1669,DIMIK,Dimik,77,10000,1,0,0,1040,1880,45,28,15,35,40,15,120,42,Medium,Formless,Neutral,2,5,200,576,720,432,4,Normal,,1,0
1670,DIMIK_1,Dimik,79,16000,1,6400,3500,1140,1980,45,28,15,88,20,20,120,40,Medium,Formless,Wind,2,7,150,576,720,432,4,Normal,,8,0
1671,DIMIK_2,Dimik,89,29000,1,8000,5000,1440,2280,45,28,15,40,30,30,150,70,Medium,Formless,Water,2,5,200,576,720,432,4,Normal,,8,0
1672,DIMIK_3,Dimik,80,19000,1,5900,2800,1240,2080,68,28,15,30,78,20,120,30,Medium,Formless,Earth,2,5,200,576,720,432,4,Normal,,8,0
1673,DIMIK_4,Dimik,82,13900,1,5800,4500,1840,2840,45,28,15,20,20,10,120,30,Medium,Formless,Fire,2,5,200,576,720,432,4,Normal,,8,0
1674,MONEMUS,Monemus,88,80000,1,0,0,2000,3000,54,25,0,1,90,24,144,45,Large,Formless,Fire,3,5,400,1368,1344,432,10,Boss,,2,0
1675,VENATU,Venatu,77,8000,1,0,0,1200,1800,35,20,5,26,24,5,75,40,Medium,Formless,Fire,2,2,150,504,1020,360,4,Normal,,1,0
1676,VENATU_1,Venatu,72,8900,1,4000,2000,800,1400,30,20,5,26,24,5,82,30,Medium,Formless,Neutral,2,2,150,504,1020,360,4,Normal,,8,0
1677,VENATU_2,Venatu,80,9000,1,4000,2000,900,1500,30,20,5,82,32,5,105,30,Medium,Formless,Wind,2,2,150,504,1020,360,4,Normal,,8,0
1678,VENATU_3,Venatu,78,9500,1,4500,2000,800,1400,30,20,5,26,68,5,95,30,Medium,Formless,Earth,2,2,150,504,1020,360,4,Normal,,8,0
1679,VENATU_4,Venatu,75,12300,1,4000,2000,800,1400,30,20,5,26,24,5,100,30,Medium,Formless,Water,2,2,150,504,1020,360,4,Normal,,8,0
1680,HILL_WIND_1,Hill Wind,45,4233,1,2132,1722,320,510,10,15,21,42,31,50,67,23,Medium,Brute,Wind,3,3,170,504,480,360,4,Normal,,5,0
1681,GEMINI,Gemini-S58,72,57870,1,22024,9442,2150,3030,60,45,88,75,70,77,105,55,Medium,Formless,Water,1,3,200,1872,360,864,4,Boss,,8,0
1682,REMOVAL,Remover,55,10289,1,3831,1278,558,797,5,20,1,20,56,35,57,20,Medium,Undead,Undead,2,1,250,1536,1056,1152,4,Normal,,8,0
1683,G_POTON_CANON,Photon Cannon,46,7000,1,0,0,560,570,5,10,1,36,36,20,56,30,Medium,Formless,Fire,2,9,300,1536,960,480,4,Normal,,0,0
1684,G_ARCHDAM,Archdam,57,11000,1,0,0,600,700,15,15,65,65,35,75,75,15,Large,Angel,Neutral,3,3,180,1080,288,360,4,Normal,,0,0
1685,APOCALIPS_H,Vesper,97,640700,1,200000,100000,4000,10000,50,54,100,50,30,70,160,150,Large,Brute,Holy,2,3,180,504,912,432,21,Boss,Mvp,8,3
1686,ORC_BABY,Orc Baby,21,912,1,220,220,135,270,10,10,30,15,10,18,35,2,Small,Demihuman,Earth,1,1,200,672,864,288,4,Normal,,7,0
1687,GREEN_IGUANA,Grove,54,6444,1,2400,2050,550,650,0,10,1,52,64,5,98,14,Medium,Brute,Earth,2,1,200,720,528,432,2,Normal,,8,0
1688,LADY_TANEE,Lady Tanee,89,493000,1,64995,43222,450,2170,20,44,1,125,48,78,210,38,Large,Plant,Wind,3,14,100,576,432,360,10,Boss,Mvp,8,3
1689,G_BACSOJIN,White Lady,85,253221,1,45250,16445,1868,6124,20,55,52,65,44,112,152,35,Large,Demihuman,Wind,3,3,130,576,960,480,21,Boss,,0,0
1690,G_SPRING_RABBIT,Spring Rabbit,12,15,1,0,0,0,0,100,99,1,1,1,1,1,1,Medium,Brute,Earth,2,1,160,1120,552,511,2,Normal,"IgnoreMagic, IgnoreMelee, IgnoreMisc, IgnoreRanged",4,0
1691,G_KRABEN,Kraben,70,10880,1,0,0,125,765,5,42,50,155,1,66,112,60,Medium,Formless,Ghost,2,1,100,1152,1536,576,4,Normal,,7,0
1692,BREEZE,Breeze,56,5099,1,2390,1340,94,215,7,32,1,96,6,38,91,45,Medium,Formless,Wind,3,2,100,140,384,504,4,Normal,,8,0
1693,PLASMA_Y,Plasma,56,8400,1,2200,2100,400,900,0,40,1,30,10,83,105,45,Small,Formless,Ghost,4,3,100,608,1440,576,4,Normal,,6,0
1694,PLASMA_R,Plasma,43,5700,1,2000,1000,300,700,0,30,1,30,5,56,90,30,Small,Formless,Fire,4,3,150,608,1440,576,4,Normal,,6,0
1695,PLASMA_G,Plasma,47,7600,1,2000,1000,300,700,0,30,1,30,5,61,90,30,Small,Formless,Earth,4,3,150,608,1440,576,4,Normal,,6,0
1696,PLASMA_P,Plasma,49,5900,1,2000,1000,300,700,0,30,1,30,5,54,90,30,Small,Formless,Dark,4,3,150,608,1440,576,4,Normal,,6,0
1697,PLASMA_B,Plasma,44,8200,1,2000,1000,300,700,0,30,1,30,5,73,90,30,Small,Formless,Water,4,3,150,608,1440,576,4,Normal,,6,0
1698,DEATHWORD,Death Word,65,18990,1,2986,4912,622,1102,10,40,50,75,10,20,140,45,Medium,Formless,Neutral,3,1,150,176,912,300,21,Normal,,8,0
1699,ANCIENT_MIMIC,Ancient Mimic,60,8080,1,2950,2650,530,1697,20,40,50,100,30,40,150,110,Large,Formless,Neutral,3,1,100,168,480,360,4,Normal,,8,0
1700,OBSERVATION,Dame of Sentinel,81,65111,1,39872,33120,1666,2609,55,55,30,74,56,126,145,114,Medium,Angel,Neutral,4,2,100,432,480,360,20,Boss,,8,0
1701,SHELTER,Mistress of Shelter,80,38000,1,29010,25110,1871,1971,22,63,12,67,34,167,157,120,Medium,Angel,Holy,3,2,160,432,420,360,20,Boss,,7,0
1702,RETRIBUTION,Baroness of Retribution,79,46666,1,28332,33120,2022,2288,35,35,30,142,66,72,133,39,Medium,Angel,Dark,3,2,120,360,480,360,20,Boss,,8,0
1703,SOLACE,Lady Solace,77,25252,1,21000,25110,1392,1462,21,67,12,76,29,145,99,100,Medium,Angel,Holy,3,2,180,576,420,360,20,Boss,,8,0
1704,THA_ODIUM,Odium of Thanatos,92,72389,1,88420,63880,2100,2800,68,30,100,52,165,62,185,90,Large,Undead,Ghost,4,9,100,432,288,420,21,Boss,,7,0
1705,THA_DESPERO,Despero of Thanatos,88,86666,1,62001,51220,2182,3082,38,39,100,167,79,92,151,120,Large,Undead,Ghost,4,2,150,160,528,360,21,Boss,,7,0
1706,THA_MAERO,Maero of Thanatos,83,62000,1,56699,63880,2022,2288,29,72,100,176,30,200,122,29,Medium,Undead,Ghost,4,2,150,160,480,360,21,Boss,,7,0
1707,THA_DOLOR,Dolor of Thanatos,83,59922,1,43200,51220,1392,2092,21,80,100,76,29,206,139,44,Small,Undead,Ghost,4,2,150,160,672,480,21,Boss,,7,0
1708,THANATOS,Memory of Thanatos,99,445660,1,3666000,2145060,3812,7483,35,35,100,108,30,86,147,32,Large,Demon,Ghost,4,3,120,115,816,504,21,Boss,Mvp,8,3
1709,G_THA_ODIUM,Odium of Thanatos,92,72389,1,10000,5000,2100,2800,68,30,100,52,165,62,185,90,Large,Undead,Ghost,4,9,100,115,288,420,20,Boss,,3,0
1710,G_THA_DESPERO,Despero of Thanatos,88,86666,1,10000,5000,2182,3082,38,39,100,167,79,92,151,120,Large,Undead,Ghost,4,2,150,160,528,360,20,Boss,,3,0
1711,G_THA_MAERO,Maero of Thanatos,83,62000,1,10000,5000,2022,2288,29,72,100,176,30,200,122,29,Medium,Undead,Ghost,4,2,150,160,480,360,20,Boss,,3,0
1712,G_THA_DOLOR,Dolor of Thanatos,83,59922,1,10000,5000,1392,2092,21,80,100,76,29,206,139,44,Small,Undead,Ghost,4,2,150,160,672,480,20,Boss,,3,0
1713,ACIDUS,Acidus,80,51112,1,28043,8023,1289,2109,29,69,1,71,55,135,103,69,Large,Dragon,Holy,2,2,170,168,1008,300,09,Normal,,8,0
1714,FERUS,Ferus,70,29218,1,8093,3952,1056,1496,14,45,1,78,45,72,81,73,Large,Dragon,Fire,2,2,100,108,576,432,09,Normal,,8,0
1715,NOVUS,Novus,42,5430,1,1320,1002,284,384,20,28,1,56,43,45,124,43,Small,Dragon,Neutral,1,1,110,151,288,360,4,Normal,,4,0
1716,ACIDUS_,Acidus,76,39111,1,14392,4203,1180,2000,21,47,1,78,31,93,88,52,Large,Dragon,Wind,2,2,180,168,768,360,09,Normal,,8,0
1717,FERUS_,Ferus,69,21182,1,6750,2230,930,1170,14,38,1,66,77,60,79,35,Large,Dragon,Earth,2,2,120,108,576,432,09,Normal,,7,0
1718,NOVUS_,Novus,43,5830,1,1411,1100,314,414,24,28,1,60,43,39,119,43,Small,Dragon,Neutral,1,1,100,252,816,480,4,Normal,,4,0
1719,DETALE,Detardeurus,90,960000,1,291850,123304,4560,5548,66,59,100,90,30,136,140,56,Large,Dragon,Dark,3,3,250,432,936,360,21,Boss,Mvp,8,3
1720,HYDRO,Hydrolancer,89,308230,1,83450,2480,2554,3910,52,62,1,96,110,86,94,32,Large,Dragon,Dark,2,3,160,140,672,432,21,Boss,,8,0
1721,DRAGON_EGG,Dragon Egg,43,18322,1,6740,0,1,2,78,60,1,1,56,67,1,63,Medium,Dragon,Neutral,2,0,1000,24,1,1,06,Normal,,8,0
1722,EVENT_JAKK,Jakk,99,10310,1,103,100,115,182,5,11,1,28,18,13,35,45,Medium,Formless,Fire,2,1,240,1180,480,648,1,Normal,,4,0
1723,A_SHECIL,Cecil Damon,82,30000,1,0,0,600,900,25,15,1,145,27,32,134,80,Medium,Demihuman,Wind,3,14,180,1008,384,288,21,Normal,,0,0
1724,A_POTON_CANON,Photon Cannon,66,8000,1,0,0,1000,1300,10,30,1,40,25,20,80,80,Medium,Formless,Neutral,2,9,300,1536,960,480,10,Normal,,0,0
1725,R_PORING,Poring,1,50,1,0,0,7,10,0,5,1,1,1,0,6,30,Medium,Plant,Water,1,1,150,1872,672,480,2,Normal,,0,0
1726,R_LUNATIC,Lunatic,3,60,1,0,0,9,12,0,20,1,3,3,10,8,60,Small,Brute,Neutral,3,1,150,1456,456,336,2,Normal,,0,0
1727,R_SAVAGE_BABE,Savage Babe,7,182,1,0,0,20,25,0,0,1,7,14,5,12,35,Small,Brute,Earth,1,1,150,1624,624,576,2,Normal,,0,0
1728,R_DESERT_WOLF_B,Baby Desert Wolf,9,164,1,0,0,30,36,0,0,1,9,9,5,21,40,Small,Brute,Fire,1,1,150,1600,900,240,2,Normal,,0,0
1729,R_BAPHOMET_,Baphomet Jr.,50,8578,1,0,0,487,590,15,25,1,75,55,1,93,45,Small,Demon,Dark,1,1,150,868,480,120,2,Normal,Detector,0,0
1730,R_DEVIRUCHI,Deviruchi,46,7360,1,0,0,475,560,10,25,1,69,40,55,87,30,Small,Demon,Dark,1,1,150,980,600,384,2,Normal,Detector,0,0
1731,G_DOPPELGANGER,Doppelganger,72,12000000,1,3000000,2000000,5000,10000,99,99,88,180,70,75,180,65,Large,Angel,Ghost,2,1,190,480,480,288,21,Boss,,1,0
1732,G_TREASURE_BOX,Treasure Chest,98,1,1,0,0,0,0,0,0,0,0,0,0,999,0,Small,Formless,Neutral,1,0,,0,0,0,06,Boss,,1,0
1733,KIEL,Kiehl,90,523000,1,36500,23405,1682,3311,28,32,100,112,76,89,156,102,Medium,Formless,Dark,2,3,140,1152,576,432,21,Boss,,0,0
1734,KIEL_,Kiel D-01,90,1523000,1,2356200,512602,3280,6560,28,32,100,130,30,160,199,180,Medium,Formless,Dark,2,3,130,1152,576,432,21,Boss,Mvp,8,3
1735,ALICEL,Alicel,75,37520,1,8890,5420,1800,2770,30,30,50,58,50,51,92,40,Medium,Demon,Neutral,3,2,250,1080,480,504,13,Normal,Detector,8,0
1736,ALIOT,Aliot,75,48290,1,13020,4006,950,2470,35,15,50,32,87,12,68,19,Medium,Demon,Neutral,3,2,200,1296,432,360,13,Normal,Detector,8,0
1737,ALIZA,Aliza,69,19000,1,6583,3400,750,1100,8,5,74,74,52,35,110,140,Medium,Demihuman,Neutral,3,1,220,1440,576,600,17,Normal,,8,0
1738,CONSTANT,Constant,55,10000,1,3230,116,460,580,12,12,50,28,26,47,66,14,Small,Formless,Dark,3,1,150,720,360,360,4,Normal,,5,0
1739,G_ALICEL,Alicel,75,37520,1,0,0,1600,2570,30,30,50,60,50,51,92,40,Medium,Demon,Neutral,3,2,150,1080,480,504,13,Normal,Detector,1,0
1740,G_ALIOT,Aliot,75,43290,1,0,0,950,2070,35,15,50,32,87,12,68,19,Medium,Demon,Neutral,3,2,150,1296,432,360,13,Normal,Detector,1,0
1741,G_COOKIE_XMAS,Christmas Cookie,28,2090,1,0,0,140,170,0,50,1,24,30,53,45,100,Small,Demihuman,Holy,2,1,400,1248,1248,240,4,Normal,,0,0
1742,G_CARAT,Carat,51,5200,1,0,0,330,417,0,25,1,41,45,5,85,155,Medium,Demon,Wind,2,1,200,1078,768,384,4,Normal,Detector,0,0
1743,G_MYSTCASE,Myst Case,38,3450,1,0,0,160,360,5,10,65,50,25,5,48,75,Medium,Formless,Neutral,3,1,400,1248,1248,432,4,Normal,,0,0
1744,G_WILD_ROSE,Wild Rose,38,2980,1,0,0,315,360,0,15,65,85,15,35,65,80,Small,Brute,Wind,1,1,100,964,864,288,4,Normal,,0,0
1745,G_CONSTANT,Constant,55,1000,1,0,0,460,580,12,12,50,28,26,47,66,14,Small,Demon,Dark,3,1,110,720,360,360,5,Normal,Detector,1,0
1746,G_ALIZA,Aliza,69,15000,1,0,0,750,1100,8,5,74,74,52,35,110,140,Medium,Demihuman,Neutral,3,1,200,1440,576,600,4,Normal,,1,0
1747,G_SNAKE,Boa,15,471,1,0,0,46,55,0,0,1,15,15,10,35,5,Medium,Brute,Earth,1,1,200,1576,576,576,4,Normal,,0,0
1748,G_ANACONDAQ,Anacondaq,23,1109,1,0,0,124,157,0,0,1,23,28,10,36,5,Medium,Brute,Poison,1,1,200,1576,576,576,4,Normal,,0,0
1749,G_MEDUSA,Medusa,79,22408,1,0,0,827,1100,48,38,1,74,50,57,77,69,Medium,Demon,Neutral,2,1,180,1720,1320,360,4,Normal,Detector,0,0
1750,G_RED_PLANT,Red Plant,1,100,1,0,0,100,200,100,99,0,0,0,0,0,100,Small,Plant,Earth,1,1,1000,1,1,1,06,Normal,"IgnoreMagic, IgnoreMelee, IgnoreMisc, IgnoreRanged",0,0
1751,RANDGRIS,Valkyrie Randgris,99,3567200,1,2854900,3114520,5560,9980,25,42,100,120,30,120,220,210,Large,Angel,Holy,4,3,100,576,576,480,21,Boss,Mvp,7,3
1752,SKOGUL,Skogul,70,87544,1,27620,10,1110,1930,20,15,1,69,70,50,67,52,Medium,Demon,Dark,3,2,190,720,384,480,20,Normal,Detector,8,0
1753,FRUS,Frus,69,83422,1,20620,10,1110,1780,20,15,1,69,60,50,76,52,Medium,Demon,Dark,3,2,150,480,576,432,20,Normal,Detector,7,0
1754,SKEGGIOLD,Skeggiold,81,295200,1,91100,10,1400,2020,12,24,80,100,50,72,90,50,Small,Angel,Holy,2,1,250,672,780,480,21,Boss,,8,0
1755,SKEGGIOLD_,Skeggiold,83,315200,1,99200,10,1600,2050,15,24,80,120,60,85,98,80,Small,Angel,Holy,2,1,250,672,780,480,21,Boss,,8,0
1756,G_HYDRO,Hydrolancer,89,308230,1,0,0,2554,3910,52,62,1,96,110,86,94,32,Large,Dragon,Dark,2,3,160,140,672,432,4,Boss,,0,0
1757,G_ACIDUS,Acidus,80,51112,1,0,0,1289,2109,39,69,1,71,55,135,103,69,Large,Dragon,Holy,2,2,170,168,1008,300,4,Normal,,0,0
1758,G_FERUS,Ferus,70,29218,1,0,0,1056,1496,34,45,1,78,45,72,81,73,Large,Dragon,Fire,2,2,100,108,576,432,4,Normal,,0,0
1759,G_ACIDUS_,Acidus,76,39111,1,0,0,1180,2000,31,47,1,78,31,93,88,52,Large,Dragon,Wind,2,2,180,168,768,360,4,Normal,,0,0
1760,G_FERUS_,Ferus,69,21182,1,0,0,930,1170,24,38,1,66,77,60,79,35,Large,Dragon,Earth,2,2,120,108,576,432,4,Normal,,0,0
1761,G_SKOGUL,Skogul,70,57544,1,0,0,1110,1930,20,15,1,69,70,50,67,52,Medium,Demon,Dark,3,2,170,720,384,480,4,Normal,Detector,1,0
1762,G_FRUS,Frus,69,53422,1,0,0,1110,1780,20,15,1,69,60,50,76,52,Medium,Demon,Dark,3,2,130,480,576,432,4,Normal,Detector,1,0
1763,G_SKEGGIOLD,Skeggiold,81,100200,1,0,0,1400,3410,12,24,80,100,50,72,90,50,Small,Angel,Holy,2,1,200,672,780,480,4,Boss,,1,0
1764,G_SKEGGIOLD_,Skeggiold,83,103000,1,0,0,1600,4110,15,24,80,120,60,85,98,80,Small,Angel,Holy,2,1,200,672,780,480,4,Boss,,1,0
1765,G_RANDGRIS,Valkyrie,99,1567200,1,10000,10000,5560,9980,25,42,100,120,80,120,220,210,Large,Angel,Holy,4,3,100,576,576,480,21,Boss,,3,0
1766,EM_ANGELING,Angeling,99,128430,1,0,0,60,71,40,50,1,17,80,80,126,20,Small,Angel,Holy,3,1,300,1288,288,384,21,Boss,Mvp,0,3
1767,EM_DEVILING,Deviling,99,128430,1,0,0,60,71,40,50,1,17,80,80,126,20,Small,Angel,Holy,3,1,300,1288,288,384,21,Boss,Mvp,0,3
1768,GLOOMUNDERNIGHT,Gloom Under Night,89,2298000,1,962175,276445,5880,9516,10,20,100,115,98,78,111,50,Large,Formless,Ghost,3,3,200,1344,2880,576,21,Boss,Mvp,7,3
1769,AGAV,Agav,73,29620,1,9780,6622,103,1109,15,35,1,32,27,132,69,15,Medium,Demihuman,Neutral,4,1,300,768,360,360,20,Normal,,7,0
1770,ECHIO,Echio,69,34900,1,13560,4300,750,1800,33,11,74,74,52,35,59,56,Medium,Demihuman,Neutral,4,1,250,768,360,360,20,Normal,,8,0
1771,VANBERK,Vanberk,59,9988,1,4203,901,230,660,24,6,69,66,39,29,51,41,Medium,Demihuman,Neutral,4,1,250,768,360,360,4,Normal,,7,0
1772,ISILLA,Isilla,62,8297,1,3001,3001,89,733,11,19,1,28,12,97,57,12,Medium,Demihuman,Neutral,4,1,300,768,360,432,4,Normal,,7,0
1773,HODREMLIN,Hodremlin,61,12180,1,6782,2022,845,1678,29,25,80,41,81,56,62,11,Medium,Demon,Dark,3,1,140,960,528,432,4,Normal,Detector,8,0
1774,SEEKER,Seeker,65,10090,1,5671,4278,723,852,17,30,60,52,34,143,107,27,Small,Formless,Wind,3,6,190,576,432,300,20,Normal,,7,0
1775,SNOWIER,Snowier,60,19230,1,5882,2699,770,1347,22,12,73,46,72,15,52,25,Large,Formless,Water,2,2,220,936,1020,420,4,Normal,,8,0
1776,SIROMA,Siroma,42,6800,1,2230,1005,220,440,12,8,33,23,52,11,40,19,Small,Formless,Water,3,1,180,432,648,240,2,Normal,,5,0
1777,ICE_TITAN,Ice Titan,60,38200,1,13872,7928,1090,1570,71,15,99,34,88,10,79,29,Large,Formless,Water,3,1,250,861,660,144,4,Normal,,7,0
1778,GAZETI,Gazeti,55,12300,1,5758,2075,512,612,65,25,1,12,20,60,101,5,Medium,Demon,Water,1,10,190,576,370,270,20,Normal,Detector,5,0
1779,KTULLANUX,Ktullanux,98,4417000,1,2720050,1120020,1680,10360,40,42,85,126,30,125,177,112,Large,Brute,Water,4,3,400,432,840,216,21,Boss,Mvp,7,3
1780,MUSCIPULAR,Muscipular,57,4332,1,1706,1706,521,726,12,12,1,53,39,25,92,51,Medium,Plant,Earth,1,3,1000,672,648,360,10,Normal,,7,0
1781,DROSERA,Drosera,46,7221,1,2612,1022,389,589,10,13,1,30,27,17,76,41,Medium,Plant,Earth,1,7,1000,864,576,336,10,Normal,,7,0
1782,ROWEEN,Roween,31,5716,1,1669,1266,298,377,0,7,51,39,48,18,67,19,Medium,Brute,Wind,1,1,200,412,840,300,7,Normal,,5,0
1783,GALION,Galion,44,32240,1,10020,3368,336,441,11,12,51,52,59,25,72,32,Medium,Brute,Wind,2,1,150,864,624,360,7,Boss,,5,0
1784,STAPO,Stapo,23,666,1,332,221,135,370,90,5,12,11,15,12,23,1,Small,Formless,Earth,2,1,300,936,792,432,2,Normal,,7,0
1785,ATROCE,Atroce,82,1008420,1,295550,118895,2526,3646,25,25,100,87,30,49,89,72,Large,Brute,Dark,3,2,150,576,600,240,21,Boss,Mvp,8,3
1786,G_AGAV,Agav,73,25620,1,0,0,103,909,15,35,1,32,27,132,69,15,Medium,Demihuman,Neutral,2,1,300,768,360,360,20,Normal,,1,0
1787,G_ECHIO,Echio,69,36900,1,0,0,750,1500,33,11,74,74,52,35,59,56,Medium,Demihuman,Neutral,2,1,250,768,360,360,20,Normal,,1,0
1788,G_ICE_TITAN,Ice Titan,60,32900,1,0,0,1090,1570,71,15,99,34,88,10,79,29,Large,Formless,Water,3,1,250,861,660,144,20,Normal,,1,0
1789,ICEICLE,Iceicle,38,10,1,5,5,241,1082,0,10,1,10,10,10,172,5,Small,Formless,Water,2,3,1000,1344,0,0,10,Normal,,8,0
1790,G_RAFFLESIA,Rafflesia,17,1333,1,0,0,105,127,0,2,1,18,24,11,37,10,Small,Plant,Earth,1,3,150,512,528,240,4,Normal,,3,0
1791,G_GALION,Galion,44,32240,1,0,0,336,441,11,12,51,52,59,25,72,32,Medium,Brute,Wind,2,1,150,864,624,360,7,Boss,,0,0
1792,SOCCER_BALL,Soccer Ball,1,1000,1,0,0,0,0,127,99,0,0,0,0,0,0,Small,Formless,Neutral,1,0,1000,96,96,96,06,Normal,"IgnoreMagic, IgnoreMelee, IgnoreMisc, IgnoreRanged",0,0
1793,G_MEGALITH,Megalith,45,5300,1,0,0,264,314,50,25,1,45,60,5,95,5,Large,Formless,Neutral,4,9,200,1332,1332,672,21,Normal,,0,0
1794,G_ROWEEN,Roween,31,5716,1,0,0,298,377,0,7,51,39,48,18,67,19,Medium,Brute,Wind,1,1,200,412,840,300,20,Normal,,0,0
1795,BLOODY_KNIGHT_,Bloody Knight,82,800000,1,0,0,10000,30000,60,60,88,121,100,100,125,55,Large,Angel,Ghost,1,3,250,828,528,192,21,Boss,,8,0
1796,AUNOE,Aunoe,62,21297,1,4102,4102,89,733,11,19,1,28,12,97,57,12,Medium,Demihuman,Neutral,4,1,250,768,432,360,20,Normal,,7,0
1797,FANAT,Fanat,62,21297,1,4102,4102,89,733,11,19,1,28,12,97,57,12,Medium,Demihuman,Neutral,4,1,250,768,432,360,21,Normal,,6,0
1798,TREASURE_BOX_,Treasure Chest,99,1,1,0,0,0,0,0,0,0,0,0,0,999,0,Small,Formless,Neutral,1,0,,0,0,0,06,Boss,,1,0
1799,G_SEYREN_,Lord Knight Seyren,99,347590,1,18000,10000,4238,5040,72,37,120,110,81,65,130,52,Medium,Demihuman,Fire,4,1,100,76,384,288,21,Boss,,1,0
1800,G_EREMES_,Assassin Cross Eremes,99,211230,1,18000,10000,3189,5289,27,39,90,181,62,37,122,60,Medium,Demihuman,Poison,4,1,100,76,384,288,21,Boss,,1,0
1801,G_HARWORD_,Mastersmith Howard,99,310000,1,18000,10000,4822,5033,66,36,100,73,112,35,136,60,Medium,Demihuman,Water,4,1,100,76,384,288,21,Boss,,1,0
1802,G_MAGALETA_,High Priest Margaretha,99,182910,1,18000,10000,1688,2580,35,78,1,84,64,182,92,100,Medium,Demihuman,Holy,4,1,125,1152,384,288,21,Boss,,1,0
1803,G_SHECIL_,Sniper Cecil,99,209000,1,18000,10000,1892,5113,22,35,1,180,39,67,193,130,Medium,Demihuman,Wind,4,14,100,76,384,288,20,Boss,,1,0
1804,G_KATRINN_,High Wizard Kathryne,99,189920,1,18000,10000,497,2094,10,88,1,89,42,223,128,93,Medium,Demihuman,Ghost,3,1,150,1152,384,288,21,Boss,,1,0
1805,B_SEYREN_,Lord Knight Seyren,99,1647590,1,4835600,1569970,7238,11040,72,37,120,110,81,65,130,52,Medium,Demihuman,Fire,4,1,100,76,384,288,21,Boss,,1,0
1806,B_EREMES_,Assassin Cross Eremes,99,1411230,1,4083400,1592380,4189,8289,37,39,90,181,62,37,122,60,Medium,Demihuman,Poison,4,1,100,76,384,288,21,Boss,,1,0
1807,B_HARWORD_,Mastersmith Howard,99,1460000,1,4002340,1421000,7822,8251,66,36,100,73,112,35,136,60,Medium,Demihuman,Earth,4,1,100,76,384,288,21,Boss,,1,0
1808,B_MAGALETA_,High Priest Margaretha,99,1092910,1,4257000,1318800,4688,5580,35,78,1,84,64,182,92,100,Medium,Demihuman,Holy,4,1,125,1152,384,288,21,Boss,,1,0
1809,B_SHECIL_,Sniper Cecil,99,1349000,1,4093000,1526000,4892,9113,22,35,1,180,39,67,193,130,Medium,Demihuman,Wind,4,14,100,76,384,288,21,Boss,,1,0
1810,B_KATRINN_,High Wizard Kathryne,99,1069920,1,4008200,1636700,1197,4394,10,88,1,89,42,223,128,93,Medium,Demihuman,Ghost,3,1,150,1152,384,288,21,Boss,,1,0
1811,G_SMOKIE_,Bandit,18,641,1,0,0,61,72,0,10,1,18,36,25,26,35,Small,Brute,Earth,1,1,200,1576,576,420,17,Normal,,5,0
1812,EVENT_LUDE,Delightful Lude,99,15,1,0,0,0,0,100,99,1,1,1,1,999,1,Small,Formless,Neutral,1,0,190,890,960,480,06,Boss,"IgnoreMagic, IgnoreMelee, IgnoreMisc, IgnoreRanged",4,0
1813,EVENT_HYDRO,Hydrolancer,99,1880000,1,4000000,2000000,15000,47767,60,55,1,142,200,250,189,32,Large,Angel,Ghost,1,3,100,972,672,432,21,Boss,,6,0
1814,EVENT_MOON,Moonlight Flower,80,30000,1,30000,30000,500,800,50,50,1,35,45,112,69,93,Medium,Brute,Fire,3,1,150,1276,576,288,21,Boss,,0,0
1815,EVENT_RICECAKE,Rice Cake,12,20,1,0,0,1,2,100,99,1,1,1,1,1,1,Medium,Formless,Neutral,1,1,1000,1320,0,300,06,Boss,"IgnoreMagic, IgnoreMelee, IgnoreMisc, IgnoreRanged",8,0
1816,EVENT_GOURD,Gourd,12,1000,1,0,0,1,2,100,99,1,1,1,1,1,1,Medium,Formless,Neutral,1,1,1000,96,96,96,06,Boss,"IgnoreMagic, IgnoreMelee, IgnoreMisc, IgnoreRanged",1,0
1817,EVENT_DETALE,Detarderous,99,8880000,1,4500000,2500000,32767,65534,65,65,1,142,200,250,189,50,Large,Angel,Ghost,2,3,100,972,936,360,21,Boss,,6,0
1818,EVENT_ALARM,Alarm,58,10647,1,0,0,1,2,15,15,1,62,72,10,85,45,Medium,Formless,Neutral,3,0,1000,1020,500,768,21,Normal,,1,0
1819,EVENT_BATHORY,Bathory,44,5415,1,0,0,198,398,0,60,1,76,24,85,65,15,Medium,Demihuman,Dark,1,1,100,1504,840,900,21,Normal,,1,0
1820,EVENT_BIGFOOT,Bigfoot,25,1619,1,0,0,198,220,10,0,1,25,55,15,20,25,Large,Brute,Earth,1,1,300,1260,192,192,17,Normal,,1,0
1821,EVENT_DESERT_WOLF,Desert Wolf,27,1716,1,0,0,169,208,0,10,56,27,45,15,56,10,Medium,Brute,Fire,1,1,200,1120,420,288,13,Normal,,1,0
1822,EVENT_DEVIRUCHI,Deviruchi,46,6666,1,0,0,475,560,10,25,1,69,40,55,70,30,Small,Demon,Dark,1,1,150,980,600,384,21,Normal,Detector,1,0
1823,EVENT_FREEZER,Freezer,72,8636,1,0,0,671,983,55,43,69,41,59,5,67,100,Medium,Brute,Water,2,2,250,1452,483,528,21,Normal,,1,0
1824,EVENT_GARM_BABY,Baby Hatii,61,20199,1,0,0,680,1179,34,13,45,30,56,55,85,30,Medium,Brute,Water,2,1,450,879,672,576,4,Normal,,1,0
1825,EVENT_GOBLINE_XMAS,Christmas Goblin,25,1176,1,0,0,118,140,10,5,1,53,25,20,38,45,Medium,Demihuman,Wind,1,1,100,1120,620,240,21,Normal,,1,0
1826,EVENT_MYST,Myst,38,3745,1,0,0,365,445,0,40,1,38,18,0,53,10,Large,Formless,Poison,1,1,200,1576,576,384,21,Normal,,1,0
1827,EVENT_SASQUATCH,Sasquatch,30,3163,1,0,0,250,280,5,0,75,25,60,10,34,20,Large,Brute,Neutral,3,1,300,1260,192,192,21,Normal,,1,0
1828,EVENT_GULLINBURSTI,Gullinbrusti,20,20,1,0,0,59,72,100,99,1,14,14,0,19,15,Large,Brute,Earth,2,1,150,1960,960,384,17,Boss,"IgnoreMagic, IgnoreMelee, IgnoreMisc, IgnoreRanged",3,0
1829,SWORD_GUARDIAN,Sword Master,86,152533,1,155013,122604,7590,9140,60,33,110,40,54,65,125,65,Large,Demihuman,Neutral,4,2,170,140,384,288,21,Boss,,7,0
1830,BOW_GUARDIAN,Bow Master,80,80404,1,50149,23006,1840,2520,40,62,95,80,33,90,165,55,Large,Demihuman,Neutral,4,12,170,76,384,288,26,Boss,,6,0
1831,SALAMANDER,Salamander,91,97934,1,72000,55000,7590,10860,65,50,90,55,44,45,180,25,Large,Formless,Fire,3,2,160,140,384,288,21,Boss,,8,0
1832,IFRIT,Ifrit,99,7700000,1,3154321,3114520,13530,17000,40,50,120,180,25,190,199,50,Large,Formless,Fire,4,3,130,212,384,360,21,Boss,Mvp,8,3
1833,KASA,Kasa,85,80375,1,49000,38000,3030,3500,23,70,45,110,31,200,140,30,Large,Formless,Fire,3,2,150,800,600,288,21,Boss,,8,0
1834,G_SALAMANDER,Salamander,91,97934,1,0,0,9590,12860,65,60,90,55,44,45,180,25,Large,Formless,Fire,3,2,160,140,384,288,21,Boss,,0,0
1835,G_KASA,Kasa,85,80375,1,0,0,3030,3500,23,70,45,158,31,250,160,30,Large,Formless,Fire,3,2,150,800,600,288,21,Boss,,0,0
1836,MAGMARING,Magmaring,40,5300,1,2110,1910,550,700,25,24,40,60,30,10,60,17,Small,Formless,Fire,2,1,300,1472,384,288,2,Normal,,3,0
1837,IMP,Fire Imp,76,46430,1,25200,11077,1059,1509,27,50,37,76,30,150,99,10,Small,Demon,Fire,3,1,150,824,432,360,26,Normal,Detector,7,0
1838,KNOCKER,Knocker,50,7755,1,2202,4023,889,990,28,50,25,44,50,62,65,60,Small,Demon,Earth,1,1,200,1548,384,288,17,Normal,Detector,8,0
1839,BYORGUE,Byorgue,86,38133,1,19000,9500,1340,2590,20,13,25,80,12,30,70,10,Medium,Demihuman,Neutral,1,2,170,800,600,360,21,Boss,,8,0
1840,GOLDEN_SAVAGE,Golden Savage,99,500,1,1,1,500,700,100,99,0,1,1,50,120,1,Large,Brute,Earth,2,1,150,1960,480,384,1,Boss,"IgnoreMagic, IgnoreMelee, IgnoreMisc, IgnoreRanged",8,0
1841,G_SNAKE_,Snake Lord's Minion,15,10,1,1,1,46,55,100,99,1,15,15,10,35,5,Medium,Brute,Earth,1,1,200,1576,576,576,1,Boss,"IgnoreMagic, IgnoreMelee, IgnoreMisc, IgnoreRanged",3,0
1842,G_ANACONDAQ_,Snake Lord's Minion,23,15,1,1,1,124,157,100,99,1,23,28,10,36,5,Medium,Brute,Poison,1,1,200,1576,576,576,17,Boss,"IgnoreMagic, IgnoreMelee, IgnoreMisc, IgnoreRanged",3,0
1843,G_SIDE_WINDER_,Snake Lord's Minion,43,18,1,1,1,240,320,100,99,38,43,40,15,115,20,Medium,Brute,Poison,1,1,200,1576,576,576,09,Boss,"IgnoreMagic, IgnoreMelee, IgnoreMisc, IgnoreRanged",3,0
1844,G_ISIS_,Snake Lord's Minion,47,25,1,1,1,423,507,100,99,38,65,43,50,66,15,Large,Demon,Dark,1,1,200,1384,768,336,09,Boss,"IgnoreMagic, IgnoreMelee, IgnoreMisc, IgnoreRanged",3,0
1845,G_TREASURE_BOX_,Treasure Box,98,1,1,0,0,0,0,0,0,0,0,0,0,999,0,Small,Formless,Neutral,1,0,,0,0,0,06,Boss,,8,0
1846,DREAMMETAL,Dream Metal,90,999,1,1,1,1,2,100,99,1,1,1,1,1,1,Small,Formless,Holy,1,1,300,1288,288,384,06,Boss,,1,0
1847,EVENT_PORING,Poring,98,10000000,1,1000000,1000000,15000,20000,60,60,1,60,120,120,160,30,Medium,Angel,Ghost,1,1,100,76,672,480,21,Boss,,0,0
1848,EVENT_BAPHOMET,Baphomet,50,45000,1,1000,1000,1500,3000,10,10,1,60,15,15,160,30,Large,Demon,Dark,3,2,100,768,768,576,21,Boss,,0,0
1849,EVENT_OSIRIS,Osiris,60,125000,1,2000,2000,3500,5000,20,20,1,60,25,25,160,30,Medium,Undead,Undead,4,1,100,1072,672,384,21,Boss,,0,0
1850,EVENT_ORCHERO,Orc Hero,50,175000,1,3000,3000,4000,5500,25,45,1,60,35,80,160,30,Large,Demihuman,Earth,4,1,150,1678,780,648,21,Boss,,0,0
1851,EVENT_MOBSTER,Mobster,61,7991,1,2,2,500,1000,45,35,76,46,20,35,76,55,Medium,Demihuman,Neutral,1,1,250,1100,560,580,21,Boss,,0,0
1852,G_EM_ANGELING,Angeling,99,120,1,0,0,60,71,100,99,1,17,80,80,126,20,Small,Angel,Holy,3,1,300,1288,288,384,21,Boss,,0,0
1853,G_EM_DEVILING,Deviling,99,120,1,0,0,60,71,100,99,1,17,80,80,126,20,Small,Angel,Holy,3,1,300,1288,288,384,21,Boss,,0,0
1854,E_MUKA,Muka,17,610,1,273,120,40,49,5,5,15,15,30,5,20,10,Large,Plant,Earth,1,1,300,1960,960,384,2,Normal,,8,0
1855,E_POISONSPORE,Poison Spore,19,665,1,186,93,89,101,0,0,1,19,25,0,24,0,Medium,Plant,Poison,1,1,200,1672,672,288,4,Normal,,8,0
1856,E_MAGNOLIA,Magnolia,26,3195,1,393,248,120,151,5,30,1,26,26,0,39,5,Small,Demon,Water,1,1,250,1560,360,360,2,Normal,Detector,8,0
1857,E_MARIN,Marin,15,742,1,66,44,39,43,0,10,1,10,10,5,35,15,Medium,Plant,Water,2,1,400,1872,672,480,1,Normal,,8,0
1858,E_PLANKTON,Plankton,10,354,1,23,18,26,31,0,5,1,10,10,0,15,0,Small,Plant,Water,3,1,400,2208,1008,324,1,Normal,,8,0
1859,E_MANDRAGORA,Mandragora,12,405,1,45,32,26,35,0,25,1,12,24,0,36,15,Medium,Plant,Earth,3,4,1000,1768,768,576,10,Normal,,8,0
1860,E_COCO,Coco,17,817,1,120,78,56,67,0,0,24,17,34,20,24,10,Small,Brute,Earth,1,1,150,1864,864,1008,17,Normal,,8,0
1861,E_CHOCO,Choco,43,4278,1,1265,1265,315,402,5,5,65,68,55,45,65,25,Small,Brute,Fire,1,1,200,1500,500,1000,09,Normal,,8,0
1862,E_MARTIN,Martin,18,1109,1,134,86,52,63,0,5,12,18,30,15,15,5,Small,Brute,Earth,2,1,300,1480,480,480,1,Normal,,8,0
1863,E_SPRING_RABBIT,Spring Rabbit,25,4500,1,0,0,292,406,14,10,20,15,15,5,15,5,Medium,Brute,Earth,2,1,160,1120,552,511,2,Normal,,3,0
1864,ZOMBIE_SLAUGHTER,Zombie Slaughter,77,43000,1,12000,8500,1055,1655,35,45,1,30,50,1,75,35,Medium,Undead,Undead,3,1,200,676,648,432,21,Normal,,6,0
1865,RAGGED_ZOMBIE,Ragged Zombie,75,25000,1,8500,5500,1200,1500,25,35,1,77,25,10,101,50,Medium,Undead,Undead,3,9,150,1960,576,420,26,Normal,,7,0
1866,HELL_POODLE,Hell Poodle,71,9000,1,4000,3000,400,600,35,20,5,26,14,5,39,10,Small,Demon,Dark,1,1,140,824,432,360,21,Normal,Detector,8,0
1867,BANSHEE,Banshee,81,35111,1,17000,12000,1666,2609,30,55,30,74,1,120,75,1,Medium,Demon,Dark,2,1,150,576,504,504,21,Normal,Detector,7,0
1868,G_BANSHEE,Banshee,81,35111,1,0,0,1666,2609,30,55,30,74,1,120,120,1,Medium,Demon,Dark,2,1,150,576,504,504,21,Normal,Detector,0,0
1869,FLAME_SKULL,Flame Skull,60,10080,1,3000,2600,100,1200,20,40,50,100,30,40,140,110,Small,Demon,Ghost,3,1,150,972,648,432,09,Normal,Detector,5,0
1870,NECROMANCER,Necromancer,88,98000,1,45000,35000,3500,4000,0,40,1,50,1,190,166,10,Medium,Undead,Undead,4,1,150,1816,1320,420,21,Boss,,8,0
1871,FALLINGBISHOP,Fallen Bishop Hibram,80,3333333,1,1111111,1111111,3220,5040,50,0,1,80,15,126,120,20,Medium,Demon,Dark,2,1,150,432,1152,360,21,Boss,Mvp,7,3
1872,BEELZEBUB_FLY,Hell Fly,66,500000,1,0,0,1200,2000,25,15,33,105,60,15,72,30,Small,Insect,Wind,4,1,100,676,576,480,26,Boss,,0,0
1873,BEELZEBUB,Beelzebub,98,6666666,1,0,0,4100,4960,40,35,6,110,200,250,120,66,Small,Demon,Ghost,4,1,100,100,576,480,21,Boss,,0,0
1874,BEELZEBUB_,Beelzebub,98,6666666,1,6666666,6666666,10000,13410,40,40,6,110,200,250,166,66,Large,Demon,Ghost,4,2,100,212,504,432,21,Boss,Mvp,8,3
1875,TRISTAN_3RD,Dead King,80,43000,1,1,1,1366,1626,25,30,5,10,10,69,70,1,Medium,Undead,Undead,4,2,175,1816,1152,360,21,Normal,,2,0
1876,E_LORD_OF_DEATH,Lord of the Dead,99,99000000,1,131343,43345,3430,4232,75,73,120,120,120,169,150,106,Large,Demon,Dark,3,3,180,1446,1296,360,21,Boss,,0,0
1877,CRYSTAL_5,Crystal,1,15,1,0,0,0,0,100,99,1,1,1,1,999,1,Small,Formless,Neutral,1,0,190,0,0,0,25,Boss,"IgnoreMagic, IgnoreMelee, IgnoreMisc, IgnoreRanged",2,0
1878,E_SHINING_PLANT,Shining Plant,1,20,1,0,0,1,2,100,99,0,0,0,0,0,90,Small,Plant,Holy,1,1,1000,1,1,1,06,Normal,"IgnoreMagic, IgnoreMelee, IgnoreMisc, IgnoreRanged",6,0
1879,ECLIPSE_P,Eclipse,6,1800,1,0,0,20,26,0,40,1,36,6,0,11,80,Medium,Brute,Neutral,3,1,200,1456,456,336,21,Boss,,0,0
1880,WOOD_GOBLIN,Wood Goblin,42,6982,1,2201,1552,600,620,32,3,1,5,45,45,55,155,Medium,Plant,Earth,3,1,320,2304,840,360,1,Normal,,7,0
1881,LES,Les,39,3080,1,1521,912,102,113,0,17,1,33,12,32,52,38,Medium,Plant,Earth,4,1,230,1728,720,576,3,Normal,,7,0
1882,VAVAYAGA,Baba Yaga,49,7444,1,2583,2583,255,387,4,29,1,76,24,88,55,18,Medium,Demihuman,Water,1,2,270,1536,600,420,4,Normal,,7,0
1883,UZHAS,Uzhas,61,13707,1,4002,3003,293,960,11,34,1,33,19,72,75,77,Medium,Demihuman,Water,3,1,200,576,672,384,4,Normal,,7,0
1884,MAVKA,Mavka,63,19200,1,8301,6353,589,623,32,19,1,42,55,35,89,177,Medium,Plant,Earth,3,7,170,1536,504,360,4,Normal,,7,0
1885,GOPINICH,Gopinich,85,299321,1,45250,16445,1868,6124,20,42,50,65,55,103,152,35,Large,Brute,Earth,3,3,150,1536,864,432,21,Boss,Mvp,7,3
1886,G_MAVKA,Mavka,63,19200,1,0,0,589,623,32,19,1,42,55,35,89,177,Medium,Plant,Earth,3,7,170,1536,504,360,4,Normal,,0,0
1887,FREEZER_R,Freezer,72,8636,1,0,0,671,983,55,43,69,41,59,5,67,100,Medium,Brute,Water,2,2,250,1452,483,528,21,Normal,,2,0
1888,GARM_BABY_R,Baby Hatii,61,15199,1,100,100,680,1580,24,13,45,30,36,55,85,30,Medium,Brute,Water,2,1,450,879,672,576,4,Normal,,1,0
1889,GARM_R,Marozka's Guard,73,100000,1,1000,1000,900,2200,20,23,85,126,10,50,95,60,Large,Brute,Water,4,3,400,608,408,336,21,Boss,,2,0
1890,GOPINICH_R,The Immortal Koshei,85,299321,1,1000,1000,1868,6124,20,42,50,65,55,50,152,35,Large,Brute,Earth,3,3,150,1536,864,432,20,Normal,,0,0
1891,G_RANDGRIS_,Valkyrie,99,1567200,1,0,0,5560,9980,25,42,100,120,80,120,220,210,Large,Angel,Holy,4,3,100,576,576,480,21,Boss,,0,0
1892,G_LOLI_RURI,Lolo Ruri,71,23470,1,0,0,1476,2317,39,44,0,66,54,74,81,43,Large,Demon,Dark,4,2,125,747,1632,576,4,Normal,Detector,0,0
1893,G_KNIGHT_OF_ABYSS,Abysmal Knight,79,36140,1,0,0,1600,2150,55,50,66,68,64,25,135,50,Large,Demihuman,Dark,4,1,300,1500,500,1000,21,Normal,,0,0
1894,POURING,Pouring,50,100000,1,0,0,550,1450,20,50,45,30,36,55,85,30,Small,Plant,Ghost,3,1,300,1672,672,480,7,Boss,,1,0
1895,EVENT_SEYREN,Seyren Windsor,91,88402,1,0,0,2100,2530,63,12,90,89,72,20,99,25,Medium,Demon,Fire,3,1,170,76,384,288,20,Normal,,0,0
1896,EVENT_KATRINN,Kathryne Keyron,92,47280,1,0,0,497,1697,10,74,1,5,77,180,110,39,Medium,Demihuman,Ghost,3,1,150,1152,384,288,20,Normal,,0,0
1897,EVENT_BAPHOMET_,Baphomet,81,668000,1,0,0,3220,4040,35,45,1,152,30,85,120,95,Large,Demon,Dark,3,2,100,768,768,576,21,Boss,,0,0
1898,EVENT_ZOMBIE,Zombie,12,434,1,0,0,67,79,0,10,1,1,1,1,1,1,Medium,Undead,Undead,1,1,400,2612,912,288,4,Normal,,1,0
1899,SWORD_GUARDIAN_,Sword Guardian,86,152533,1,0,0,7590,9140,60,33,110,40,54,65,125,65,Large,Demihuman,Neutral,4,2,170,140,384,288,12,Boss,,0,0
1901,E_CONDOR,Condor,5,8000,1,100,100,200,400,10,15,1,13,10,25,95,10,Small,Angel,Holy,1,1,150,1148,648,480,3,Normal,,1,0
1902,E_TREASURE1,Treasure Box,99,49,1,0,0,0,0,100,0,0,0,0,0,999,0,Small,Formless,Holy,1,0,,0,0,0,06,Boss,,1,0
1903,E_TREASURE2,Treasure Box,99,49,1,0,0,0,0,100,0,0,0,0,0,999,0,Small,Formless,Holy,1,0,,0,0,0,06,Boss,,1,0
1904,BOMBPORING,Bomb Poring,28,1000000,1,461,284,120,320,100,99,1,28,28,0,33,50,Small,Formless,Neutral,1,1,300,1672,672,480,13,Boss,"IgnoreMagic, IgnoreMelee, IgnoreMisc, IgnoreRanged",0,0
1905,BARRICADE,Barricade,98,120000,1,0,0,0,0,0,0,1,17,1,80,126,20,Large,Formless,Neutral,1,1,300,1288,288,384,06,Boss,,0,0
1906,BARRICADE_,Barricade,98,150,1,0,0,0,0,100,99,1,17,1,80,126,20,Large,Formless,Neutral,1,1,300,1288,288,384,06,Boss,"IgnoreMagic, IgnoreMelee, IgnoreMisc, IgnoreRanged",0,0
1907,S_EMPEL_1,Guardian Stone,90,120000,1,0,0,1,2,40,50,1,1,1,1,1,1,Small,Formless,Neutral,1,0,300,1288,288,384,06,Boss,,0,0
1908,S_EMPEL_2,Guardian Stone,90,120000,1,0,0,1,2,40,50,1,1,1,1,1,1,Small,Formless,Neutral,1,0,300,1288,288,384,06,Boss,,0,0
1909,OBJ_A,Food Storage,90,250,1,0,0,1,2,100,99,1,1,1,1,1,1,Large,Formless,Neutral,1,0,300,1288,288,384,06,Battlefield,"IgnoreMagic, IgnoreMelee, IgnoreMisc, IgnoreRanged",0,0
1910,OBJ_B,Food Depot,90,250,1,0,0,1,2,100,99,1,1,1,1,1,1,Large,Formless,Neutral,1,0,300,1288,288,384,06,Battlefield,"IgnoreMagic, IgnoreMelee, IgnoreMisc, IgnoreRanged",0,0
1911,OBJ_NEUTRAL,Neutrality Flag,90,150,1,0,0,1,2,100,99,1,1,1,1,1,1,Large,Formless,Neutral,1,0,300,1288,288,384,06,Battlefield,"IgnoreMagic, IgnoreMelee, IgnoreMisc, IgnoreRanged",0,0
1912,OBJ_FLAG_A,Lion Flag,90,150,1,0,0,1,2,100,99,1,1,1,1,1,1,Large,Formless,Neutral,1,0,300,1288,288,384,06,Battlefield,"IgnoreMagic, IgnoreMelee, IgnoreMisc, IgnoreRanged",0,0
1913,OBJ_FLAG_B,Eagle Flag,90,150,1,0,0,1,2,100,99,1,1,1,1,1,1,Large,Formless,Neutral,1,0,300,1288,288,384,06,Battlefield,"IgnoreMagic, IgnoreMelee, IgnoreMisc, IgnoreRanged",0,0
1914,OBJ_A2,Blue Crystal,90,250,1,0,0,1,2,100,99,1,1,1,1,1,1,Large,Formless,Neutral,1,0,300,1288,288,384,06,Battlefield,"IgnoreMagic, IgnoreMelee, IgnoreMisc, IgnoreRanged",0,0
1915,OBJ_B2,Pink Crystal,90,250,1,0,0,1,2,100,99,1,1,1,1,1,1,Large,Formless,Neutral,1,0,300,1288,288,384,06,Battlefield,"IgnoreMagic, IgnoreMelee, IgnoreMisc, IgnoreRanged",0,0
1916,MOROCC,Satan Morocc,99,8388607,1,6700000,4500000,32000,32001,29,65,140,160,30,250,180,50,Large,Demon,Dark,4,2,100,76,540,432,21,Boss,,0,0
1917,MOROCC_,Wounded Morocc,99,8388607,1,3600000,3000000,15000,18000,29,65,140,160,30,250,180,40,Large,Demon,Dark,4,2,100,576,540,432,21,Boss,Mvp,6,3
1918,MOROCC_1,Incarnation of Morocc,97,190000,1,61000,140000,7000,8600,20,35,150,152,30,180,186,70,Large,Angel,Dark,1,1,110,576,540,432,21,Boss,,7,0
1919,MOROCC_2,Incarnation of Morocc,97,190000,1,65000,120000,3500,5100,20,5,120,83,20,10,166,50,Medium,Demon,Dark,3,1,150,576,540,432,21,Boss,,6,0
1920,MOROCC_3,Incarnation of Morocc,96,143000,1,50000,80000,3400,5000,15,37,40,200,20,60,100,37,Medium,Demon,Undead,3,2,150,212,540,432,21,Boss,,7,0
1921,MOROCC_4,Incarnation of Morocc,98,150000,1,51000,70000,3000,4025,18,54,60,60,30,220,125,20,Medium,Demon,Ghost,3,1,150,1536,540,432,21,Boss,,6,0
1922,G_MOROCC_1,Incarnation of Morocc,97,1200000,1,0,0,16000,16001,20,35,150,152,30,180,186,70,Large,Angel,Dark,1,1,110,576,540,432,21,Boss,,0,0
1923,G_MOROCC_2,Incarnation of Morocc,97,1200000,1,0,0,16000,16001,20,5,120,83,20,10,166,50,Medium,Demon,Dark,3,1,150,576,540,432,21,Boss,,0,0
1924,G_MOROCC_3,Incarnation of Morocc,96,1200000,1,0,0,16000,16001,15,37,40,200,20,60,100,37,Medium,Demon,Undead,3,2,150,212,540,432,21,Boss,,0,0
1925,G_MOROCC_4,Incarnation of Morocc,98,1200000,1,0,0,16000,16001,18,54,60,60,30,220,125,20,Medium,Demon,Ghost,3,1,150,1536,540,432,21,Boss,,0,0
1926,JAKK_H,Jakk,38,300,1,0,0,5,10,5,30,1,38,38,43,75,45,Medium,Formless,Fire,2,1,200,1180,480,648,21,Normal,,5,0
1927,WHISPER_H,Whisper,34,100,1,0,0,5,10,0,45,1,51,14,0,60,0,Small,Demon,Ghost,3,1,150,1960,960,504,09,Normal,Detector,2,0
1928,DEVIRUCHI_H,Deviruchi,46,500,1,0,0,5,10,10,25,1,69,40,55,70,30,Small,Demon,Dark,1,1,150,980,600,384,21,Normal,Detector,2,0
1929,BAPHOMET_I,Great Demon Baphomet,98,4520000,1,4520000,2520000,16000,16001,35,45,1,152,5,85,200,95,Large,Demon,Dark,3,2,100,768,768,576,21,Boss,,8,0
1930,PIAMETTE,Piamette,90,3000000,1,0,0,15000,20000,35,35,1,66,5,99,120,15,Small,Demihuman,Neutral,1,2,100,432,768,576,21,Boss,,0,0
1931,WISH_MAIDEN,Wish Maiden,98,3567200,1,0,0,32000,32001,25,42,100,120,30,120,220,210,Large,Angel,Ghost,1,3,100,576,576,480,21,Boss,,0,0
1932,GARDEN_KEEPER,Garden Keeper,80,100,1,0,0,1,2,100,99,1,1,1,1,1,1,Small,Formless,Earth,2,1,100,768,768,576,1,Boss,"IgnoreMagic, IgnoreMelee, IgnoreMisc, IgnoreRanged",1,0
1933,GARDEN_WATCHER,Garden Watcher,81,300000,1,0,0,1666,2609,55,55,30,74,56,126,145,114,Medium,Angel,Neutral,4,1,100,432,480,360,21,Boss,,0,0
1934,BLUE_FLOWER,Blue Flower,98,10000,1,0,0,1,2,100,99,1,1,1,1,1,1,Medium,Plant,Earth,1,0,100,768,768,576,06,Boss,"IgnoreMagic, IgnoreMelee, IgnoreMisc, IgnoreRanged",0,0
1935,RED_FLOWER,Red Flower,98,10000,1,0,0,1,2,100,99,1,1,1,1,1,1,Medium,Plant,Earth,1,0,100,768,768,576,06,Boss,"IgnoreMagic, IgnoreMelee, IgnoreMisc, IgnoreRanged",0,0
1936,YELL_FLOWER,Yellow Flower,98,10000,1,0,0,1,2,100,99,1,1,1,1,1,1,Medium,Plant,Earth,1,0,100,768,768,576,06,Boss,"IgnoreMagic, IgnoreMelee, IgnoreMisc, IgnoreRanged",0,0
1937,CONSTANT_,Constant,55,10000,1,0,0,460,580,12,12,50,28,26,47,66,14,Small,Formless,Dark,3,1,150,720,360,360,4,Normal,,0,0
1938,TREASURE_BOX41,Treasure Chest,99,1,1,0,0,0,0,0,0,0,0,0,0,999,0,Small,Formless,Neutral,1,0,,0,0,0,06,Boss,,8,0
1939,TREASURE_BOX42,Treasure Chest,99,1,1,0,0,0,0,0,0,0,0,0,0,999,0,Small,Formless,Neutral,1,0,,0,0,0,06,Boss,,8,0
1940,TREASURE_BOX43,Treasure Chest,99,1,1,0,0,0,0,0,0,0,0,0,0,999,0,Small,Formless,Neutral,1,0,,0,0,0,06,Boss,,8,0
1941,TREASURE_BOX44,Treasure Chest,99,1,1,0,0,0,0,0,0,0,0,0,0,999,0,Small,Formless,Neutral,1,0,,0,0,0,06,Boss,,8,0
1942,TREASURE_BOX45,Treasure Chest,99,1,1,0,0,0,0,0,0,0,0,0,0,999,0,Small,Formless,Neutral,1,0,,0,0,0,06,Boss,,8,0
1943,TREASURE_BOX46,Treasure Chest,99,1,1,0,0,0,0,0,0,0,0,0,0,999,0,Small,Formless,Neutral,1,0,,0,0,0,06,Boss,,8,0
1944,TREASURE_BOX47,Treasure Chest,99,1,1,0,0,0,0,0,0,0,0,0,0,999,0,Small,Formless,Neutral,1,0,,0,0,0,06,Boss,,8,0
1945,TREASURE_BOX48,Treasure Chest,99,1,1,0,0,0,0,0,0,0,0,0,0,999,0,Small,Formless,Neutral,1,0,,0,0,0,06,Boss,,8,0
1946,TREASURE_BOX49,Treasure Chest,99,1,1,0,0,0,0,0,0,0,0,0,0,999,0,Small,Formless,Neutral,1,0,,0,0,0,06,Boss,,8,0
1947,PIAMETTE_,Piamette,90,500000,1,0,0,5000,6000,35,35,1,66,5,99,120,15,Small,Demihuman,Neutral,1,2,100,432,768,576,21,Boss,,0,0
1948,G_YGNIZEM,Egnigem Cenia,58,11200,1,0,0,823,1212,35,8,60,35,52,18,79,20,Medium,Demihuman,Fire,2,1,145,576,432,288,4,Normal,,0,0
1949,B_S_GUARDIAN,Camp Guardian,86,457599,1,0,0,7590,9140,60,33,110,40,5,65,125,65,Large,Demihuman,Neutral,4,2,170,140,384,288,5,Boss,,0,0
1950,B_B_GUARDIAN,Camp Guardian,80,241212,1,0,0,1840,2520,40,62,95,80,5,90,165,55,Large,Demihuman,Neutral,4,12,170,76,384,288,5,Boss,,0,0
1951,CRYSTAL_6,Crystal,1,15,1,0,0,0,0,100,99,1,1,1,1,999,1,Small,Formless,Neutral,1,0,190,0,0,0,25,Boss,"IgnoreMagic, IgnoreMelee, IgnoreMisc, IgnoreRanged",7,0
1952,CRYSTAL_7,Crystal,1,15,1,0,0,0,0,100,99,1,1,1,1,999,1,Small,Formless,Neutral,1,0,190,0,0,0,25,Boss,"IgnoreMagic, IgnoreMelee, IgnoreMisc, IgnoreRanged",7,0
1953,CRYSTAL_8,Crystal,1,15,1,0,0,0,0,100,99,1,1,1,1,999,1,Small,Formless,Neutral,1,0,190,0,0,0,25,Boss,"IgnoreMagic, IgnoreMelee, IgnoreMisc, IgnoreRanged",7,0
1954,CRYSTAL_9,Crystal,1,15,1,0,0,0,0,100,99,1,1,1,1,999,1,Small,Formless,Neutral,1,0,190,0,0,0,25,Boss,"IgnoreMagic, IgnoreMelee, IgnoreMisc, IgnoreRanged",7,0
1955,TREASURE_BOX_I,Treasure Chest,99,1,1,0,0,0,0,0,0,0,0,0,0,999,0,Small,Formless,Neutral,1,0,,0,0,0,06,Boss,,2,0
1956,NAGHT_SIEGER,Naght Sieger,99,8000000,1,4000000,2000000,32000,64000,60,40,1,50,80,220,220,30,Large,Demon,Ghost,4,2,100,76,432,504,21,Boss,,7,0
1957,ENTWEIHEN,Entweihen Crothen,90,5400000,1,2700000,1350000,32000,40000,44,66,1,70,40,250,220,30,Medium,Demon,Dark,4,12,,140,540,576,10,Boss,,8,0
1958,G_ENTWEIHEN_R,Thorny Skeleton,89,5400000,1,0,0,4040,4720,44,66,1,35,33,180,125,30,Small,Demon,Dark,4,12,,432,288,576,27,Boss,,0,0
1959,G_ENTWEIHEN_H,Thorn of Recovery,89,350000,1,0,0,2040,2720,44,66,1,35,33,180,125,30,Small,Demon,Ghost,4,12,,2864,288,576,27,Boss,,0,0
1960,G_ENTWEIHEN_M,Thorn of Magic,89,5400000,1,0,0,2040,2720,44,66,1,35,33,180,125,30,Small,Demon,Dark,4,12,,1024,288,576,27,Boss,,0,0
1961,G_ENTWEIHEN_S,Thorn of Purification,89,5400000,1,0,0,2040,2720,44,66,1,35,33,180,125,30,Small,Demon,Dark,4,12,,2864,288,576,10,Boss,,0,0
1962,ANTONIO_,Christmas Thief,10,15,1,0,0,13,20,100,99,1,1,1,50,100,100,Medium,Demihuman,Neutral,1,1,100,720,720,432,2,Normal,,0,0
1963,P_CHUNG_E,New Year Doll,49,23900,1,2396,993,460,1050,8,15,38,65,43,30,90,15,Medium,Demihuman,Neutral,2,1,170,1728,816,1188,21,Normal,,0,0
1964,NIGHTMARE_T,Nightmare,30,2000,1,512,387,100,200,0,40,1,100,1,1,100,1,Large,Brute,Ghost,3,1,150,1816,816,432,06,Boss,,3,0
1965,M_WILD_ROSE,Wild Rose,38,4000,50,0,0,100,145,0,15,0,85,15,35,65,80,Small,Brute,Wind,1,1,100,964,864,288,06,Normal,,0,0
1966,M_DOPPELGANGER,Doppelganger,72,7800,200,0,0,200,250,30,20,0,38,30,35,65,65,Medium,Demon,Dark,3,1,100,300,480,288,06,Boss,,0,0
1967,M_YGNIZEM,Egnigem Cenia,79,7800,200,0,0,200,250,30,20,0,38,30,35,65,65,Medium,Demihuman,Fire,2,1,100,300,480,288,06,Boss,,0,0
1968,E_STROUF,Strouf,48,11990,1,6160,4196,200,1250,5,50,1,40,45,92,43,65,Large,Fish,Water,3,1,150,1872,672,384,06,Normal,,8,0
1969,E_MARC,Marc,36,6900,1,1976,1250,220,280,5,10,1,36,36,20,56,30,Medium,Fish,Water,2,1,150,1272,72,480,06,Normal,,8,0
1970,E_OBEAUNE,Obeune,31,3952,1,1288,814,141,165,0,40,1,31,31,55,74,85,Medium,Fish,Water,2,1,200,1872,672,288,06,Normal,,8,0
1971,E_VADON,Vadon,19,1017,1,270,170,74,85,20,0,1,19,16,10,36,15,Small,Fish,Water,1,1,300,1632,432,540,06,Normal,,8,0
1972,E_MARINA,Marina,21,2087,1,436,280,84,106,0,5,1,21,21,0,36,10,Small,Plant,Water,2,1,400,2280,1080,864,06,Normal,,7,0
1973,E_PORING,Poring,1,50,1,2,1,7,10,0,5,1,1,1,0,6,30,Medium,Plant,Water,1,1,400,1872,672,480,06,Normal,,5,0
1974,BANSHEE_MASTER,Banshee Master,84,47222,1,30000,24000,2666,3609,20,40,30,74,1,180,105,1,Medium,Demon,Dark,2,2,150,676,504,504,20,Normal,Detector,8,0
1975,BEHOLDER_MASTER,Beholder master,70,24150,1,9000,11400,1723,2300,17,30,60,62,25,89,85,32,Medium,Formless,Wind,2,6,190,336,840,360,20,Normal,,7,0
1976,COBALT_MINERAL,Cobalt Mineral,72,29665,1,12332,10379,1446,2979,40,30,60,77,35,57,77,32,Medium,Formless,Neutral,2,1,200,648,480,360,20,Normal,,8,0
1977,HEAVY_METALING,Heavy Metaling,73,28433,1,9320,8831,1350,1700,40,30,30,65,28,40,77,2,Small,Formless,Neutral,1,1,200,384,672,480,20,Normal,,7,0
1978,HELL_APOCALIPS,Hell Apocalypse,86,65433,1,46666,32000,5733,6073,62,23,1,48,30,98,110,85,Large,Formless,Neutral,3,2,250,1840,1440,384,20,Normal,,8,0
1979,ZAKUDAM,Zakudam,82,43699,1,27213,16300,2000,3227,30,30,65,65,35,75,80,15,Large,Demihuman,Neutral,3,3,180,580,288,360,21,Normal,,7,0
1980,KUBLIN,Kublin,85,1176000,1,100000,100000,1180,1400,20,10,1,106,25,40,72,20,Medium,Demihuman,Earth,1,1,100,964,648,300,21,Boss,Mvp,5,1
1981,I_HIGH_ORC,Safeguard Chief,88,111111,1,3618,1639,428,533,15,5,55,46,55,35,82,40,Large,Demihuman,Fire,2,1,150,1500,500,1000,21,Normal,,0,0
1982,I_ORC_ARCHER,Orc Sniper,85,62000,1,1729,1787,1310,1390,10,5,1,44,25,20,125,20,Medium,Demihuman,Earth,1,9,300,1960,620,480,09,Normal,,0,0
1983,I_ORC_SKELETON,Depraved Orc Spirit,87,80087,1,4501,67,896,1159,14,30,1,31,41,93,67,30,Medium,Undead,Undead,1,1,130,2420,720,648,4,Normal,,0,0
1984,I_ORC_LADY,Shaman Cargalache,58,50058,1,4870,98,823,1212,35,10,60,35,52,18,79,20,Medium,Demihuman,Earth,2,1,145,1050,900,288,21,Normal,,0,0
1985,DANDELION,Dandelion Member,37,5176,1,0,0,305,360,0,10,28,19,32,0,63,20,Medium,Demihuman,Dark,2,1,250,1772,72,384,21,Normal,,0,0
1986,TATACHO,Tatacho,106,39500,1,23700,13825,10000,11000,20,17,106,40,30,25,115,6,Medium,Brute,Earth,1,2,150,1000,768,360,7,Normal,,7,0
1987,CENTIPEDE,Centipede,110,45662,1,27397,15982,15000,16000,40,25,112,43,30,5,131,12,Medium,Insect,Poison,2,2,150,1000,792,336,21,Normal,Detector,8,0
1988,NEPENTHES,Nepenthes,75,10350,1,5175,2587,415,565,25,10,75,20,30,5,65,5,Medium,Plant,Poison,2,7,1000,500,576,504,10,Normal,,7,0
1989,HILLSRION,Hillslion,105,34600,1,20760,12110,5000,5500,28,15,105,60,30,15,115,5,Small,Brute,Earth,1,1,100,400,780,576,13,Normal,,8,0
1990,HARDROCK_MOMMOTH,Hardrock Mammoth,115,4137000,1,827400,413700,30000,36000,50,60,115,35,1,30,150,15,Large,Brute,Earth,3,2,150,1000,660,588,21,Boss,,7,0
1991,TENDRILRION,Tendrilion,113,3657330,1,731466,365733,20000,24000,33,30,113,60,1,45,147,13,Medium,Brute,Earth,2,2,100,500,960,360,21,Boss,,7,0
1992,CORNUS,Cornus,108,41220,1,30854,4427,12000,13000,35,80,110,45,80,200,105,10,Medium,Brute,Holy,3,2,120,1000,624,300,3,Normal,,8,0
1993,NAGA,Naga,111,46708,1,30360,16348,8000,8800,38,15,113,42,30,108,122,13,Large,Brute,Earth,2,3,150,400,864,432,21,Normal,,7,0
1994,LUCIOLA_VESPA,Luciola Vespa,104,32600,1,16300,11410,9000,9900,29,5,104,56,30,20,116,4,Medium,Insect,Wind,1,1,110,1000,864,432,08,Normal,Detector,8,0
1995,PINGUICULA,Pinguicula,80,13680,1,6840,3420,600,720,25,5,102,23,30,10,86,2,Medium,Plant,Earth,3,1,150,700,600,360,13,Normal,,7,0
1997,G_TATACHO,Tatacho,106,39500,1,0,0,10000,11000,20,17,106,40,30,25,115,6,Medium,Brute,Earth,1,2,150,1000,768,360,7,Normal,,0,0
1998,G_HILLSRION,Hillslion,105,34600,1,0,0,5000,5500,28,15,105,60,30,15,115,5,Small,Brute,Earth,1,1,100,400,780,576,13,Normal,,0,0
1999,CENTIPEDE_LARVA,Centipede Larva,80,12000,1,3600,4800,948,1115,20,20,80,33,15,3,75,10,Small,Insect,Poison,1,2,150,1000,792,336,21,Normal,Detector,7,0
2008,WOOMAWANG,Woomawang,82,4000000,1,100000,100000,8000,10000,40,40,60,110,200,250,166,66,Large,Demon,Ghost,2,3,250,828,528,192,21,Normal,,0,0
2009,WOOMAWANG_,Woomawang,82,2000000,1,100000,100000,16000,20000,40,40,60,110,200,250,166,66,Medium,Demon,Ghost,2,1,100,414,1080,336,21,Normal,,1,0
2010,G_MAJORUROS,Ox,66,500000,1,10,10,1200,3200,25,15,65,50,20,20,85,48,Large,Demon,Ghost,1,1,250,1100,960,780,06,Boss,,0,0
2013,DRACO,Draco,82,18300,1,6100,4100,410,710,10,5,1,23,30,34,62,2,Medium,Dragon,Earth,1,1,250,576,960,504,3,Normal,,7,0
2014,DRACO_EGG,Draco Egg,67,9822,1,1200,1600,1,2,56,40,1,1,56,34,1,63,Medium,Dragon,Earth,4,0,1000,24,1,1,06,Normal,,2,0
2015,PINGUICULA_D,Dark Pinguicula,83,8780,1,7740,5200,600,1450,15,5,1,23,22,12,89,2,Medium,Plant,Poison,2,1,290,1426,600,360,13,Normal,,5,0
2016,AQUA_ELEMENTAL,Aqua Elemental,83,33220,1,5430,15300,400,1600,8,12,1,23,19,87,77,2,Large,Formless,Water,4,1,230,504,960,576,09,Normal,,4,0
2017,RATA,Rata,107,216600,1,70012,34000,8000,15000,32,52,1,51,22,132,99,15,Medium,Demihuman,Earth,3,1,150,792,540,420,20,Normal,,4,0
2018,DUNEYRR,Duneyrr,107,265100,1,83030,52000,16000,19000,39,35,1,60,45,89,105,15,Medium,Demihuman,Earth,3,1,200,672,420,360,20,Normal,,6,0
2019,ANCIENT_TREE,Ancient Tree,102,30030,1,11020,8900,13200,17400,39,43,1,30,73,58,45,30,Large,Plant,Earth,3,1,290,504,960,576,13,Normal,,5,0
2020,RHYNCHO,Rhyncho,85,18900,1,2040,6000,350,2300,5,19,1,56,12,35,89,10,Medium,Formless,Water,3,1,240,576,660,420,13,Normal,,3,0
2021,PHYLLA,Phylla,85,23880,1,3040,6600,350,2550,8,22,1,59,15,25,99,10,Medium,Formless,Water,3,10,240,360,780,432,5,Normal,,3,0
2022,S_NYDHOG,Nidhoggr's Shadow,117,3450000,1,4800000,3900000,17000,49000,60,75,1,34,62,236,188,34,Large,Dragon,Dark,4,2,150,1596,1620,864,21,Boss,Mvp,7,3
2023,DARK_SHADOW,Dark Shadow,114,42900,1,21000,14000,10000,15000,35,44,1,23,12,145,102,60,Small,Formless,Dark,2,1,220,768,1776,648,09,Normal,Detector,7,0
2024,BRADIUM_GOLEM,Bradium Golem,101,45200,1,14000,18920,12000,13000,78,22,0,10,82,25,60,12,Large,Formless,Earth,2,1,300,1008,1200,540,20,Normal,,4,0
2026,DANDELION_,Runaway Dandelion Member,90,552000,1,50000,25000,3050,4300,25,35,1,66,66,45,88,66,Medium,Demihuman,Dark,1,1,230,1772,72,384,21,Normal,,8,0
2027,G_DARK_SHADOW,Dark Shadow,114,42900,1,0,0,10000,15000,35,44,1,23,12,145,102,60,Small,Formless,Dark,2,1,220,768,1776,648,21,Normal,Detector,0,0
2030,HIDEN_PRIEST,Hiden Priest,90,240000,1,0,0,1300,1983,0,30,1,32,40,100,82,40,Large,Demon,Undead,4,2,150,432,432,360,21,Boss,,1,0
2031,DANDELION_H,Dandelion,80,120000,1,0,0,305,610,0,10,1,19,32,0,63,20,Medium,Demihuman,Dark,2,1,250,1772,72,384,21,Boss,,1,0
2042,SILVERSNIPER,Silver Sniper,100,4500,1,0,0,300,300,80,10,10,60,10,10,100,10,Medium,Formless,Neutral,1,9,1000,504,1020,360,10,Normal,,1,0
2043,MAGICDECOY_FIRE,Magic Decoy,100,2500,1,0,0,150,150,16,60,10,10,10,100,50,10,Medium,Formless,Fire,1,7,1000,504,1020,360,6,Normal,,1,0
2044,MAGICDECOY_WATER,Magic Decoy,100,2500,1,0,0,150,150,16,60,10,10,10,100,50,10,Medium,Formless,Water,1,7,1000,504,1020,360,6,Normal,,1,0
2045,MAGICDECOY_EARTH,Magic Decoy,100,2500,1,0,0,150,150,16,60,10,10,10,100,50,10,Medium,Formless,Earth,1,7,1000,504,1020,360,6,Normal,,1,0
2046,MAGICDECOY_WIND,Magic Decoy,100,2500,1,0,0,150,150,16,60,10,10,10,100,50,10,Medium,Formless,Wind,1,7,1000,504,1020,360,6,Normal,,1,0
2047,W_NAGA,Naga,99,46708,1,0,0,492,605,61,15,113,42,30,18,122,13,Large,Brute,Earth,2,3,150,400,864,432,21,Normal,,1,0
2049,W_BRADIUM_GOLEM,Bradium Golem,99,45200,1,0,0,720,886,125,18,0,10,82,2,60,12,Large,Formless,Earth,2,1,300,1008,1200,540,4,Normal,CastSensorIdle,1,0
2057,E_CRAMP,Cramp,1,50,1,0,0,7,10,0,5,1,1,1,1,6,30,Medium,Plant,Water,1,1,400,1872,672,480,06,Boss,,0,0
2068,BOITATA,Boitata,93,1283990,1,74288,77950,3304,4266,32,66,140,99,30,109,100,90,Large,Brute,Fire,3,2,200,1152,1152,576,21,Boss,Mvp,7,3
2069,IARA,Iara,79,18952,1,5517,1500,614,713,0,76,69,14,41,60,69,20,Medium,Fish,Water,3,1,200,384,672,288,17,Normal,,7,0
2070,PIRANHA,Piranha,75,15882,1,3877,2023,549,590,7,12,69,45,30,30,66,35,Large,Fish,Water,3,1,200,768,480,864,4,Normal,,7,0
2071,HEADLESS_MULE,Headless Mule,80,20065,1,6666,4111,903,960,33,44,68,51,50,35,67,20,Large,Demon,Fire,3,1,165,1216,816,432,4,Normal,Detector,7,0
2072,JAGUAR,Jaguar,71,12590,1,1820,1012,538,580,44,15,69,30,45,5,59,5,Medium,Brute,Earth,2,1,150,576,1248,480,17,Normal,,5,0
2073,TOUCAN,Toucan,70,10555,1,1002,1552,478,513,12,12,54,14,40,35,44,10,Medium,Brute,Wind,2,1,155,960,1440,960,3,Normal,,5,0
2074,CURUPIRA,Curupira,68,8669,1,1209,850,409,444,42,12,32,23,38,20,45,10,Medium,Demihuman,Earth,1,1,250,528,480,384,7,Normal,,5,0
2076,S_WIND_GHOST,Shadow of Deception,105,190800,1,0,0,462,957,64,51,62,44,25,105,85,20,Medium,Demon,Wind,3,1,150,1056,1056,336,21,Normal,Detector,0,0
2077,S_SKOGUL,Shadow of Illusion,105,244400,1,0,0,910,1166,72,15,100,88,63,99,95,37,Medium,Demon,Dark,3,1,190,720,384,480,20,Normal,Detector,0,0
2078,S_SUCCUBUS,Shadow of Pleasure,105,206660,1,0,0,880,1204,76,48,100,70,45,110,102,85,Medium,Demon,Dark,3,1,155,1306,1056,288,21,Normal,Detector,0,0
2081,E_HYDRA,Strange Hydra,14,660,1,0,0,22,28,100,100,1,14,14,1,40,2,Small,Plant,Water,2,7,1000,800,432,600,06,Guardian,,0,0
2082,G_PIRANHA,Piranha,75,15882,1,0,0,549,590,7,12,69,45,30,30,66,35,Large,Fish,Water,3,1,200,768,480,864,20,Normal,,0,0
